Area,Item,Actual_Yield,Predicted_Yield,Error
Albania,Maize,39460,37450.83,2009.1699999999983
Albania,Potatoes,153868,142902.59,10965.410000000003
Albania,Soybeans,20000,18291.79,1708.2099999999991
Albania,Wheat,31617,28468.915,3148.084999999999
Albania,Maize,46197,35193.8,11003.199999999997
Albania,Potatoes,149346,132475.91,16870.089999999997
Albania,Soybeans,13333,17754.48,-4421.48
Albania,Wheat,31130,28206.21,2923.790000000001
Albania,Maize,45442,33961.785,11480.214999999997
Albania,Potatoes,167061,136162.375,30898.625
Albania,Soybeans,17500,17464.91,35.090000000000146
Albania,Wheat,31582,26335.79,5246.209999999999
Albania,Maize,50111,31431.92,18679.08
Albania,Potatoes,170745,137199.555,33545.44500000001
Albania,Soybeans,20000,17864.9,2135.0999999999985
Albania,Wheat,30787,25488.67,5298.330000000002
Albania,Maize,46732,30840.155,15891.845000000001
Albania,Potatoes,188902,137892.23,51009.76999999999
Albania,Soybeans,20000,19546.765,453.2350000000006
Albania,Wheat,35496,24792.755,10703.244999999999
Albania,Maize,50000,29872.23,20127.77
Albania,Potatoes,193878,135844.105,58033.89499999999
Albania,Soybeans,20000,19457.505,542.494999999999
Albania,Wheat,40168,24466.68,15701.32
Albania,Maize,55693,29846.75,25846.25
Albania,Potatoes,219780,134868.355,84911.64499999999
Albania,Soybeans,16667,19527.1,-2860.0999999999985
Albania,Wheat,40229,24399.085,15829.915
Albania,Maize,66790,31782.395,35007.604999999996
Albania,Potatoes,231111,132388.825,98722.17499999999
Albania,Soybeans,16667,19843.365,-3176.3650000000016
Albania,Wheat,39905,23491.02,16413.98
Albania,Maize,59869,31954.03,27914.97
Albania,Potatoes,242211,133296.44,108914.56
Albania,Soybeans,18519,19843.365,-1324.3650000000016
Albania,Wheat,42301,23667.95,18633.05
Albania,Maize,67290,37207.53,30082.47
Albania,Potatoes,250538,140616.19,109921.81
Albania,Soybeans,13333,18280.915,-4947.915000000001
Albania,Wheat,41096,29261.275,11834.724999999999
Albania,Maize,69533,31015.165,38517.835
Albania,Potatoes,260110,136582.45,123527.54999999999
Albania,Soybeans,10000,19380.165,-9380.165
Albania,Wheat,41292,24328.02,16963.98
Algeria,Maize,33480,24927.375,8552.625
Algeria,Potatoes,183774,150901.985,32872.015000000014
Algeria,"Rice, paddy",12959,17278.64,-4319.639999999999
Algeria,Sorghum,33900,33975.12,-75.12000000000262
Algeria,Wheat,10739,11961.63,-1222.6299999999992
Algeria,Maize,31729,23508.66,8220.34
Algeria,Potatoes,203585,124647.01,78937.99
Algeria,"Rice, paddy",12829,26349.77,-13520.77
Algeria,Sorghum,43316,29004.61,14311.39
Algeria,Wheat,13582,12717.955,864.0450000000001
Algeria,Maize,33864,23615.505,10248.494999999999
Algeria,Potatoes,216267,122589.445,93677.555
Algeria,"Rice, paddy",12998,26305.13,-13307.130000000001
Algeria,Sorghum,33486,29159.215,4326.785
Algeria,Wheat,15057,12718.79,2338.209999999999
Algeria,Maize,65668,20794.75,44873.25
Algeria,Potatoes,220689,132331.455,88357.54500000001
Algeria,"Rice, paddy",12769,32308.68,-19539.68
Algeria,Sorghum,56728,30002.295,26725.705
Algeria,Wheat,15068,12526.68,2541.3199999999997
Algeria,Maize,85625,22768.735,62856.265
Algeria,Potatoes,189927,136704.845,53222.155
Algeria,"Rice, paddy",13375,26304.685,-12929.685000000001
Algeria,Sorghum,119059,27680.435,91378.565
Algeria,Wheat,12742,13099.375,-357.375
Algeria,Maize,44714,20862.97,23851.03
Algeria,Potatoes,236393,164566.385,71826.61499999999
Algeria,"Rice, paddy",13952,28644.17,-14692.169999999998
Algeria,Sorghum,61786,26270.765,35515.235
Algeria,Wheat,11038,12836.53,-1798.5300000000007
Algeria,Maize,30914,21448.83,9465.169999999998
Algeria,Potatoes,250764,128692.705,122071.295
Algeria,"Rice, paddy",14594,32610.155,-18016.155
Algeria,Sorghum,90465,31968.685,58496.315
Algeria,Wheat,15975,12180.79,3794.209999999999
Algeria,Maize,25827,23791.69,2035.3100000000013
Algeria,Potatoes,270526,123784.585,146741.41499999998
Algeria,"Rice, paddy",15305,25336.215,-10031.215
Algeria,Sorghum,30286,30202.67,83.33000000000175
Algeria,Wheat,14838,12809.64,2028.3600000000006
Algeria,Maize,23374,18884.095,4489.904999999999
Algeria,Potatoes,292806,174994.9,117811.1
Algeria,"Rice, paddy",16081,32593.285,-16512.285
Algeria,Sorghum,100000,30141.815,69858.185
Algeria,Wheat,17405,13709.31,3695.6900000000005
Algeria,Maize,25583,19151.8,6431.200000000001
Algeria,Potatoes,304291,175566.905,128724.095
Algeria,"Rice, paddy",16667,34644.74,-17977.739999999998
Algeria,Sorghum,206000,33875.115,172124.885
Algeria,Wheat,17639,15072.125,2566.875
Algeria,Maize,33649,21162.46,12486.54
Algeria,Potatoes,303218,172278.89,130939.10999999999
Algeria,"Rice, paddy",17778,28938.635,-11160.634999999998
Algeria,Sorghum,60000,25837.085,34162.915
Algeria,Wheat,19100,13600.735,5499.264999999999
Angola,Cassava,110071,88073.535,21997.464999999997
Angola,Maize,6706,7235.195,-529.1949999999997
Angola,Potatoes,42754,45029.505,-2275.5049999999974
Angola,"Rice, paddy",13198,16007.905,-2809.9050000000007
Angola,Sorghum,3400,4588.87,-1188.87
Angola,Soybeans,2857,3496.54,-639.54
Angola,Sweet potatoes,42190,55817.13,-13627.129999999997
Angola,Wheat,15455,16244.615,-789.6149999999998
Angola,Cassava,125605,82442.79,43162.21000000001
Angola,Maize,5404,6376.87,-972.8699999999999
Angola,Potatoes,20150,54933.39,-34783.39
Angola,"Rice, paddy",11584,14638.67,-3054.67
Angola,Sorghum,3333,3997.425,-664.4250000000002
Angola,Soybeans,3600,3379.895,220.10500000000002
Angola,Sweet potatoes,45360,59020.695,-13660.695
Angola,Wheat,12442,14989.79,-2547.790000000001
Angola,Cassava,117628,87149.575,30478.425000000003
Angola,Maize,6736,6203.22,532.7799999999997
Angola,Potatoes,23646,40097.11,-16451.11
Angola,"Rice, paddy",6977,13796.695,-6819.695
Angola,Sorghum,3333,3997.425,-664.4250000000002
Angola,Soybeans,3793,3194.205,598.7950000000001
Angola,Sweet potatoes,46159,47209.155,-1050.1549999999988
Angola,Wheat,10946,16301.01,-5355.01
Angola,Cassava,117201,82248.855,34952.145000000004
Angola,Maize,4687,6304.875,-1617.875
Angola,Potatoes,52148,54882.04,-2734.040000000001
Angola,"Rice, paddy",4947,14995.665,-10048.665
Angola,Sorghum,4091,3997.425,93.57499999999982
Angola,Soybeans,4286,3427.515,858.4850000000001
Angola,Sweet potatoes,44240,58903.155,-14663.154999999999
Angola,Wheat,10000,14711.48,-4711.48
Angola,Cassava,115387,82442.79,32944.21000000001
Angola,Maize,5091,6366.475,-1275.4750000000004
Angola,Potatoes,62138,54607.52,7530.480000000003
Angola,"Rice, paddy",5143,14605.94,-9462.94
Angola,Sorghum,4031,3997.425,33.57499999999982
Angola,Soybeans,6883,3294.52,3588.48
Angola,Sweet potatoes,58855,59020.695,-165.6949999999997
Angola,Wheat,10000,15056.07,-5056.07
Angola,Cassava,148084,82724.29,65359.71000000001
Angola,Maize,7946,6276.055,1669.9449999999997
Angola,Potatoes,85085,51357.425,33727.575
Angola,"Rice, paddy",5084,14187.19,-9103.19
Angola,Sorghum,929,3997.425,-3068.425
Angola,Soybeans,8575,3294.52,5280.48
Angola,Sweet potatoes,65437,57562.87,7874.129999999997
Angola,Wheat,10000,16079.495,-6079.495000000001
Angola,Cassava,151759,83085.85,68673.15
Angola,Maize,6614,6276.055,337.9449999999997
Angola,Potatoes,86509,50364.605,36144.395
Angola,"Rice, paddy",6028,14029.525,-8001.525
Angola,Sorghum,2480,3997.425,-1517.4250000000002
Angola,Soybeans,4449,3294.52,1154.48
Angola,Sweet potatoes,66475,55328.625,11146.375
Angola,Wheat,10000,16252.58,-6252.58
Angola,Cassava,155782,89420.975,66361.025
Angola,Maize,7200,6368.855,831.1450000000004
Angola,Potatoes,87425,42440.505,44984.495
Angola,"Rice, paddy",7403,13837.45,-6434.450000000001
Angola,Sorghum,2814,4045.025,-1231.025
Angola,Soybeans,4446,3230.11,1215.8899999999999
Angola,Sweet potatoes,63001,48970.355,14030.644999999997
Angola,Wheat,10526,16327.315,-5801.3150000000005
Angola,Cassava,133649,82248.855,51400.145000000004
Angola,Maize,7376,6304.875,1071.125
Angola,Potatoes,81366,54882.04,26483.96
Angola,"Rice, paddy",8914,14995.665,-6081.665000000001
Angola,Sorghum,3320,3997.425,-677.4250000000002
Angola,Soybeans,5294,3427.515,1866.4850000000001
Angola,Sweet potatoes,65512,58903.155,6608.845000000001
Angola,Wheat,10959,14711.48,-3752.4799999999996
Angola,Cassava,100073,82442.79,17630.210000000006
Angola,Maize,7770,6366.475,1403.5249999999996
Angola,Potatoes,69381,54607.52,14773.480000000003
Angola,"Rice, paddy",7703,14605.94,-6902.9400000000005
Angola,Sorghum,998,3997.425,-2999.425
Angola,Soybeans,1641,3294.52,-1653.52
Angola,Sweet potatoes,52954,59020.695,-6066.695
Angola,Wheat,11258,15056.07,-3798.0699999999997
Angola,Cassava,140517,88990.255,51526.744999999995
Angola,Maize,9467,6412.465,3054.535
Angola,Potatoes,63303,43827.54,19475.46
Angola,"Rice, paddy",12744,14031.005,-1287.0049999999992
Angola,Sorghum,2415,4199.68,-1784.6800000000003
Angola,Soybeans,4405,3399.865,1005.1350000000002
Angola,Sweet potatoes,73409,50002.915,23406.085
Angola,Wheat,9022,16109.2,-7087.200000000001
Argentina,Cassava,100000,101064.16,-1064.1600000000035
Argentina,Cassava,100000,101064.16,-1064.1600000000035
Argentina,Maize,60791,54374.375,6416.625
Argentina,Maize,60791,50947.58,9843.419999999998
Argentina,Potatoes,251347,280597.295,-29250.294999999984
Argentina,Potatoes,251347,280784.64,-29437.640000000014
Argentina,"Rice, paddy",57197,52568.26,4628.739999999998
Argentina,"Rice, paddy",57197,55323.59,1873.4100000000035
Argentina,Sorghum,52691,46360.755,6330.245000000003
Argentina,Sorghum,52691,42679.99,10011.010000000002
Argentina,Soybeans,26304,24798.615,1505.3849999999984
Argentina,Soybeans,26304,23966.96,2337.040000000001
Argentina,Sweet potatoes,155890,157550.7,-1660.7000000000116
Argentina,Sweet potatoes,155890,158417.115,-2527.1149999999907
Argentina,Wheat,22398,24294.39,-1896.3899999999994
Argentina,Wheat,22398,24613.245,-2215.244999999999
Argentina,Cassava,100000,101064.16,-1064.1600000000035
Argentina,Cassava,100000,101064.16,-1064.1600000000035
Argentina,Maize,63931,54041.135,9889.864999999998
Argentina,Maize,63931,50790.735,13140.265
Argentina,Potatoes,288717,280125.065,8591.934999999998
Argentina,Potatoes,288717,280036.135,8680.86499999999
Argentina,"Rice, paddy",62661,53344.98,9316.019999999997
Argentina,"Rice, paddy",62661,55313.295,7347.705000000002
Argentina,Sorghum,45531,46700.83,-1169.8300000000017
Argentina,Sorghum,45531,42567.99,2963.010000000002
Argentina,Soybeans,22075,24736.8,-2661.7999999999993
Argentina,Soybeans,22075,23866.51,-1791.5099999999984
Argentina,Sweet potatoes,154867,157207.465,-2340.4649999999965
Argentina,Sweet potatoes,154867,158417.115,-3550.1149999999907
Argentina,Wheat,25441,24623.545,817.4550000000017
Argentina,Wheat,25441,24623.33,817.6699999999983
Argentina,Cassava,100000,101064.16,-1064.1600000000035
Argentina,Cassava,100000,101064.16,-1064.1600000000035
Argentina,Maize,73587,54303.14,19283.86
Argentina,Maize,73587,53897.35,19689.65
Argentina,Potatoes,283917,279139.4,4777.599999999977
Argentina,Potatoes,283917,280431.32,3485.679999999993
Argentina,"Rice, paddy",60165,52789.065,7375.934999999998
Argentina,"Rice, paddy",60165,55923.82,4241.18
Argentina,Sorghum,51872,45629.735,6242.264999999999
Argentina,Sorghum,51872,45019.46,6852.540000000001
Argentina,Soybeans,27287,25071.76,2215.2400000000016
Argentina,Soybeans,27287,24881.53,2405.470000000001
Argentina,Sweet potatoes,154472,157668.725,-3196.725000000006
Argentina,Sweet potatoes,154472,158063.005,-3591.0050000000047
Argentina,Wheat,26356,24546.16,1809.8400000000001
Argentina,Wheat,26356,24507.345,1848.6549999999988
Argentina,Cassava,100000,101064.16,-1064.1600000000035
Argentina,Cassava,100000,101064.16,-1064.1600000000035
Argentina,Maize,59030,50790.735,8239.265
Argentina,Maize,59030,50664.445,8365.555
Argentina,Potatoes,285828,280509.475,5318.525000000023
Argentina,Potatoes,285828,279990.815,5837.184999999998
Argentina,"Rice, paddy",70610,55313.295,15296.705000000002
Argentina,"Rice, paddy",70610,55247.065,15362.934999999998
Argentina,Sorghum,46778,42567.99,4210.010000000002
Argentina,Sorghum,46778,43010.72,3767.279999999999
Argentina,Soybeans,26793,23855.51,2937.4900000000016
Argentina,Soybeans,26793,23547.635,3245.3650000000016
Argentina,Sweet potatoes,143478,158417.115,-14939.11499999999
Argentina,Sweet potatoes,143478,157566.825,-14088.825000000012
Argentina,Wheat,25302,24606.23,695.7700000000004
Argentina,Wheat,25302,24745.635,556.3650000000016
Argentina,Cassava,100000,101023.725,-1023.7250000000058
Argentina,Cassava,100000,101064.16,-1064.1600000000035
Argentina,Maize,76655,53077.47,23577.53
Argentina,Maize,76655,53632.475,23022.525
Argentina,Potatoes,286765,272759.5,14005.5
Argentina,Potatoes,286765,272550.56,14214.440000000002
Argentina,"Rice, paddy",65604,52509.92,13094.080000000002
Argentina,"Rice, paddy",65604,53404.915,12199.085
Argentina,Sorghum,47021,44217.005,2803.9950000000026
Argentina,Sorghum,47021,45661.055,1359.9449999999997
Argentina,Soybeans,29712,23640.13,6071.869999999999
Argentina,Soybeans,29712,24580.99,5131.009999999998
Argentina,Sweet potatoes,141667,138834.93,2832.070000000007
Argentina,Sweet potatoes,141667,139164.8,2502.2000000000116
Argentina,Wheat,26234,25051.825,1182.1749999999993
Argentina,Wheat,26234,24603.045,1630.9550000000017
Argentina,Cassava,100000,101064.16,-1064.1600000000035
Argentina,Cassava,100000,101064.16,-1064.1600000000035
Argentina,Maize,64525,53156.55,11368.449999999997
Argentina,Maize,64525,50176.08,14348.919999999998
Argentina,Potatoes,279412,278338.73,1073.2700000000186
Argentina,Potatoes,279412,277917.715,1494.2849999999744
Argentina,"Rice, paddy",68278,56113.725,12164.275000000001
Argentina,"Rice, paddy",68278,54897.535,13380.464999999997
Argentina,Sorghum,47474,46384.295,1089.7050000000017
Argentina,Sorghum,47474,42914.855,4559.144999999997
Argentina,Soybeans,28216,24991.15,3224.8499999999985
Argentina,Soybeans,28216,24077.99,4138.009999999998
Argentina,Sweet potatoes,145105,183985.275,-38880.274999999994
Argentina,Sweet potatoes,145105,183550.895,-38445.89499999999
Argentina,Wheat,28271,24937.265,3333.7350000000006
Argentina,Wheat,28271,24917.115,3353.8849999999984
Argentina,Cassava,101695,101064.16,630.8399999999965
Argentina,Cassava,101695,101064.16,630.8399999999965
Argentina,Maize,55760,51120.24,4639.760000000002
Argentina,Maize,55760,51456.5,4303.5
Argentina,Potatoes,284439,271788.33,12650.669999999984
Argentina,Potatoes,284439,272037.52,12401.479999999981
Argentina,"Rice, paddy",68842,55134.38,13707.620000000003
Argentina,"Rice, paddy",68842,55378.66,13463.339999999997
Argentina,Sorghum,38752,42305.98,-3553.980000000003
Argentina,Sorghum,38752,42264.995,-3512.9950000000026
Argentina,Soybeans,18480,23908.61,-5428.610000000001
Argentina,Soybeans,18480,23957.865,-5477.865000000002
Argentina,Sweet potatoes,151208,176885.36,-25677.359999999986
Argentina,Sweet potatoes,151208,177088.13,-25880.130000000005
Argentina,Wheat,19628,24626.065,-4998.064999999999
Argentina,Wheat,19628,24537.98,-4909.98
Argentina,Cassava,101000,101064.16,-64.16000000000349
Argentina,Cassava,101000,101064.16,-64.16000000000349
Argentina,Maize,78040,53718.6,24321.4
Argentina,Maize,78040,52566.83,25473.17
Argentina,Potatoes,289849,277107.44,12741.559999999998
Argentina,Potatoes,289849,277748.09,12100.909999999974
Argentina,"Rice, paddy",57646,52628.0,5018.0
Argentina,"Rice, paddy",57646,55659.73,1986.2699999999968
Argentina,Sorghum,48163,45906.065,2256.9349999999977
Argentina,Sorghum,48163,44222.455,3940.5449999999983
Argentina,Soybeans,29053,24935.57,4117.43
Argentina,Soybeans,29053,24867.425,4185.575000000001
Argentina,Sweet potatoes,149382,184625.055,-35243.05499999999
Argentina,Sweet potatoes,149382,184325.14,-34943.140000000014
Argentina,Wheat,27113,24670.67,2442.3300000000017
Argentina,Wheat,27113,24598.005,2514.994999999999
Argentina,Cassava,100000,101064.16,-1064.1600000000035
Argentina,Cassava,100000,101064.16,-1064.1600000000035
Argentina,Maize,63503,53736.785,9766.214999999997
Argentina,Maize,63503,50154.93,13348.07
Argentina,Potatoes,286657,278920.375,7736.625
Argentina,Potatoes,286657,278666.0,7991.0
Argentina,"Rice, paddy",67901,52286.955,15614.044999999998
Argentina,"Rice, paddy",67901,55301.335,12599.665
Argentina,Sorghum,44029,46234.745,-2205.7450000000026
Argentina,Sorghum,44029,43416.925,612.0749999999971
Argentina,Soybeans,26053,24691.195,1361.8050000000003
Argentina,Soybeans,26053,24393.03,1659.9700000000012
Argentina,Sweet potatoes,148754,183871.81,-35117.81
Argentina,Sweet potatoes,148754,184277.39,-35523.390000000014
Argentina,Wheat,35063,24486.63,10576.369999999999
Argentina,Wheat,35063,24734.985,10328.015
Argentina,Cassava,100000,101064.16,-1064.1600000000035
Argentina,Cassava,100000,101064.16,-1064.1600000000035
Argentina,Maize,57346,49871.98,7474.019999999997
Argentina,Maize,57346,50679.73,6666.269999999997
Argentina,Potatoes,287821,277281.61,10539.390000000014
Argentina,Potatoes,287821,277423.86,10397.140000000014
Argentina,"Rice, paddy",66617,54733.86,11883.14
Argentina,"Rice, paddy",66617,54903.77,11713.230000000003
Argentina,Sorghum,46534,41852.06,4681.940000000002
Argentina,Sorghum,46534,42802.38,3731.6200000000026
Argentina,Soybeans,22814,24156.94,-1342.9399999999987
Argentina,Soybeans,22814,24306.045,-1492.0449999999983
Argentina,Sweet potatoes,148126,184252.21,-36126.20999999999
Argentina,Sweet potatoes,148126,183156.48,-35030.48000000001
Argentina,Wheat,32199,24787.87,7411.130000000001
Argentina,Wheat,32199,24890.19,7308.810000000001
Argentina,Cassava,99459,100983.29,-1524.2899999999936
Argentina,Cassava,99459,101064.16,-1605.1600000000035
Argentina,Maize,66037,53159.14,12877.86
Argentina,Maize,66037,53108.26,12928.739999999998
Argentina,Potatoes,288984,269656.12,19327.880000000005
Argentina,Potatoes,288984,273343.91,15640.090000000026
Argentina,"Rice, paddy",67187,52400.985,14786.015
Argentina,"Rice, paddy",67187,52246.925,14940.074999999997
Argentina,Sorghum,40852,43339.82,-2487.8199999999997
Argentina,Sorghum,40852,43714.54,-2862.540000000001
Argentina,Soybeans,25391,23912.355,1478.6450000000004
Argentina,Soybeans,25391,24157.265,1233.7350000000006
Argentina,Sweet potatoes,147498,184226.925,-36728.92499999999
Argentina,Sweet potatoes,147498,184226.925,-36728.92499999999
Argentina,Wheat,26581,25071.87,1509.130000000001
Argentina,Wheat,26581,24875.78,1705.2200000000012
Armenia,Maize,37380,30967.145,6412.855
Armenia,Potatoes,122814,110118.87,12695.130000000005
Armenia,Wheat,23877,20331.37,3545.630000000001
Armenia,Maize,61791,30618.935,31172.065
Armenia,Potatoes,161509,115320.66,46188.34
Armenia,Wheat,23416,20917.0,2499.0
Armenia,Maize,44692,30698.935,13993.064999999999
Armenia,Potatoes,164459,115272.7,49186.3
Armenia,Wheat,20252,20917.0,-665.0
Armenia,Maize,33271,30313.49,2957.5099999999984
Armenia,Potatoes,163418,114886.185,48531.815
Armenia,Wheat,14627,21239.915,-6612.915000000001
Armenia,Maize,53262,30504.275,22757.725
Armenia,Potatoes,184719,117451.13,67267.87
Armenia,Wheat,25837,21206.405,4630.595000000001
Armenia,Maize,53424,30730.785,22693.215
Armenia,Potatoes,189096,115272.7,73823.3
Armenia,Wheat,24322,20917.0,3405.0
Armenia,Maize,57763,30807.525,26955.475
Armenia,Potatoes,185496,113447.305,72048.695
Armenia,Wheat,22374,20875.78,1498.2200000000012
Armenia,Maize,46724,33319.12,13404.879999999997
Armenia,Potatoes,170146,121243.245,48902.755000000005
Armenia,Wheat,21192,22767.03,-1575.0299999999988
Armenia,Maize,54257,32798.43,21458.57
Armenia,Potatoes,194426,123635.425,70790.575
Armenia,Wheat,28800,21605.99,7194.009999999998
Armenia,Maize,62215,34098.715,28116.285000000003
Armenia,Potatoes,207151,122331.245,84819.755
Armenia,Wheat,26010,22706.81,3303.1899999999987
Armenia,Maize,67114,33562.635,33551.365
Armenia,Potatoes,215290,122056.665,93233.335
Armenia,Wheat,31273,22496.6,8776.400000000001
Australia,Maize,54929,47568.775,7360.2249999999985
Australia,Maize,54929,46850.44,8078.559999999998
Australia,Maize,54929,47073.67,7855.330000000002
Australia,Maize,54929,47190.775,7738.2249999999985
Australia,Maize,54929,48579.525,6349.4749999999985
Australia,Maize,54929,47184.885,7744.114999999998
Australia,Potatoes,351358,316848.585,34509.41499999998
Australia,Potatoes,351358,311248.87,40109.130000000005
Australia,Potatoes,351358,317969.28,33388.71999999997
Australia,Potatoes,351358,317726.965,33631.034999999974
Australia,Potatoes,351358,316684.33,34673.669999999984
Australia,Potatoes,351358,316774.945,34583.05499999999
Australia,"Rice, paddy",82580,90224.035,-7644.0350000000035
Australia,"Rice, paddy",82580,89946.935,-7366.934999999998
Australia,"Rice, paddy",82580,89721.38,-7141.380000000005
Australia,"Rice, paddy",82580,89845.725,-7265.725000000006
Australia,"Rice, paddy",82580,89184.47,-6604.470000000001
Australia,"Rice, paddy",82580,90280.835,-7700.835000000006
Australia,Sorghum,24561,24113.705,447.29499999999825
Australia,Sorghum,24561,26749.765,-2188.7649999999994
Australia,Sorghum,24561,24189.275,371.72499999999854
Australia,Sorghum,24561,24104.16,456.84000000000015
Australia,Sorghum,24561,27198.615,-2637.6150000000016
Australia,Sorghum,24561,26127.64,-1566.6399999999994
Australia,Soybeans,19487,15587.925,3899.0750000000007
Australia,Soybeans,19487,16018.565,3468.4349999999995
Australia,Soybeans,19487,16483.97,3003.029999999999
Australia,Soybeans,19487,16274.385,3212.615
Australia,Soybeans,19487,16518.97,2968.029999999999
Australia,Soybeans,19487,16568.12,2918.880000000001
Australia,Sweet potatoes,347368,151361.99,196006.01
Australia,Sweet potatoes,347368,181904.06,165463.94
Australia,Sweet potatoes,347368,152419.605,194948.395
Australia,Sweet potatoes,347368,152393.115,194974.885
Australia,Sweet potatoes,347368,158452.9,188915.1
Australia,Sweet potatoes,347368,154004.215,193363.785
Australia,Wheat,21076,19618.2,1457.7999999999993
Australia,Wheat,21076,19410.27,1665.7299999999996
Australia,Wheat,21076,19028.465,2047.5349999999999
Australia,Wheat,21076,19310.345,1765.6549999999988
Australia,Wheat,21076,18823.44,2252.5600000000013
Australia,Wheat,21076,19113.19,1962.8100000000013
Australia,Maize,56326,48903.955,7422.044999999998
Australia,Maize,56326,48274.48,8051.519999999997
Australia,Maize,56326,48436.34,7889.6600000000035
Australia,Maize,56326,48355.375,7970.625
Australia,Maize,56326,48753.56,7572.440000000002
Australia,Maize,56326,48187.475,8138.5250000000015
Australia,Potatoes,362787,322701.24,40085.76000000001
Australia,Potatoes,362787,318828.9,43958.09999999998
Australia,Potatoes,362787,323531.525,39255.47499999998
Australia,Potatoes,362787,323315.115,39471.88500000001
Australia,Potatoes,362787,322647.205,40139.794999999984
Australia,Potatoes,362787,322688.25,40098.75
Australia,"Rice, paddy",83305,92008.215,-8703.214999999997
Australia,"Rice, paddy",83305,91889.235,-8584.235
Australia,"Rice, paddy",83305,92421.19,-9116.190000000002
Australia,"Rice, paddy",83305,92481.39,-9176.39
Australia,"Rice, paddy",83305,92224.09,-8919.089999999997
Australia,"Rice, paddy",83305,92589.425,-9284.425000000003
Australia,Sorghum,27367,27782.86,-415.8600000000006
Australia,Sorghum,27367,28817.025,-1450.0250000000015
Australia,Sorghum,27367,27840.285,-473.28499999999985
Australia,Sorghum,27367,27691.59,-324.59000000000015
Australia,Sorghum,27367,28847.625,-1480.625
Australia,Sorghum,27367,28412.465,-1045.4650000000001
Australia,Soybeans,22136,18797.23,3338.7700000000004
Australia,Soybeans,22136,17941.12,4194.880000000001
Australia,Soybeans,22136,18541.835,3594.165000000001
Australia,Soybeans,22136,18139.225,3996.7750000000015
Australia,Soybeans,22136,18211.83,3924.1699999999983
Australia,Soybeans,22136,18167.99,3968.0099999999984
Australia,Sweet potatoes,333333,299953.89,33379.109999999986
Australia,Sweet potatoes,333333,299394.45,33938.54999999999
Australia,Sweet potatoes,333333,300333.6,32999.40000000002
Australia,Sweet potatoes,333333,300255.17,33077.830000000016
Australia,Sweet potatoes,333333,300654.05,32678.95000000001
Australia,Sweet potatoes,333333,300458.79,32874.21000000002
Australia,Wheat,19998,20184.845,-186.84500000000116
Australia,Wheat,19998,19395.1,602.9000000000015
Australia,Wheat,19998,19282.27,715.7299999999996
Australia,Wheat,19998,19402.39,595.6100000000006
Australia,Wheat,19998,19032.575,965.4249999999993
Australia,Wheat,19998,19319.175,678.8250000000007
Australia,Maize,57983,49604.79,8378.21
Australia,Maize,57983,48189.0,9794.0
Australia,Maize,57983,49073.915,8909.085
Australia,Maize,57983,49494.145,8488.855000000003
Australia,Maize,57983,48471.595,9511.404999999999
Australia,Maize,57983,48461.945,9521.055
Australia,Potatoes,344117,321754.455,22362.544999999984
Australia,Potatoes,344117,314896.21,29220.78999999998
Australia,Potatoes,344117,323401.63,20715.369999999995
Australia,Potatoes,344117,316907.42,27209.580000000016
Australia,Potatoes,344117,322888.0,21229.0
Australia,Potatoes,344117,322929.045,21187.955000000016
Australia,"Rice, paddy",66168,89772.215,-23604.214999999997
Australia,"Rice, paddy",66168,90716.9,-24548.899999999994
Australia,"Rice, paddy",66168,91622.14,-25454.14
Australia,"Rice, paddy",66168,90086.76,-23918.759999999995
Australia,"Rice, paddy",66168,91357.49,-25189.490000000005
Australia,"Rice, paddy",66168,91411.1,-25243.100000000006
Australia,Sorghum,26629,29740.33,-3111.3300000000017
Australia,Sorghum,26629,29273.49,-2644.4900000000016
Australia,Sorghum,26629,28723.69,-2094.6899999999987
Australia,Sorghum,26629,30102.6,-3473.5999999999985
Australia,Sorghum,26629,29327.35,-2698.3499999999985
Australia,Sorghum,26629,28662.275,-2033.2750000000015
Australia,Soybeans,16810,19929.935,-3119.9350000000013
Australia,Soybeans,16810,18545.515,-1735.5149999999994
Australia,Soybeans,16810,18907.905,-2097.904999999999
Australia,Soybeans,16810,19734.315,-2924.3149999999987
Australia,Soybeans,16810,18626.48,-1816.4799999999996
Australia,Soybeans,16810,18549.47,-1739.4700000000012
Australia,Sweet potatoes,336000,299482.755,36517.244999999995
Australia,Sweet potatoes,336000,292873.09,43126.909999999974
Australia,Sweet potatoes,336000,299862.465,36137.534999999974
Australia,Sweet potatoes,336000,299695.99,36304.01000000001
Australia,Sweet potatoes,336000,299987.655,36012.34499999997
Australia,Sweet potatoes,336000,299987.655,36012.34499999997
Australia,Wheat,16348,19934.06,-3586.0600000000013
Australia,Wheat,16348,19738.555,-3390.5550000000003
Australia,Wheat,16348,19348.27,-3000.2700000000004
Australia,Wheat,16348,19866.9,-3518.9000000000015
Australia,Wheat,16348,19256.23,-2908.2299999999996
Australia,Wheat,16348,19506.585,-3158.584999999999
Australia,Maize,53856,49100.845,4755.154999999999
Australia,Maize,53856,49196.365,4659.635000000002
Australia,Maize,53856,48668.405,5187.595000000001
Australia,Maize,53856,48971.74,4884.260000000002
Australia,Maize,53856,49701.125,4154.875
Australia,Maize,53856,49518.82,4337.18
Australia,Potatoes,354317,322076.49,32240.51000000001
Australia,Potatoes,354317,322335.565,31981.434999999998
Australia,Potatoes,354317,323499.82,30817.179999999993
Australia,Potatoes,354317,323353.78,30963.219999999972
Australia,Potatoes,354317,321934.3,32382.70000000001
Australia,Potatoes,354317,322263.49,32053.51000000001
Australia,"Rice, paddy",98176,91727.675,6448.324999999997
Australia,"Rice, paddy",98176,91159.165,7016.835000000006
Australia,"Rice, paddy",98176,92386.515,5789.485000000001
Australia,"Rice, paddy",98176,92394.84,5781.1600000000035
Australia,"Rice, paddy",98176,91456.655,6719.345000000001
Australia,"Rice, paddy",98176,91800.095,6375.904999999999
Australia,Sorghum,25205,27986.015,-2781.0149999999994
Australia,Sorghum,25205,28926.775,-3721.7750000000015
Australia,Sorghum,25205,27698.175,-2493.1749999999993
Australia,Sorghum,25205,27795.98,-2590.9799999999996
Australia,Sorghum,25205,29082.545,-3877.5449999999983
Australia,Sorghum,25205,29126.1,-3921.0999999999985
Australia,Soybeans,20993,18977.59,2015.4099999999999
Australia,Soybeans,20993,18323.75,2669.25
Australia,Soybeans,20993,18115.415,2877.584999999999
Australia,Soybeans,20993,18253.26,2739.7400000000016
Australia,Soybeans,20993,19003.65,1989.3499999999985
Australia,Soybeans,20993,19351.5,1641.5
Australia,Sweet potatoes,278748,299953.89,-21205.890000000014
Australia,Sweet potatoes,278748,300948.34,-22200.340000000026
Australia,Sweet potatoes,278748,300333.6,-21585.599999999977
Australia,Sweet potatoes,278748,300245.555,-21497.554999999993
Australia,Sweet potatoes,278748,300722.865,-21974.86499999999
Australia,Sweet potatoes,278748,299803.745,-21055.744999999995
Australia,Wheat,20213,20287.105,-74.10499999999956
Australia,Wheat,20213,19059.09,1153.9099999999999
Australia,Wheat,20213,19286.285,926.7150000000001
Australia,Wheat,20213,19577.325,635.6749999999993
Australia,Wheat,20213,19045.82,1167.1800000000003
Australia,Wheat,20213,20040.835,172.16500000000087
Australia,Maize,49103,47734.355,1368.6449999999968
Australia,Maize,49103,47045.24,2057.760000000002
Australia,Maize,49103,47913.95,1189.050000000003
Australia,Maize,49103,47113.445,1989.5550000000003
Australia,Maize,49103,47914.66,1188.3399999999965
Australia,Maize,49103,47033.305,2069.6949999999997
Australia,Potatoes,355463,325508.74,29954.26000000001
Australia,Potatoes,355463,322992.985,32470.015000000014
Australia,Potatoes,355463,325866.77,29596.22999999998
Australia,Potatoes,355463,319650.175,35812.82500000001
Australia,Potatoes,355463,325908.755,29554.244999999995
Australia,Potatoes,355463,326427.7,29035.29999999999
Australia,"Rice, paddy",82609,90158.97,-7549.970000000001
Australia,"Rice, paddy",82609,90681.93,-8072.929999999993
Australia,"Rice, paddy",82609,90374.03,-7765.029999999999
Australia,"Rice, paddy",82609,90325.56,-7716.559999999998
Australia,"Rice, paddy",82609,91035.77,-8426.770000000004
Australia,"Rice, paddy",82609,91559.57,-8950.570000000007
Australia,Sorghum,20918,26749.42,-5831.419999999998
Australia,Sorghum,20918,27393.01,-6475.009999999998
Australia,Sorghum,20918,25720.345,-4802.345000000001
Australia,Sorghum,20918,27028.515,-6110.514999999999
Australia,Sorghum,20918,27633.355,-6715.355
Australia,Sorghum,20918,26059.995,-5141.994999999999
Australia,Soybeans,19730,16113.485,3616.5149999999994
Australia,Soybeans,19730,15831.83,3898.17
Australia,Soybeans,19730,15398.31,4331.6900000000005
Australia,Soybeans,19730,15479.235,4250.764999999999
Australia,Soybeans,19730,15812.9,3917.1000000000004
Australia,Soybeans,19730,15607.305,4122.695
Australia,Sweet potatoes,346237,333019.28,13217.719999999972
Australia,Sweet potatoes,346237,322940.325,23296.67499999999
Australia,Sweet potatoes,346237,333176.14,13060.859999999986
Australia,Sweet potatoes,346237,333019.28,13217.719999999972
Australia,Sweet potatoes,346237,331247.665,14989.335000000021
Australia,Sweet potatoes,346237,333254.57,12982.429999999993
Australia,Wheat,9173,18653.095,-9480.095000000001
Australia,Wheat,9173,18581.24,-9408.240000000002
Australia,Wheat,9173,18598.075,-9425.075
Australia,Wheat,9173,18749.145,-9576.145
Australia,Wheat,9173,18343.235,-9170.235
Australia,Wheat,9173,18668.68,-9495.68
Australia,Maize,56912,48757.49,8154.510000000002
Australia,Maize,56912,49421.92,7490.080000000002
Australia,Maize,56912,51819.04,5092.959999999999
Australia,Maize,56912,49614.885,7297.114999999998
Australia,Maize,56912,48521.945,8390.055
Australia,Maize,56912,49192.74,7719.260000000002
Australia,Potatoes,381224,322701.24,58522.76000000001
Australia,Potatoes,381224,321129.37,60094.630000000005
Australia,Potatoes,381224,311041.53,70182.46999999997
Australia,Potatoes,381224,323353.78,57870.21999999997
Australia,Potatoes,381224,322647.205,58576.794999999984
Australia,Potatoes,381224,321807.025,59416.97499999998
Australia,"Rice, paddy",75988,91961.535,-15973.535000000003
Australia,"Rice, paddy",75988,91876.595,-15888.595000000001
Australia,"Rice, paddy",75988,89237.67,-13249.669999999998
Australia,"Rice, paddy",75988,92184.915,-16196.914999999994
Australia,"Rice, paddy",75988,92231.37,-16243.369999999995
Australia,"Rice, paddy",75988,90117.565,-14129.565000000002
Australia,Sorghum,40252,28186.355,12065.645
Australia,Sorghum,40252,29801.27,10450.73
Australia,Sorghum,40252,28736.295,11515.705000000002
Australia,Sorghum,40252,27733.165,12518.835
Australia,Sorghum,40252,29038.88,11213.119999999999
Australia,Sorghum,40252,28775.54,11476.46
Australia,Soybeans,23289,19425.075,3863.9249999999993
Australia,Soybeans,23289,19558.675,3730.3250000000007
Australia,Soybeans,23289,19306.265,3982.7350000000006
Australia,Soybeans,23289,18949.53,4339.470000000001
Australia,Soybeans,23289,18223.805,5065.195
Australia,Soybeans,23289,20257.605,3031.3950000000004
Australia,Sweet potatoes,266530,299953.89,-33423.890000000014
Australia,Sweet potatoes,266530,300304.235,-33774.234999999986
Australia,Sweet potatoes,266530,300333.6,-33803.59999999998
Australia,Sweet potatoes,266530,300245.555,-33715.55499999999
Australia,Sweet potatoes,266530,300362.385,-33832.38500000001
Australia,Sweet potatoes,266530,300245.555,-33715.55499999999
Australia,Wheat,10788,21298.33,-10510.330000000002
Australia,Wheat,10788,19278.465,-8490.465
Australia,Wheat,10788,20852.385,-10064.384999999998
Australia,Wheat,10788,21045.52,-10257.52
Australia,Wheat,10788,19151.87,-8363.869999999999
Australia,Wheat,10788,21164.94,-10376.939999999999
Australia,Maize,58171,48926.7,9244.300000000003
Australia,Maize,58171,47683.5,10487.5
Australia,Maize,58171,48355.43,9815.57
Australia,Maize,58171,48484.41,9686.589999999997
Australia,Maize,58171,49306.055,8864.945
Australia,Maize,58171,48018.67,10152.330000000002
Australia,Potatoes,361747,321807.025,39939.97499999998
Australia,Potatoes,361747,315913.82,45833.17999999999
Australia,Potatoes,361747,323457.76,38289.23999999999
Australia,Potatoes,361747,317232.17,44514.830000000016
Australia,Potatoes,361747,321740.34,40006.659999999974
Australia,Potatoes,361747,322945.62,38801.380000000005
Australia,"Rice, paddy",84609,90190.11,-5581.110000000001
Australia,"Rice, paddy",84609,91889.235,-7280.235000000001
Australia,"Rice, paddy",84609,91831.79,-7222.789999999994
Australia,"Rice, paddy",84609,90912.4,-6303.399999999994
Australia,"Rice, paddy",84609,91453.205,-6844.205000000002
Australia,"Rice, paddy",84609,92592.875,-7983.875
Australia,Sorghum,35096,29124.015,5971.985000000001
Australia,Sorghum,35096,28672.595,6423.404999999999
Australia,Sorghum,35096,27840.985,7255.014999999999
Australia,Sorghum,35096,28875.745,6220.255000000001
Australia,Sorghum,35096,29566.605,5529.395
Australia,Sorghum,35096,28145.235,6950.764999999999
Australia,Soybeans,18926,19710.37,-784.369999999999
Australia,Soybeans,18926,17866.12,1059.880000000001
Australia,Soybeans,18926,18085.095,840.9049999999988
Australia,Soybeans,18926,18733.535,192.46500000000015
Australia,Soybeans,18926,19027.3,-101.29999999999927
Australia,Soybeans,18926,18134.265,791.7350000000006
Australia,Sweet potatoes,250797,300245.555,-49448.55499999999
Australia,Sweet potatoes,250797,293351.41,-42554.409999999974
Australia,Sweet potatoes,250797,300333.6,-49536.59999999998
Australia,Sweet potatoes,250797,300167.125,-49370.125
Australia,Sweet potatoes,250797,300722.865,-49925.86499999999
Australia,Sweet potatoes,250797,300458.79,-49661.78999999998
Australia,Wheat,15831,20359.955,-4528.955000000002
Australia,Wheat,15831,19615.53,-3784.529999999999
Australia,Wheat,15831,19376.105,-3545.1049999999996
Australia,Wheat,15831,20055.87,-4224.869999999999
Australia,Wheat,15831,19124.705,-3293.7050000000017
Australia,Wheat,15831,19435.6,-3604.5999999999985
Australia,Maize,55593,48923.13,6669.870000000003
Australia,Maize,55593,47961.96,7631.040000000001
Australia,Maize,55593,50929.68,4663.32
Australia,Maize,55593,48822.745,6770.254999999997
Australia,Maize,55593,49315.9,6277.0999999999985
Australia,Maize,55593,48006.245,7586.754999999997
Australia,Potatoes,351334,322480.71,28853.28999999998
Australia,Potatoes,351334,320629.045,30704.955000000016
Australia,Potatoes,351334,323531.525,27802.474999999977
Australia,Potatoes,351334,323211.135,28122.86499999999
Australia,Potatoes,351334,321734.19,29599.809999999998
Australia,Potatoes,351334,323129.31,28204.690000000002
Australia,"Rice, paddy",103895,91695.735,12199.265
Australia,"Rice, paddy",103895,91816.495,12078.505000000005
Australia,"Rice, paddy",103895,91845.11,12049.89
Australia,"Rice, paddy",103895,91386.445,12508.554999999993
Australia,"Rice, paddy",103895,91065.46,12829.539999999994
Australia,"Rice, paddy",103895,92693.05,11201.949999999997
Australia,Sorghum,30279,28278.405,2000.5950000000012
Australia,Sorghum,30279,28892.175,1386.8250000000007
Australia,Sorghum,30279,27740.95,2538.0499999999993
Australia,Sorghum,30279,28829.92,1449.0800000000017
Australia,Sorghum,30279,29604.105,674.8950000000004
Australia,Sorghum,30279,27789.0,2490.0
Australia,Soybeans,19042,19517.55,-475.5499999999993
Australia,Soybeans,19042,17880.705,1161.2949999999983
Australia,Soybeans,19042,18759.66,282.34000000000015
Australia,Soybeans,19042,19591.245,-549.244999999999
Australia,Soybeans,19042,19197.07,-155.0699999999997
Australia,Soybeans,19042,18003.42,1038.5800000000017
Australia,Sweet potatoes,305974,299953.89,6020.109999999986
Australia,Sweet potatoes,305974,300144.66,5829.340000000026
Australia,Sweet potatoes,305974,300333.6,5640.400000000023
Australia,Sweet potatoes,305974,300245.555,5728.445000000007
Australia,Sweet potatoes,305974,300722.865,5251.135000000009
Australia,Sweet potatoes,305974,300458.79,5515.210000000021
Australia,Wheat,15729,21102.275,-5373.2750000000015
Australia,Wheat,15729,19184.425,-3455.4249999999993
Australia,Wheat,15729,20420.085,-4691.084999999999
Australia,Wheat,15729,20710.325,-4981.325000000001
Australia,Wheat,15729,19206.28,-3477.279999999999
Australia,Wheat,15729,19515.51,-3786.5099999999984
Australia,Maize,57390,49012.01,8377.989999999998
Australia,Maize,57390,49325.14,8064.860000000001
Australia,Maize,57390,52047.68,5342.32
Australia,Maize,57390,49683.165,7706.834999999999
Australia,Maize,57390,49926.4,7463.5999999999985
Australia,Maize,57390,49177.91,8212.089999999997
Australia,Potatoes,350887,322044.785,28842.215000000026
Australia,Potatoes,350887,321129.37,29757.630000000005
Australia,Potatoes,350887,321686.09,29200.909999999974
Australia,Potatoes,350887,323211.135,27675.86499999999
Australia,Potatoes,350887,321314.755,29572.244999999995
Australia,Potatoes,350887,322074.665,28812.33500000002
Australia,"Rice, paddy",95441,91446.31,3994.6900000000023
Australia,"Rice, paddy",95441,91550.06,3890.9400000000023
Australia,"Rice, paddy",95441,90989.385,4451.615000000005
Australia,"Rice, paddy",95441,92082.87,3358.1300000000047
Australia,"Rice, paddy",95441,91006.57,4434.429999999993
Australia,"Rice, paddy",95441,91020.935,4420.065000000002
Australia,Sorghum,30558,29553.88,1004.119999999999
Australia,Sorghum,30558,30357.27,200.72999999999956
Australia,Sorghum,30558,28007.43,2550.5699999999997
Australia,Sorghum,30558,28710.585,1847.4150000000009
Australia,Sorghum,30558,29923.79,634.2099999999991
Australia,Sorghum,30558,31073.075,-515.0750000000007
Australia,Soybeans,17136,19638.17,-2502.1699999999983
Australia,Soybeans,17136,19218.775,-2082.7750000000015
Australia,Soybeans,17136,18935.97,-1799.9700000000012
Australia,Soybeans,17136,19233.685,-2097.6850000000013
Australia,Soybeans,17136,18813.4,-1677.4000000000015
Australia,Soybeans,17136,19531.95,-2395.9500000000007
Australia,Sweet potatoes,319252,299953.89,19298.109999999986
Australia,Sweet potatoes,319252,300517.47,18734.530000000028
Australia,Sweet potatoes,319252,300333.6,18918.400000000023
Australia,Sweet potatoes,319252,300245.555,19006.445000000007
Australia,Sweet potatoes,319252,300517.47,18734.530000000028
Australia,Sweet potatoes,319252,299725.315,19526.684999999998
Australia,Wheat,20301,21449.37,-1148.369999999999
Australia,Wheat,20301,19333.81,967.1899999999987
Australia,Wheat,20301,20874.825,-573.8250000000007
Australia,Wheat,20301,21151.405,-850.4049999999988
Australia,Wheat,20301,19441.585,859.4150000000009
Australia,Wheat,20301,21138.235,-837.2350000000006
Australia,Maize,64654,49150.185,15503.815000000002
Australia,Maize,64654,49831.12,14822.879999999997
Australia,Maize,64654,51587.305,13066.695
Australia,Maize,64654,49005.645,15648.355000000003
Australia,Maize,64654,49410.485,15243.515
Australia,Maize,64654,49522.18,15131.82
Australia,Potatoes,382592,322044.785,60547.215000000026
Australia,Potatoes,382592,320533.02,62058.97999999998
Australia,Potatoes,382592,311154.88,71437.12
Australia,Potatoes,382592,317232.17,65359.830000000016
Australia,Potatoes,382592,321637.365,60954.63500000001
Australia,Potatoes,382592,322032.69,60559.31
Australia,"Rice, paddy",89098,91694.2,-2596.199999999997
Australia,"Rice, paddy",89098,91115.115,-2017.1150000000052
Australia,"Rice, paddy",89098,88694.97,403.02999999999884
Australia,"Rice, paddy",89098,90618.895,-1520.895000000004
Australia,"Rice, paddy",89098,91874.555,-2776.554999999993
Australia,"Rice, paddy",89098,90303.17,-1205.1699999999983
Australia,Sorghum,33960,29485.105,4474.895
Australia,Sorghum,33960,29597.45,4362.549999999999
Australia,Sorghum,33960,28649.715,5310.285
Australia,Sorghum,33960,29869.39,4090.6100000000006
Australia,Sorghum,33960,30419.33,3540.6699999999983
Australia,Sorghum,33960,30454.305,3505.6949999999997
Australia,Soybeans,22598,19612.175,2985.8250000000007
Australia,Soybeans,22598,18726.93,3871.0699999999997
Australia,Soybeans,22598,19270.225,3327.7750000000015
Australia,Soybeans,22598,19515.82,3082.1800000000003
Australia,Soybeans,22598,19708.505,2889.494999999999
Australia,Soybeans,22598,20215.42,2382.5800000000017
Australia,Sweet potatoes,331853,299953.89,31899.109999999986
Australia,Sweet potatoes,331853,300622.035,31230.965000000026
Australia,Sweet potatoes,331853,300333.6,31519.400000000023
Australia,Sweet potatoes,331853,300167.125,31685.875
Australia,Sweet potatoes,331853,299147.19,32705.809999999998
Australia,Sweet potatoes,331853,300245.555,31607.445000000007
Australia,Wheat,21511,21471.15,39.849999999998545
Australia,Wheat,21511,19427.31,2083.6899999999987
Australia,Wheat,21511,21329.065,181.9350000000013
Australia,Wheat,21511,21219.735,291.2649999999994
Australia,Wheat,21511,19356.06,2154.9399999999987
Australia,Wheat,21511,21403.945,107.05500000000029
Australia,Maize,64441,49185.855,15255.144999999997
Australia,Maize,64441,48998.115,15442.885000000002
Australia,Maize,64441,51915.61,12525.39
Australia,Maize,64441,48886.24,15554.760000000002
Australia,Maize,64441,50013.595,14427.404999999999
Australia,Maize,64441,48077.715,16363.285000000003
Australia,Potatoes,385434,321807.025,63626.97499999998
Australia,Potatoes,385434,322183.315,63250.685
Australia,Potatoes,385434,322788.74,62645.26000000001
Australia,Potatoes,385434,318474.22,66959.78000000003
Australia,Potatoes,385434,321277.915,64156.08500000002
Australia,Potatoes,385434,323129.31,62304.69
Australia,"Rice, paddy",102177,90117.565,12059.434999999998
Australia,"Rice, paddy",102177,91213.73,10963.270000000004
Australia,"Rice, paddy",102177,91433.005,10743.994999999995
Australia,"Rice, paddy",102177,90719.46,11457.539999999994
Australia,"Rice, paddy",102177,90978.805,11198.195000000007
Australia,"Rice, paddy",102177,92693.05,9483.949999999997
Australia,Sorghum,34419,28956.125,5462.875
Australia,Sorghum,34419,28933.875,5485.125
Australia,Sorghum,34419,28071.06,6347.939999999999
Australia,Sorghum,34419,28734.74,5684.259999999998
Australia,Sorghum,34419,29572.83,4846.169999999998
Australia,Sorghum,34419,27926.04,6492.959999999999
Australia,Soybeans,22336,20217.85,2118.1500000000015
Australia,Soybeans,22336,18261.955,4074.0449999999983
Australia,Soybeans,22336,18977.785,3358.215
Australia,Soybeans,22336,19405.295,2930.7050000000017
Australia,Soybeans,22336,18725.72,3610.279999999999
Australia,Soybeans,22336,17914.785,4421.215
Australia,Sweet potatoes,344391,300245.555,44145.44500000001
Australia,Sweet potatoes,344391,300339.985,44051.015000000014
Australia,Sweet potatoes,344391,300333.6,44057.40000000002
Australia,Sweet potatoes,344391,300167.125,44223.875
Australia,Sweet potatoes,344391,300517.47,43873.53000000003
Australia,Sweet potatoes,344391,300458.79,43932.21000000002
Australia,Wheat,17609,21230.875,-3621.875
Australia,Wheat,17609,19069.035,-1460.0349999999999
Australia,Wheat,17609,20853.5,-3244.5
Australia,Wheat,17609,20948.34,-3339.34
Australia,Wheat,17609,19336.5,-1727.5
Australia,Wheat,17609,19512.985,-1903.9850000000006
Austria,Maize,99815,88114.165,11700.835000000006
Austria,Potatoes,303832,289345.22,14486.780000000028
Austria,Soybeans,25244,22615.325,2628.6749999999993
Austria,Wheat,49667,51276.7,-1609.699999999997
Austria,Maize,96544,93846.19,2697.8099999999977
Austria,Potatoes,316117,297283.95,18833.04999999999
Austria,Soybeans,25092,22400.43,2691.5699999999997
Austria,Wheat,59234,51661.545,7572.455000000002
Austria,Maize,106570,94116.125,12453.875
Austria,Potatoes,343985,296676.855,47308.14500000002
Austria,Soybeans,28267,22412.385,5854.615000000002
Austria,Wheat,50286,50315.9,-29.900000000001455
Austria,Maize,96370,94012.845,2357.154999999999
Austria,Potatoes,298641,298747.61,-106.60999999998603
Austria,Soybeans,25970,23340.76,2629.2400000000016
Austria,Wheat,49066,51894.1,-2828.0999999999985
Austria,Maize,103128,94244.91,8883.089999999997
Austria,Potatoes,294931,284470.565,10460.434999999998
Austria,Soybeans,26211,22138.425,4072.5750000000007
Austria,Wheat,47763,47493.71,269.2900000000009
Austria,Maize,113173,94665.165,18507.835000000006
Austria,Potatoes,331993,271284.415,60708.58500000002
Austria,Soybeans,29369,22149.11,7219.889999999999
Austria,Wheat,56935,48903.155,8031.845000000001
Austria,Maize,108293,94591.685,13701.315000000002
Austria,Potatoes,324947,289319.625,35627.375
Austria,Soybeans,28171,21778.85,6392.1500000000015
Austria,Wheat,49295,51414.49,-2119.489999999998
Austria,Maize,97247,94718.32,2528.679999999993
Austria,Potatoes,305703,290668.135,15034.86499999999
Austria,Sorghum,67666,46222.395,21443.605000000003
Austria,Soybeans,27501,21946.655,5554.345000000001
Austria,Wheat,50117,50111.315,5.684999999997672
Austria,Maize,112996,94013.94,18982.059999999998
Austria,Potatoes,357127,293136.805,63990.19500000001
Austria,Sorghum,67299,47213.36,20085.64
Austria,Soybeans,28691,23142.075,5548.924999999999
Austria,Wheat,58549,51870.14,6678.860000000001
Austria,Maize,107025,94636.685,12388.315000000002
Austria,Potatoes,305491,290349.88,15141.119999999995
Austria,Sorghum,68081,46710.72,21370.28
Austria,Soybeans,28051,21871.79,6179.209999999999
Austria,Wheat,41388,51380.795,-9992.794999999998
Austria,Maize,81173,89794.745,-8621.744999999995
Austria,Potatoes,285897,285801.6,95.40000000002328
Austria,Sorghum,52447,46110.31,6336.690000000002
Austria,Soybeans,19697,22965.335,-3268.334999999999
Austria,Wheat,53743,47907.265,5835.735000000001
Azerbaijan,Maize,43463,34401.96,9061.04
Azerbaijan,Potatoes,121132,100783.005,20348.994999999995
Azerbaijan,"Rice, paddy",46532,46512.485,19.514999999999418
Azerbaijan,Wheat,26028,21487.735,4540.264999999999
Azerbaijan,Maize,46071,34893.12,11177.879999999997
Azerbaijan,Potatoes,141416,100758.445,40657.55499999999
Azerbaijan,"Rice, paddy",39810,46683.675,-6873.675000000003
Azerbaijan,Soybeans,17568,12447.31,5120.6900000000005
Azerbaijan,Wheat,25748,21846.765,3901.2350000000006
Azerbaijan,Maize,47703,35157.66,12545.339999999997
Azerbaijan,Potatoes,153215,102166.37,51048.630000000005
Azerbaijan,"Rice, paddy",35903,45424.79,-9521.79
Azerbaijan,Soybeans,5789,12969.275,-7180.275
Azerbaijan,Wheat,25818,23616.605,2201.3950000000004
Azerbaijan,Maize,45777,34401.96,11375.04
Azerbaijan,Potatoes,149497,99593.585,49903.41499999999
Azerbaijan,"Rice, paddy",42375,47417.475,-5042.4749999999985
Azerbaijan,Sorghum,10000,15625.865,-5625.865
Azerbaijan,Soybeans,4906,12228.31,-7322.3099999999995
Azerbaijan,Wheat,26050,21529.095,4520.904999999999
Azerbaijan,Maize,46175,34893.12,11281.879999999997
Azerbaijan,Potatoes,154570,100758.445,53811.55499999999
Azerbaijan,"Rice, paddy",33886,46683.675,-12797.675000000003
Azerbaijan,Soybeans,4000,12447.31,-8447.31
Azerbaijan,Wheat,26722,21846.765,4875.235000000001
Azerbaijan,Maize,47784,34000.045,13783.955000000002
Azerbaijan,Potatoes,156430,108086.875,48343.125
Azerbaijan,"Rice, paddy",27973,45345.255,-17372.254999999997
Azerbaijan,Sorghum,12000,15891.845,-3891.8449999999993
Azerbaijan,Soybeans,5000,12843.305,-7843.305
Azerbaijan,Wheat,27251,21357.13,5893.869999999999
Azerbaijan,Maize,47990,34124.005,13865.995000000003
Azerbaijan,Potatoes,149950,106835.27,43114.729999999996
Azerbaijan,"Rice, paddy",25279,45593.36,-20314.36
Azerbaijan,Soybeans,6677,13402.8,-6725.799999999999
Azerbaijan,Wheat,25946,21409.565,4536.435000000001
Azerbaijan,Maize,45551,35078.61,10472.39
Azerbaijan,Potatoes,144945,116628.74,28316.259999999995
Azerbaijan,"Rice, paddy",23963,43542.86,-19579.86
Azerbaijan,Soybeans,7136,14207.405,-7071.405000000001
Azerbaijan,Wheat,19381,23617.3,-4236.299999999999
Azerbaijan,Maize,45460,33263.39,12196.61
Azerbaijan,Potatoes,143973,112216.11,31756.89
Azerbaijan,"Rice, paddy",20947,43517.995,-22570.995000000003
Azerbaijan,Soybeans,6717,13507.43,-6790.43
Azerbaijan,Wheat,24376,21320.31,3055.6899999999987
Azerbaijan,Maize,51029,35243.235,15785.765
Azerbaijan,Potatoes,146740,117766.145,28973.854999999996
Azerbaijan,"Rice, paddy",22249,43800.755,-21551.754999999997
Azerbaijan,Sorghum,1500,18725.62,-17225.62
Azerbaijan,Soybeans,6587,14641.135,-8054.135
Azerbaijan,Wheat,26144,23763.815,2380.1850000000013
Azerbaijan,Maize,53903,33737.42,20165.58
Azerbaijan,Potatoes,151999,119396.815,32602.184999999998
Azerbaijan,"Rice, paddy",22808,39052.25,-16244.25
Azerbaijan,Sorghum,5000,19712.76,-14712.759999999998
Azerbaijan,Soybeans,6457,14403.89,-7946.889999999999
Azerbaijan,Wheat,26719,23597.485,3121.5149999999994
Bahamas,Cassava,100000,89260.45,10739.550000000003
Bahamas,Maize,30500,24065.54,6434.459999999999
Bahamas,Sweet potatoes,34792,31353.31,3438.6899999999987
Bahamas,Cassava,103333,90740.225,12592.774999999994
Bahamas,Maize,35500,23451.33,12048.669999999998
Bahamas,Sweet potatoes,33846,33983.18,-137.1800000000003
Bahamas,Cassava,106816,90681.02,16134.979999999996
Bahamas,Maize,36000,23560.05,12439.95
Bahamas,Sweet potatoes,34323,33503.695,819.3050000000003
Bahamas,Cassava,106250,91593.795,14656.205000000002
Bahamas,Maize,38000,23491.28,14508.720000000001
Bahamas,Sweet potatoes,34519,35624.38,-1105.3799999999974
Bahamas,Cassava,105556,89850.49,15705.509999999995
Bahamas,Maize,40000,23461.52,16538.48
Bahamas,Sweet potatoes,34364,31970.38,2393.619999999999
Bahamas,Cassava,139562,89885.98,49676.020000000004
Bahamas,Maize,47619,23447.615,24171.385
Bahamas,Sweet potatoes,34462,33431.79,1030.2099999999991
Bahamas,Cassava,180917,90740.225,90176.775
Bahamas,Maize,60000,23445.525,36554.475
Bahamas,Sweet potatoes,34560,33983.18,576.8199999999997
Bahamas,Cassava,221795,95084.66,126710.34
Bahamas,Maize,75333,19799.81,55533.19
Bahamas,Plantains and others,79048,58689.3,20358.699999999997
Bahamas,Sweet potatoes,34658,42855.925,-8197.925000000003
Bahamas,Cassava,225128,89921.64,135206.36
Bahamas,Maize,73085,23484.025,49600.975
Bahamas,Plantains and others,78182,61134.08,17047.92
Bahamas,Sweet potatoes,34757,31409.41,3347.59
Bahamas,Cassava,223000,90740.225,132259.775
Bahamas,Maize,73404,23445.525,49958.475
Bahamas,Plantains and others,77391,60985.67,16405.33
Bahamas,Sweet potatoes,34855,33983.18,871.8199999999997
Bahamas,Cassava,221509,89180.84,132328.16
Bahamas,Maize,74465,23480.885,50984.115000000005
Bahamas,Plantains and others,76928,61331.465,15596.535000000003
Bahamas,Sweet potatoes,34953,30666.645,4286.355
Bahrain,Potatoes,190000,111447.675,78552.325
Bahrain,Potatoes,180000,113245.52,66754.48
Bahrain,Potatoes,100000,115033.805,-15033.804999999993
Bahrain,Potatoes,130000,113528.855,16471.145000000004
Bahrain,Potatoes,255556,119354.025,136201.975
Bahrain,Potatoes,210000,115060.315,94939.685
Bahrain,Potatoes,166667,113981.93,52685.07000000001
Bahrain,Potatoes,155598,112366.22,43231.78
Bahrain,Potatoes,171162,112504.445,58657.55499999999
Bahrain,Potatoes,177812,112921.135,64890.865000000005
Bahrain,Potatoes,179569,112332.88,67236.12
Bangladesh,Maize,40349,24070.97,16278.029999999999
Bangladesh,Maize,40349,24070.97,16278.029999999999
Bangladesh,Potatoes,126010,127004.095,-994.0950000000012
Bangladesh,Potatoes,126010,127004.095,-994.0950000000012
Bangladesh,"Rice, paddy",34902,33598.8,1303.199999999997
Bangladesh,"Rice, paddy",34902,33598.8,1303.199999999997
Bangladesh,Sorghum,12361,12961.08,-600.0799999999999
Bangladesh,Sorghum,12361,12961.08,-600.0799999999999
Bangladesh,Sweet potatoes,90919,92114.27,-1195.270000000004
Bangladesh,Sweet potatoes,90919,92114.27,-1195.270000000004
Bangladesh,Wheat,21644,21980.27,-336.27000000000044
Bangladesh,Wheat,21644,21980.27,-336.27000000000044
Bangladesh,Maize,48243,23753.56,24489.44
Bangladesh,Maize,48243,23753.56,24489.44
Bangladesh,Potatoes,144313,132474.96,11838.040000000008
Bangladesh,Potatoes,144313,132474.96,11838.040000000008
Bangladesh,"Rice, paddy",35359,32746.84,2612.16
Bangladesh,"Rice, paddy",35359,32746.84,2612.16
Bangladesh,Sorghum,11633,14076.94,-2443.9400000000005
Bangladesh,Sorghum,11633,14076.94,-2443.9400000000005
Bangladesh,Sweet potatoes,89459,93652.535,-4193.5350000000035
Bangladesh,Sweet potatoes,89459,93652.535,-4193.5350000000035
Bangladesh,Wheat,19527,21217.2,-1690.2000000000007
Bangladesh,Wheat,19527,21217.2,-1690.2000000000007
Bangladesh,Maize,53311,23274.795,30036.205
Bangladesh,Maize,53311,23274.795,30036.205
Bangladesh,Potatoes,148805,143617.765,5187.234999999986
Bangladesh,Potatoes,148805,143617.765,5187.234999999986
Bangladesh,"Rice, paddy",37814,32782.77,5031.230000000003
Bangladesh,"Rice, paddy",37814,32782.77,5031.230000000003
Bangladesh,Sorghum,13214,14262.28,-1048.2800000000007
Bangladesh,Sorghum,13214,14262.28,-1048.2800000000007
Bangladesh,Soybeans,14148,17611.4,-3463.4000000000015
Bangladesh,Soybeans,14148,17611.4,-3463.4000000000015
Bangladesh,Sweet potatoes,88704,93233.51,-4529.509999999995
Bangladesh,Sweet potatoes,88704,93233.51,-4529.509999999995
Bangladesh,Wheat,17478,21801.04,-4323.040000000001
Bangladesh,Wheat,17478,21801.04,-4323.040000000001
Bangladesh,Maize,52998,22298.33,30699.67
Bangladesh,Maize,52998,22298.33,30699.67
Bangladesh,Potatoes,143848,140949.815,2898.1849999999977
Bangladesh,Potatoes,143848,140949.815,2898.1849999999977
Bangladesh,"Rice, paddy",38541,32698.195,5842.805
Bangladesh,"Rice, paddy",38541,32698.195,5842.805
Bangladesh,Sorghum,13587,14873.97,-1286.9699999999993
Bangladesh,Sorghum,13587,14873.97,-1286.9699999999993
Bangladesh,Soybeans,15144,17712.85,-2568.8499999999985
Bangladesh,Soybeans,15144,17712.85,-2568.8499999999985
Bangladesh,Sweet potatoes,90254,93299.815,-3045.8150000000023
Bangladesh,Sweet potatoes,90254,93299.815,-3045.8150000000023
Bangladesh,Wheat,15344,21510.235,-6166.235000000001
Bangladesh,Wheat,15344,21510.235,-6166.235000000001
Bangladesh,Maize,59812,25177.8,34634.2
Bangladesh,Maize,59812,25177.8,34634.2
Bangladesh,Potatoes,149768,144786.43,4981.570000000007
Bangladesh,Potatoes,149768,144786.43,4981.570000000007
Bangladesh,"Rice, paddy",40833,32817.17,8015.830000000002
Bangladesh,"Rice, paddy",40833,32817.17,8015.830000000002
Bangladesh,Sorghum,13462,13716.995,-254.9950000000008
Bangladesh,Sorghum,13462,13716.995,-254.9950000000008
Bangladesh,Soybeans,14717,17839.96,-3122.959999999999
Bangladesh,Soybeans,14717,17839.96,-3122.959999999999
Bangladesh,Sweet potatoes,90479,95033.385,-4554.384999999995
Bangladesh,Sweet potatoes,90479,95033.385,-4554.384999999995
Bangladesh,Wheat,18471,21972.195,-3501.1949999999997
Bangladesh,Wheat,18471,21972.195,-3501.1949999999997
Bangladesh,Maize,60172,24603.525,35568.475
Bangladesh,Maize,60172,24603.525,35568.475
Bangladesh,Potatoes,165373,144058.96,21314.040000000008
Bangladesh,Potatoes,165373,144058.96,21314.040000000008
Bangladesh,"Rice, paddy",41441,32830.055,8610.945
Bangladesh,"Rice, paddy",41441,32830.055,8610.945
Bangladesh,Sorghum,21505,13914.68,7590.32
Bangladesh,Sorghum,21505,13914.68,7590.32
Bangladesh,Soybeans,15026,17931.06,-2905.0600000000013
Bangladesh,Soybeans,15026,17931.06,-2905.0600000000013
Bangladesh,Sweet potatoes,97290,95633.76,1656.2400000000052
Bangladesh,Sweet potatoes,97290,95633.76,1656.2400000000052
Bangladesh,Wheat,21753,22069.18,-316.1800000000003
Bangladesh,Wheat,21753,22069.18,-316.1800000000003
Bangladesh,Maize,56831,22553.2,34277.8
Bangladesh,Maize,56831,22553.2,34277.8
Bangladesh,Potatoes,133367,143978.805,-10611.804999999993
Bangladesh,Potatoes,133367,143978.805,-10611.804999999993
Bangladesh,"Rice, paddy",42404,32448.47,9955.529999999999
Bangladesh,"Rice, paddy",42404,32448.47,9955.529999999999
Bangladesh,Sorghum,13300,14954.66,-1654.6599999999999
Bangladesh,Sorghum,13300,14954.66,-1654.6599999999999
Bangladesh,Soybeans,14660,17872.405,-3212.404999999999
Bangladesh,Soybeans,14660,17872.405,-3212.404999999999
Bangladesh,Sweet potatoes,96232,95714.745,517.2550000000047
Bangladesh,Sweet potatoes,96232,95714.745,517.2550000000047
Bangladesh,Wheat,21516,21661.935,-145.9350000000013
Bangladesh,Wheat,21516,21661.935,-145.9350000000013
Bangladesh,Maize,58378,22446.015,35931.985
Bangladesh,Maize,58378,22446.015,35931.985
Bangladesh,Potatoes,182299,143978.805,38320.19500000001
Bangladesh,Potatoes,182299,143978.805,38320.19500000001
Bangladesh,"Rice, paddy",43422,32379.32,11042.68
Bangladesh,"Rice, paddy",43422,32379.32,11042.68
Bangladesh,Sorghum,12806,15016.925,-2210.9249999999993
Bangladesh,Sorghum,12806,15016.925,-2210.9249999999993
Bangladesh,Soybeans,17090,17825.08,-735.0800000000017
Bangladesh,Soybeans,17090,17825.08,-735.0800000000017
Bangladesh,Sweet potatoes,98688,95714.745,2973.2550000000047
Bangladesh,Sweet potatoes,98688,95714.745,2973.2550000000047
Bangladesh,Wheat,23959,21619.925,2339.0750000000007
Bangladesh,Wheat,23959,21619.925,2339.0750000000007
Bangladesh,Maize,61512,23524.11,37987.89
Bangladesh,Maize,61512,23524.11,37987.89
Bangladesh,Potatoes,180931,143308.295,37622.70499999999
Bangladesh,Potatoes,180931,143308.295,37622.70499999999
Bangladesh,"Rice, paddy",43917,32508.365,11408.634999999998
Bangladesh,"Rice, paddy",43917,32508.365,11408.634999999998
Bangladesh,Sorghum,14667,13710.34,956.6599999999999
Bangladesh,Sorghum,14667,13710.34,956.6599999999999
Bangladesh,Soybeans,15898,17918.92,-2020.9199999999983
Bangladesh,Soybeans,15898,17918.92,-2020.9199999999983
Bangladesh,Sweet potatoes,97962,96217.87,1744.1300000000047
Bangladesh,Sweet potatoes,97962,96217.87,1744.1300000000047
Bangladesh,Wheat,26012,21919.915,4092.084999999999
Bangladesh,Wheat,26012,21919.915,4092.084999999999
Bangladesh,Maize,65838,22889.615,42948.384999999995
Bangladesh,Maize,65838,22889.615,42948.384999999995
Bangladesh,Potatoes,190627,143880.915,46746.08499999999
Bangladesh,Potatoes,190627,143880.915,46746.08499999999
Bangladesh,"Rice, paddy",44206,32517.91,11688.09
Bangladesh,"Rice, paddy",44206,32517.91,11688.09
Bangladesh,Sorghum,13452,14295.075,-843.0750000000007
Bangladesh,Sorghum,13452,14295.075,-843.0750000000007
Bangladesh,Soybeans,15814,17934.15,-2120.1500000000015
Bangladesh,Soybeans,15814,17934.15,-2120.1500000000015
Bangladesh,Sweet potatoes,102939,95686.11,7252.889999999999
Bangladesh,Sweet potatoes,102939,95686.11,7252.889999999999
Bangladesh,Wheat,27789,21871.61,5917.389999999999
Bangladesh,Wheat,27789,21871.61,5917.389999999999
Bangladesh,Maize,65953,22488.265,43464.735
Bangladesh,Maize,65953,22488.265,43464.735
Bangladesh,Potatoes,193790,143838.835,49951.16500000001
Bangladesh,Potatoes,193790,143838.835,49951.16500000001
Bangladesh,"Rice, paddy",45317,32262.63,13054.369999999999
Bangladesh,"Rice, paddy",45317,32262.63,13054.369999999999
Bangladesh,Sorghum,11343,14996.135,-3653.135
Bangladesh,Sorghum,11343,14996.135,-3653.135
Bangladesh,Soybeans,14729,17804.205,-3075.2050000000017
Bangladesh,Soybeans,14729,17804.205,-3075.2050000000017
Bangladesh,Sweet potatoes,97019,96979.58,39.419999999998254
Bangladesh,Sweet potatoes,97019,96979.58,39.419999999998254
Bangladesh,Wheat,30138,21296.935,8841.064999999999
Bangladesh,Wheat,30138,21296.935,8841.064999999999
Belarus,Maize,32889,25529.515,7359.485000000001
Belarus,Potatoes,134922,120271.935,14650.065000000002
Belarus,Wheat,26919,20837.76,6081.240000000002
Belarus,Maize,35297,24927.405,10369.595000000001
Belarus,Potatoes,195459,122245.935,73213.065
Belarus,Wheat,33040,21787.16,11252.84
Belarus,Maize,39965,25178.315,14786.685000000001
Belarus,Potatoes,177299,122400.445,54898.55499999999
Belarus,Wheat,32812,21789.875,11022.125
Belarus,Maize,39390,25178.315,14211.685000000001
Belarus,Potatoes,191956,122497.59,69458.41
Belarus,Wheat,28191,21789.875,6401.125
Belarus,Maize,50653,24809.23,25843.77
Belarus,Potatoes,211948,125110.315,86837.685
Belarus,Wheat,32771,21242.355,11528.645
Belarus,Maize,43890,27495.65,16394.35
Belarus,Potatoes,220735,126102.87,94632.13
Belarus,Wheat,39752,21347.58,18404.42
Belarus,Maize,46818,25631.845,21186.155
Belarus,Potatoes,186040,120252.08,65787.92
Belarus,Wheat,35428,21968.625,13459.375
Belarus,Maize,49306,25458.98,23847.02
Belarus,Potatoes,213518,122032.54,91485.46
Belarus,Wheat,28851,21748.465,7102.535
Belarus,Maize,65950,25528.835,40421.165
Belarus,Potatoes,209564,120550.01,89013.99
Belarus,Wheat,33088,20864.235,12223.765
Belarus,Maize,50407,24757.03,25649.97
Belarus,Potatoes,208131,126399.415,81731.585
Belarus,Wheat,35822,21993.51,13828.490000000002
Belarus,Maize,55656,28018.825,27637.175
Belarus,Potatoes,193536,130237.44,63298.56
Belarus,Wheat,30610,21416.74,9193.259999999998
Belgium,Maize,111962,107437.165,4524.835000000006
Belgium,Potatoes,471475,411039.255,60435.744999999995
Belgium,Wheat,82757,75636.64,7120.360000000001
Belgium,Maize,122246,107695.985,14550.015
Belgium,Potatoes,483955,408271.265,75683.73499999999
Belgium,Wheat,89806,76676.56,13129.440000000002
Belgium,Maize,116872,107608.2,9263.800000000003
Belgium,Potatoes,428135,412158.545,15976.455000000016
Belgium,Wheat,82733,76186.31,6546.690000000002
Belgium,Maize,101929,108890.23,-6961.229999999996
Belgium,Potatoes,385452,401709.645,-16257.645000000019
Belgium,Wheat,82549,75838.095,6710.904999999999
Belgium,Maize,131278,108525.37,22752.630000000005
Belgium,Potatoes,469491,400517.26,68973.73999999999
Belgium,Wheat,78908,75233.155,3674.845000000001
Belgium,Maize,119258,108824.225,10433.774999999994
Belgium,Potatoes,460711,393433.19,67277.81
Belgium,Wheat,87585,76435.86,11149.14
Belgium,Maize,121174,108625.625,12548.375
Belgium,Potatoes,447083,394535.71,52547.28999999998
Belgium,Wheat,94652,72883.14,21768.86
Belgium,Maize,119283,103006.62,16276.380000000005
Belgium,Potatoes,422676,387606.555,35069.44500000001
Belgium,Wheat,88272,71207.745,17064.255000000005
Belgium,Maize,119360,108207.13,11152.869999999995
Belgium,Potatoes,501412,396526.475,104885.52500000002
Belgium,Wheat,84046,71737.765,12308.235
Belgium,Maize,102438,105966.24,-3528.2400000000052
Belgium,Potatoes,454233,394246.4,59986.59999999998
Belgium,Wheat,84522,72956.59,11565.410000000003
Belgium,Maize,111500,103643.815,7856.184999999998
Belgium,Potatoes,454642,392442.84,62199.159999999974
Belgium,Wheat,89349,72343.65,17005.350000000006
Botswana,Maize,2947,4071.36,-1124.3600000000001
Botswana,Sorghum,4218,7185.985,-2967.9849999999997
Botswana,Wheat,14563,16501.305,-1938.3050000000003
Botswana,Maize,1743,2542.4,-799.4000000000001
Botswana,Sorghum,3343,8225.635,-4882.635
Botswana,Wheat,12692,16174.365,-3482.365
Botswana,Maize,2297,2689.96,-392.96000000000004
Botswana,Sorghum,18316,6750.12,11565.880000000001
Botswana,Wheat,11614,16067.405,-4453.405000000001
Botswana,Maize,2511,2861.885,-350.8850000000002
Botswana,Sorghum,5024,7223.05,-2199.05
Botswana,Wheat,10452,15710.06,-5258.0599999999995
Botswana,Maize,1219,3176.695,-1957.6950000000002
Botswana,Sorghum,9979,7206.15,2772.8500000000004
Botswana,Wheat,9000,16628.625,-7628.625
Botswana,Maize,1844,2767.045,-923.0450000000001
Botswana,Sorghum,5507,7721.145,-2214.1450000000004
Botswana,Wheat,8000,16660.21,-8660.21
Botswana,Maize,2429,2756.805,-327.80499999999984
Botswana,Sorghum,5042,7488.64,-2446.6400000000003
Botswana,Maize,1617,2857.21,-1240.21
Botswana,Sorghum,5701,7164.46,-1463.46
Botswana,Maize,3473,2985.685,487.31500000000005
Botswana,Sorghum,6690,7811.14,-1121.1400000000003
Botswana,Maize,1370,4071.36,-2701.36
Botswana,Sorghum,6779,7217.09,-438.09000000000015
Botswana,Maize,849,3302.64,-2453.64
Botswana,Sorghum,3168,8029.54,-4861.54
Brazil,Cassava,137949,135101.425,2847.5750000000116
Brazil,Cassava,137949,135101.425,2847.5750000000116
Brazil,Cassava,137949,135101.425,2847.5750000000116
Brazil,Cassava,137949,135101.425,2847.5750000000116
Brazil,Cassava,137949,135512.545,2436.454999999987
Brazil,Cassava,137949,135101.425,2847.5750000000116
Brazil,Cassava,137949,135110.47,2838.529999999999
Brazil,Cassava,137949,135101.425,2847.5750000000116
Brazil,Cassava,137949,135104.44,2844.5599999999977
Brazil,Cassava,137949,135104.44,2844.5599999999977
Brazil,Cassava,137949,135104.44,2844.5599999999977
Brazil,Maize,30559,29813.385,745.6150000000016
Brazil,Maize,30559,29732.91,826.0900000000001
Brazil,Maize,30559,29623.995,935.005000000001
Brazil,Maize,30559,29623.995,935.005000000001
Brazil,Maize,30559,29705.98,853.0200000000004
Brazil,Maize,30559,29732.91,826.0900000000001
Brazil,Maize,30559,29532.605,1026.3950000000004
Brazil,Maize,30559,29683.81,875.1899999999987
Brazil,Maize,30559,29604.295,954.7050000000017
Brazil,Maize,30559,29743.27,815.7299999999996
Brazil,Maize,30559,29676.95,882.0499999999993
Brazil,Potatoes,194038,177465.09,16572.910000000003
Brazil,Potatoes,194038,177560.885,16477.11499999999
Brazil,Potatoes,194038,178685.34,15352.660000000003
Brazil,Potatoes,194038,178685.34,15352.660000000003
Brazil,Potatoes,194038,176459.135,17578.86499999999
Brazil,Potatoes,194038,177560.885,16477.11499999999
Brazil,Potatoes,194038,177070.19,16967.809999999998
Brazil,Potatoes,194038,181709.285,12328.714999999997
Brazil,Potatoes,194038,177596.93,16441.070000000007
Brazil,Potatoes,194038,177531.01,16506.98999999999
Brazil,Potatoes,194038,177531.01,16506.98999999999
Brazil,"Rice, paddy",33246,32192.585,1053.4150000000009
Brazil,"Rice, paddy",33246,32111.345,1134.6549999999988
Brazil,"Rice, paddy",33246,32053.305,1192.6949999999997
Brazil,"Rice, paddy",33246,32053.305,1192.6949999999997
Brazil,"Rice, paddy",33246,32174.255,1071.744999999999
Brazil,"Rice, paddy",33246,32111.345,1134.6549999999988
Brazil,"Rice, paddy",33246,32192.585,1053.4150000000009
Brazil,"Rice, paddy",33246,32050.71,1195.2900000000009
Brazil,"Rice, paddy",33246,32192.585,1053.4150000000009
Brazil,"Rice, paddy",33246,32192.585,1053.4150000000009
Brazil,"Rice, paddy",33246,32192.585,1053.4150000000009
Brazil,Sorghum,18573,16706.065,1866.9350000000013
Brazil,Sorghum,18573,16724.27,1848.7299999999996
Brazil,Sorghum,18573,16759.74,1813.2599999999984
Brazil,Sorghum,18573,16759.74,1813.2599999999984
Brazil,Sorghum,18573,16763.42,1809.5800000000017
Brazil,Sorghum,18573,16724.27,1848.7299999999996
Brazil,Sorghum,18573,16687.86,1885.1399999999994
Brazil,Sorghum,18573,16709.555,1863.4449999999997
Brazil,Sorghum,18573,16706.065,1866.9350000000013
Brazil,Sorghum,18573,16706.065,1866.9350000000013
Brazil,Sorghum,18573,16706.065,1866.9350000000013
Brazil,Soybeans,25739,26100.225,-361.22499999999854
Brazil,Soybeans,25739,26069.505,-330.505000000001
Brazil,Soybeans,25739,26135.33,-396.33000000000175
Brazil,Soybeans,25739,26135.33,-396.33000000000175
Brazil,Soybeans,25739,26127.13,-388.130000000001
Brazil,Soybeans,25739,26069.505,-330.505000000001
Brazil,Soybeans,25739,26092.56,-353.5600000000013
Brazil,Soybeans,25739,26136.515,-397.5149999999994
Brazil,Soybeans,25739,26100.225,-361.22499999999854
Brazil,Soybeans,25739,26100.225,-361.22499999999854
Brazil,Soybeans,25739,26100.225,-361.22499999999854
Brazil,Sweet potatoes,113463,112064.63,1398.3699999999953
Brazil,Sweet potatoes,113463,108598.11,4864.889999999999
Brazil,Sweet potatoes,113463,111849.81,1613.1900000000023
Brazil,Sweet potatoes,113463,111849.81,1613.1900000000023
Brazil,Sweet potatoes,113463,112528.725,934.2749999999942
Brazil,Sweet potatoes,113463,108598.11,4864.889999999999
Brazil,Sweet potatoes,113463,112660.99,802.0099999999948
Brazil,Sweet potatoes,113463,112117.135,1345.8650000000052
Brazil,Sweet potatoes,113463,112571.305,891.695000000007
Brazil,Sweet potatoes,113463,112595.235,867.7649999999994
Brazil,Sweet potatoes,113463,112615.4,847.6000000000058
Brazil,Wheat,14754,16456.8,-1702.7999999999993
Brazil,Wheat,14754,16517.565,-1763.5649999999987
Brazil,Wheat,14754,16712.875,-1958.875
Brazil,Wheat,14754,16712.875,-1958.875
Brazil,Wheat,14754,16708.04,-1954.0400000000009
Brazil,Wheat,14754,16517.565,-1763.5649999999987
Brazil,Wheat,14754,16559.225,-1805.2249999999985
Brazil,Wheat,14754,16779.775,-2025.7750000000015
Brazil,Wheat,14754,16456.8,-1702.7999999999993
Brazil,Wheat,14754,16494.765,-1740.7649999999994
Brazil,Wheat,14754,16516.425,-1762.4249999999993
Brazil,Yams,92000,91033.09,966.9100000000035
Brazil,Yams,92000,91033.09,966.9100000000035
Brazil,Yams,92000,91033.09,966.9100000000035
Brazil,Yams,92000,91033.09,966.9100000000035
Brazil,Yams,92000,91033.09,966.9100000000035
Brazil,Yams,92000,91033.09,966.9100000000035
Brazil,Yams,92000,91033.09,966.9100000000035
Brazil,Yams,92000,91033.09,966.9100000000035
Brazil,Yams,92000,91033.09,966.9100000000035
Brazil,Yams,92000,91033.09,966.9100000000035
Brazil,Yams,92000,91033.09,966.9100000000035
Brazil,Cassava,136343,135418.0,925.0
Brazil,Cassava,136343,135418.0,925.0
Brazil,Cassava,136343,135418.0,925.0
Brazil,Cassava,136343,135418.0,925.0
Brazil,Cassava,136343,135418.0,925.0
Brazil,Cassava,136343,135418.0,925.0
Brazil,Cassava,136343,135418.0,925.0
Brazil,Cassava,136343,135418.0,925.0
Brazil,Cassava,136343,135418.0,925.0
Brazil,Cassava,136343,135418.0,925.0
Brazil,Cassava,136343,135418.0,925.0
Brazil,Maize,33671,33984.43,-313.4300000000003
Brazil,Maize,33671,34019.0,-348.0
Brazil,Maize,33671,33049.05,621.9499999999971
Brazil,Maize,33671,33049.05,621.9499999999971
Brazil,Maize,33671,33912.04,-241.04000000000087
Brazil,Maize,33671,34019.0,-348.0
Brazil,Maize,33671,33669.85,1.1500000000014552
Brazil,Maize,33671,33809.605,-138.6050000000032
Brazil,Maize,33671,33775.725,-104.72499999999854
Brazil,Maize,33671,33914.7,-243.6999999999971
Brazil,Maize,33671,33914.7,-243.6999999999971
Brazil,Potatoes,213525,184895.035,28629.964999999997
Brazil,Potatoes,213525,185412.02,28112.98000000001
Brazil,Potatoes,213525,183065.115,30459.88500000001
Brazil,Potatoes,213525,183065.115,30459.88500000001
Brazil,Potatoes,213525,184676.535,28848.464999999997
Brazil,Potatoes,213525,185412.02,28112.98000000001
Brazil,Potatoes,213525,184997.0,28528.0
Brazil,Potatoes,213525,184569.25,28955.75
Brazil,Potatoes,213525,184997.0,28528.0
Brazil,Potatoes,213525,184997.0,28528.0
Brazil,Potatoes,213525,184997.0,28528.0
Brazil,"Rice, paddy",35565,32405.0,3160.0
Brazil,"Rice, paddy",35565,32318.89,3246.1100000000006
Brazil,"Rice, paddy",35565,31649.15,3915.8499999999985
Brazil,"Rice, paddy",35565,31649.15,3915.8499999999985
Brazil,"Rice, paddy",35565,32386.67,3178.3300000000017
Brazil,"Rice, paddy",35565,32318.89,3246.1100000000006
Brazil,"Rice, paddy",35565,32405.0,3160.0
Brazil,"Rice, paddy",35565,32374.655,3190.345000000001
Brazil,"Rice, paddy",35565,32405.0,3160.0
Brazil,"Rice, paddy",35565,32405.0,3160.0
Brazil,"Rice, paddy",35565,32405.0,3160.0
Brazil,Sorghum,23187,18654.0,4533.0
Brazil,Sorghum,23187,18639.285,4547.715
Brazil,Sorghum,23187,18189.445,4997.555
Brazil,Sorghum,23187,18189.445,4997.555
Brazil,Sorghum,23187,18724.335,4462.665000000001
Brazil,Sorghum,23187,18639.285,4547.715
Brazil,Sorghum,23187,18635.795,4551.205000000002
Brazil,Sorghum,23187,18616.65,4570.3499999999985
Brazil,Sorghum,23187,18654.0,4533.0
Brazil,Sorghum,23187,18654.0,4533.0
Brazil,Sorghum,23187,18654.0,4533.0
Brazil,Soybeans,23005,27105.0,-4100.0
Brazil,Soybeans,23005,27105.0,-4100.0
Brazil,Soybeans,23005,26779.9,-3774.9000000000015
Brazil,Soybeans,23005,26779.9,-3774.9000000000015
Brazil,Soybeans,23005,27131.905,-4126.904999999999
Brazil,Soybeans,23005,27105.0,-4100.0
Brazil,Soybeans,23005,27097.335,-4092.334999999999
Brazil,Soybeans,23005,27088.335,-4083.334999999999
Brazil,Soybeans,23005,27105.0,-4100.0
Brazil,Soybeans,23005,27105.0,-4100.0
Brazil,Soybeans,23005,27105.0,-4100.0
Brazil,Sweet potatoes,114957,112153.275,2803.725000000006
Brazil,Sweet potatoes,114957,113032.42,1924.5800000000017
Brazil,Sweet potatoes,114957,111521.805,3435.195000000007
Brazil,Sweet potatoes,114957,111521.805,3435.195000000007
Brazil,Sweet potatoes,114957,113350.865,1606.1349999999948
Brazil,Sweet potatoes,114957,113032.42,1924.5800000000017
Brazil,Sweet potatoes,114957,113494.415,1462.5850000000064
Brazil,Sweet potatoes,114957,113009.58,1947.4199999999983
Brazil,Sweet potatoes,114957,113404.73,1552.270000000004
Brazil,Sweet potatoes,114957,113460.11,1496.8899999999994
Brazil,Sweet potatoes,114957,113464.55,1492.449999999997
Brazil,Wheat,20728,19461.625,1266.375
Brazil,Wheat,20728,19533.315,1194.6850000000013
Brazil,Wheat,20728,18974.89,1753.1100000000006
Brazil,Wheat,20728,18974.89,1753.1100000000006
Brazil,Wheat,20728,19718.415,1009.5849999999991
Brazil,Wheat,20728,19533.315,1194.6850000000013
Brazil,Wheat,20728,19538.995,1189.005000000001
Brazil,Wheat,20728,19486.47,1241.5299999999988
Brazil,Wheat,20728,19444.68,1283.3199999999997
Brazil,Wheat,20728,19504.305,1223.6949999999997
Brazil,Wheat,20728,19504.305,1223.6949999999997
Brazil,Yams,92345,90385.0,1960.0
Brazil,Yams,92345,90385.0,1960.0
Brazil,Yams,92345,90385.0,1960.0
Brazil,Yams,92345,90385.0,1960.0
Brazil,Yams,92345,90385.0,1960.0
Brazil,Yams,92345,90385.0,1960.0
Brazil,Yams,92345,90385.0,1960.0
Brazil,Yams,92345,90385.0,1960.0
Brazil,Yams,92345,90385.0,1960.0
Brazil,Yams,92345,90385.0,1960.0
Brazil,Yams,92345,90385.0,1960.0
Brazil,Cassava,136059,135418.0,641.0
Brazil,Cassava,136059,135418.0,641.0
Brazil,Cassava,136059,135418.0,641.0
Brazil,Cassava,136059,135418.0,641.0
Brazil,Cassava,136059,135817.06,241.94000000000233
Brazil,Cassava,136059,135418.0,641.0
Brazil,Cassava,136059,135418.0,641.0
Brazil,Cassava,136059,135418.0,641.0
Brazil,Cassava,136059,135418.0,641.0
Brazil,Cassava,136059,135418.0,641.0
Brazil,Cassava,136059,135418.0,641.0
Brazil,Maize,30403,33984.43,-3581.4300000000003
Brazil,Maize,30403,34019.0,-3616.0
Brazil,Maize,30403,33602.64,-3199.6399999999994
Brazil,Maize,30403,33602.64,-3199.6399999999994
Brazil,Maize,30403,33672.79,-3269.790000000001
Brazil,Maize,30403,34019.0,-3616.0
Brazil,Maize,30403,33669.85,-3266.8499999999985
Brazil,Maize,30403,34019.0,-3616.0
Brazil,Maize,30403,33775.725,-3372.7249999999985
Brazil,Maize,30403,33914.7,-3511.699999999997
Brazil,Maize,30403,33848.38,-3445.3799999999974
Brazil,Potatoes,220095,184997.0,35098.0
Brazil,Potatoes,220095,184931.08,35163.92000000001
Brazil,Potatoes,220095,184041.89,36053.109999999986
Brazil,Potatoes,220095,184041.89,36053.109999999986
Brazil,Potatoes,220095,184035.605,36059.39499999999
Brazil,Potatoes,220095,184931.08,35163.92000000001
Brazil,Potatoes,220095,184676.535,35418.465
Brazil,Potatoes,220095,188360.53,31734.47
Brazil,Potatoes,220095,184997.0,35098.0
Brazil,Potatoes,220095,184997.0,35098.0
Brazil,Potatoes,220095,184997.0,35098.0
Brazil,"Rice, paddy",33691,32405.0,1286.0
Brazil,"Rice, paddy",33691,32313.645,1377.3549999999996
Brazil,"Rice, paddy",33691,32334.195,1356.8050000000003
Brazil,"Rice, paddy",33691,32334.195,1356.8050000000003
Brazil,"Rice, paddy",33691,32386.67,1304.3300000000017
Brazil,"Rice, paddy",33691,32313.645,1377.3549999999996
Brazil,"Rice, paddy",33691,32386.67,1304.3300000000017
Brazil,"Rice, paddy",33691,32253.01,1437.9900000000016
Brazil,"Rice, paddy",33691,32405.0,1286.0
Brazil,"Rice, paddy",33691,32405.0,1286.0
Brazil,"Rice, paddy",33691,32405.0,1286.0
Brazil,Sorghum,19296,18654.0,642.0
Brazil,Sorghum,19296,18654.0,642.0
Brazil,Sorghum,19296,18532.595,763.4049999999988
Brazil,Sorghum,19296,18532.595,763.4049999999988
Brazil,Sorghum,19296,18711.355,584.6450000000004
Brazil,Sorghum,19296,18654.0,642.0
Brazil,Sorghum,19296,18706.13,589.869999999999
Brazil,Sorghum,19296,18639.285,656.7150000000001
Brazil,Sorghum,19296,18654.0,642.0
Brazil,Sorghum,19296,18654.0,642.0
Brazil,Sorghum,19296,18654.0,642.0
Brazil,Soybeans,22303,27105.0,-4802.0
Brazil,Soybeans,22303,27105.0,-4802.0
Brazil,Soybeans,22303,26998.97,-4695.970000000001
Brazil,Soybeans,22303,26998.97,-4695.970000000001
Brazil,Soybeans,22303,27131.905,-4828.904999999999
Brazil,Soybeans,22303,27105.0,-4802.0
Brazil,Soybeans,22303,27131.905,-4828.904999999999
Brazil,Soybeans,22303,27141.75,-4838.75
Brazil,Soybeans,22303,27105.0,-4802.0
Brazil,Soybeans,22303,27105.0,-4802.0
Brazil,Soybeans,22303,27105.0,-4802.0
Brazil,Sweet potatoes,113360,113156.435,203.56500000000233
Brazil,Sweet potatoes,113360,113325.44,34.55999999999767
Brazil,Sweet potatoes,113360,112835.96,524.0399999999936
Brazil,Sweet potatoes,113360,112835.96,524.0399999999936
Brazil,Sweet potatoes,113360,113378.57,-18.570000000006985
Brazil,Sweet potatoes,113360,113325.44,34.55999999999767
Brazil,Sweet potatoes,113360,113235.625,124.375
Brazil,Sweet potatoes,113360,113305.625,54.375
Brazil,Sweet potatoes,113360,113480.275,-120.27499999999418
Brazil,Sweet potatoes,113360,113460.11,-100.11000000000058
Brazil,Sweet potatoes,113360,113464.55,-104.55000000000291
Brazil,Wheat,19735,19488.0,247.0
Brazil,Wheat,19735,19416.925,318.0750000000007
Brazil,Wheat,19735,19234.49,500.5099999999984
Brazil,Wheat,19735,19234.49,500.5099999999984
Brazil,Wheat,19735,19530.36,204.63999999999942
Brazil,Wheat,19735,19416.925,318.0750000000007
Brazil,Wheat,19735,19517.335,217.66500000000087
Brazil,Wheat,19735,19560.57,174.4300000000003
Brazil,Wheat,19735,19444.68,290.3199999999997
Brazil,Wheat,19735,19504.305,230.6949999999997
Brazil,Wheat,19735,19482.645,252.35499999999956
Brazil,Yams,92462,90385.0,2077.0
Brazil,Yams,92462,90385.0,2077.0
Brazil,Yams,92462,90385.0,2077.0
Brazil,Yams,92462,90385.0,2077.0
Brazil,Yams,92462,90385.0,2077.0
Brazil,Yams,92462,90385.0,2077.0
Brazil,Yams,92462,90385.0,2077.0
Brazil,Yams,92462,90385.0,2077.0
Brazil,Yams,92462,90385.0,2077.0
Brazil,Yams,92462,90385.0,2077.0
Brazil,Yams,92462,90385.0,2077.0
Brazil,Cassava,140463,135418.0,5045.0
Brazil,Cassava,140463,135418.0,5045.0
Brazil,Cassava,140463,135418.0,5045.0
Brazil,Cassava,140463,135418.0,5045.0
Brazil,Cassava,140463,135817.06,4645.940000000002
Brazil,Cassava,140463,135418.0,5045.0
Brazil,Cassava,140463,135418.0,5045.0
Brazil,Cassava,140463,135418.0,5045.0
Brazil,Cassava,140463,135418.0,5045.0
Brazil,Cassava,140463,135418.0,5045.0
Brazil,Cassava,140463,135418.0,5045.0
Brazil,Maize,33823,33984.43,-161.4300000000003
Brazil,Maize,33823,34019.0,-196.0
Brazil,Maize,33823,33377.91,445.0899999999965
Brazil,Maize,33823,33377.91,445.0899999999965
Brazil,Maize,33823,33708.92,114.08000000000175
Brazil,Maize,33823,34019.0,-196.0
Brazil,Maize,33823,33669.85,153.15000000000146
Brazil,Maize,33823,34019.0,-196.0
Brazil,Maize,33823,33775.725,47.275000000001455
Brazil,Maize,33823,33914.7,-91.69999999999709
Brazil,Maize,33823,33914.7,-91.69999999999709
Brazil,Potatoes,223802,184997.0,38805.0
Brazil,Potatoes,223802,184701.09,39100.91
Brazil,Potatoes,223802,183874.005,39927.994999999995
Brazil,Potatoes,223802,183874.005,39927.994999999995
Brazil,Potatoes,223802,184035.605,39766.39499999999
Brazil,Potatoes,223802,184701.09,39100.91
Brazil,Potatoes,223802,184676.535,39125.465
Brazil,Potatoes,223802,188360.53,35441.47
Brazil,Potatoes,223802,184997.0,38805.0
Brazil,Potatoes,223802,184997.0,38805.0
Brazil,Potatoes,223802,184997.0,38805.0
Brazil,"Rice, paddy",38798,32405.0,6393.0
Brazil,"Rice, paddy",38798,32303.53,6494.470000000001
Brazil,"Rice, paddy",38798,32278.395,6519.605
Brazil,"Rice, paddy",38798,32278.395,6519.605
Brazil,"Rice, paddy",38798,32386.67,6411.330000000002
Brazil,"Rice, paddy",38798,32303.53,6494.470000000001
Brazil,"Rice, paddy",38798,32405.0,6393.0
Brazil,"Rice, paddy",38798,32253.01,6544.990000000002
Brazil,"Rice, paddy",38798,32405.0,6393.0
Brazil,"Rice, paddy",38798,32405.0,6393.0
Brazil,"Rice, paddy",38798,32405.0,6393.0
Brazil,Sorghum,22223,18654.0,3569.0
Brazil,Sorghum,22223,18654.0,3569.0
Brazil,Sorghum,22223,18237.605,3985.3950000000004
Brazil,Sorghum,22223,18237.605,3985.3950000000004
Brazil,Sorghum,22223,18711.355,3511.6450000000004
Brazil,Sorghum,22223,18654.0,3569.0
Brazil,Sorghum,22223,18635.795,3587.2050000000017
Brazil,Sorghum,22223,18639.285,3583.715
Brazil,Sorghum,22223,18654.0,3569.0
Brazil,Sorghum,22223,18654.0,3569.0
Brazil,Sorghum,22223,18654.0,3569.0
Brazil,Soybeans,23796,27105.0,-3309.0
Brazil,Soybeans,23796,27105.0,-3309.0
Brazil,Soybeans,23796,26963.175,-3167.1749999999993
Brazil,Soybeans,23796,26963.175,-3167.1749999999993
Brazil,Soybeans,23796,27131.905,-3335.904999999999
Brazil,Soybeans,23796,27105.0,-3309.0
Brazil,Soybeans,23796,27097.335,-3301.334999999999
Brazil,Soybeans,23796,27141.75,-3345.75
Brazil,Soybeans,23796,27105.0,-3309.0
Brazil,Soybeans,23796,27105.0,-3309.0
Brazil,Soybeans,23796,27105.0,-3309.0
Brazil,Sweet potatoes,116902,112536.96,4365.039999999994
Brazil,Sweet potatoes,116902,113355.435,3546.5650000000023
Brazil,Sweet potatoes,116902,112676.675,4225.324999999997
Brazil,Sweet potatoes,116902,112676.675,4225.324999999997
Brazil,Sweet potatoes,116902,113350.865,3551.1349999999948
Brazil,Sweet potatoes,116902,113355.435,3546.5650000000023
Brazil,Sweet potatoes,116902,113494.415,3407.5850000000064
Brazil,Sweet potatoes,116902,113262.89,3639.1100000000006
Brazil,Sweet potatoes,116902,113480.275,3421.725000000006
Brazil,Sweet potatoes,116902,113460.11,3441.8899999999994
Brazil,Sweet potatoes,116902,113464.55,3437.449999999997
Brazil,Wheat,15927,19423.02,-3496.0200000000004
Brazil,Wheat,15927,19389.25,-3462.25
Brazil,Wheat,15927,19204.115,-3277.1150000000016
Brazil,Wheat,15927,19204.115,-3277.1150000000016
Brazil,Wheat,15927,19520.045,-3593.0449999999983
Brazil,Wheat,15927,19389.25,-3462.25
Brazil,Wheat,15927,19517.335,-3590.334999999999
Brazil,Wheat,15927,19560.57,-3633.5699999999997
Brazil,Wheat,15927,19444.68,-3517.6800000000003
Brazil,Wheat,15927,19504.305,-3577.3050000000003
Brazil,Wheat,15927,19504.305,-3577.3050000000003
Brazil,Yams,92308,90385.0,1923.0
Brazil,Yams,92308,90385.0,1923.0
Brazil,Yams,92308,90385.0,1923.0
Brazil,Yams,92308,90385.0,1923.0
Brazil,Yams,92308,90385.0,1923.0
Brazil,Yams,92308,90385.0,1923.0
Brazil,Yams,92308,90385.0,1923.0
Brazil,Yams,92308,90385.0,1923.0
Brazil,Yams,92308,90385.0,1923.0
Brazil,Yams,92308,90385.0,1923.0
Brazil,Yams,92308,90385.0,1923.0
Brazil,Cassava,140099,135418.0,4681.0
Brazil,Cassava,140099,135418.0,4681.0
Brazil,Cassava,140099,135418.0,4681.0
Brazil,Cassava,140099,135418.0,4681.0
Brazil,Cassava,140099,135817.06,4281.940000000002
Brazil,Cassava,140099,135418.0,4681.0
Brazil,Cassava,140099,135418.0,4681.0
Brazil,Cassava,140099,135418.0,4681.0
Brazil,Cassava,140099,135418.0,4681.0
Brazil,Cassava,140099,135418.0,4681.0
Brazil,Cassava,140099,135418.0,4681.0
Brazil,Maize,37852,33984.43,3867.5699999999997
Brazil,Maize,37852,34019.0,3833.0
Brazil,Maize,37852,33741.235,4110.764999999999
Brazil,Maize,37852,33741.235,4110.764999999999
Brazil,Maize,37852,33672.79,4179.209999999999
Brazil,Maize,37852,34019.0,3833.0
Brazil,Maize,37852,33669.85,4182.1500000000015
Brazil,Maize,37852,33826.025,4025.9749999999985
Brazil,Maize,37852,33775.725,4076.2750000000015
Brazil,Maize,37852,33914.7,3937.300000000003
Brazil,Maize,37852,33914.7,3937.300000000003
Brazil,Potatoes,240356,184997.0,55359.0
Brazil,Potatoes,240356,184997.0,55359.0
Brazil,Potatoes,240356,184041.89,56314.109999999986
Brazil,Potatoes,240356,184041.89,56314.109999999986
Brazil,Potatoes,240356,184035.605,56320.39499999999
Brazil,Potatoes,240356,184997.0,55359.0
Brazil,Potatoes,240356,184676.535,55679.465
Brazil,Potatoes,240356,184569.25,55786.75
Brazil,Potatoes,240356,184997.0,55359.0
Brazil,Potatoes,240356,184997.0,55359.0
Brazil,Potatoes,240356,184997.0,55359.0
Brazil,"Rice, paddy",38260,32405.0,5855.0
Brazil,"Rice, paddy",38260,32313.645,5946.355
Brazil,"Rice, paddy",38260,32344.31,5915.689999999999
Brazil,"Rice, paddy",38260,32344.31,5915.689999999999
Brazil,"Rice, paddy",38260,32386.67,5873.330000000002
Brazil,"Rice, paddy",38260,32313.645,5946.355
Brazil,"Rice, paddy",38260,32405.0,5855.0
Brazil,"Rice, paddy",38260,32263.125,5996.875
Brazil,"Rice, paddy",38260,32405.0,5855.0
Brazil,"Rice, paddy",38260,32405.0,5855.0
Brazil,"Rice, paddy",38260,32405.0,5855.0
Brazil,Sorghum,21731,18654.0,3077.0
Brazil,Sorghum,21731,18654.0,3077.0
Brazil,Sorghum,21731,18543.83,3187.1699999999983
Brazil,Sorghum,21731,18543.83,3187.1699999999983
Brazil,Sorghum,21731,18711.355,3019.6450000000004
Brazil,Sorghum,21731,18654.0,3077.0
Brazil,Sorghum,21731,18635.795,3095.2050000000017
Brazil,Sorghum,21731,18616.65,3114.3499999999985
Brazil,Sorghum,21731,18654.0,3077.0
Brazil,Sorghum,21731,18654.0,3077.0
Brazil,Sorghum,21731,18654.0,3077.0
Brazil,Soybeans,28133,27105.0,1028.0
Brazil,Soybeans,28133,27105.0,1028.0
Brazil,Soybeans,28133,27044.78,1088.2200000000012
Brazil,Soybeans,28133,27044.78,1088.2200000000012
Brazil,Soybeans,28133,27131.905,1001.0950000000012
Brazil,Soybeans,28133,27105.0,1028.0
Brazil,Soybeans,28133,27097.335,1035.6650000000009
Brazil,Soybeans,28133,27086.36,1046.6399999999994
Brazil,Soybeans,28133,27105.0,1028.0
Brazil,Soybeans,28133,27105.0,1028.0
Brazil,Soybeans,28133,27105.0,1028.0
Brazil,Sweet potatoes,120680,113323.29,7356.710000000006
Brazil,Sweet potatoes,120680,113325.44,7354.559999999998
Brazil,Sweet potatoes,120680,113298.175,7381.824999999997
Brazil,Sweet potatoes,120680,113298.175,7381.824999999997
Brazil,Sweet potatoes,120680,113350.865,7329.134999999995
Brazil,Sweet potatoes,120680,113325.44,7354.559999999998
Brazil,Sweet potatoes,120680,113494.415,7185.585000000006
Brazil,Sweet potatoes,120680,112860.115,7819.884999999995
Brazil,Sweet potatoes,120680,113404.73,7275.270000000004
Brazil,Sweet potatoes,120680,113460.11,7219.889999999999
Brazil,Sweet potatoes,120680,113329.145,7350.854999999996
Brazil,Wheat,22199,19488.0,2711.0
Brazil,Wheat,22199,19471.115,2727.8849999999984
Brazil,Wheat,22199,19352.73,2846.2700000000004
Brazil,Wheat,22199,19352.73,2846.2700000000004
Brazil,Wheat,22199,19530.36,2668.6399999999994
Brazil,Wheat,22199,19471.115,2727.8849999999984
Brazil,Wheat,22199,19517.335,2681.665000000001
Brazil,Wheat,22199,19494.14,2704.8600000000006
Brazil,Wheat,22199,19444.68,2754.3199999999997
Brazil,Wheat,22199,19504.305,2694.6949999999997
Brazil,Wheat,22199,19504.305,2694.6949999999997
Brazil,Yams,92593,90385.0,2208.0
Brazil,Yams,92593,90385.0,2208.0
Brazil,Yams,92593,90385.0,2208.0
Brazil,Yams,92593,90385.0,2208.0
Brazil,Yams,92593,90385.0,2208.0
Brazil,Yams,92593,90385.0,2208.0
Brazil,Yams,92593,90385.0,2208.0
Brazil,Yams,92593,90385.0,2208.0
Brazil,Yams,92593,90385.0,2208.0
Brazil,Yams,92593,90385.0,2208.0
Brazil,Yams,92593,90385.0,2208.0
Brazil,Cassava,141371,135418.0,5953.0
Brazil,Cassava,141371,135418.0,5953.0
Brazil,Cassava,141371,135418.0,5953.0
Brazil,Cassava,141371,135418.0,5953.0
Brazil,Cassava,141371,135418.0,5953.0
Brazil,Cassava,141371,135418.0,5953.0
Brazil,Cassava,141371,135418.0,5953.0
Brazil,Cassava,141371,135418.0,5953.0
Brazil,Cassava,141371,135418.0,5953.0
Brazil,Cassava,141371,135418.0,5953.0
Brazil,Cassava,141371,135418.0,5953.0
Brazil,Maize,40800,33984.43,6815.57
Brazil,Maize,40800,34019.0,6781.0
Brazil,Maize,40800,33049.05,7750.949999999997
Brazil,Maize,40800,33049.05,7750.949999999997
Brazil,Maize,40800,33669.85,7130.1500000000015
Brazil,Maize,40800,34019.0,6781.0
Brazil,Maize,40800,33655.84,7144.1600000000035
Brazil,Maize,40800,33809.605,6990.394999999997
Brazil,Maize,40800,33775.725,7024.2750000000015
Brazil,Maize,40800,33914.7,6885.300000000003
Brazil,Maize,40800,33848.38,6951.620000000003
Brazil,Potatoes,253729,184997.0,68732.0
Brazil,Potatoes,253729,184497.16,69231.84
Brazil,Potatoes,253729,183065.115,70663.88500000001
Brazil,Potatoes,253729,183065.115,70663.88500000001
Brazil,Potatoes,253729,184676.535,69052.465
Brazil,Potatoes,253729,184497.16,69231.84
Brazil,Potatoes,253729,184997.0,68732.0
Brazil,Potatoes,253729,184569.25,69159.75
Brazil,Potatoes,253729,184997.0,68732.0
Brazil,Potatoes,253729,184997.0,68732.0
Brazil,Potatoes,253729,184997.0,68732.0
Brazil,"Rice, paddy",42311,32405.0,9906.0
Brazil,"Rice, paddy",42311,32318.89,9992.11
Brazil,"Rice, paddy",42311,31649.15,10661.849999999999
Brazil,"Rice, paddy",42311,31649.15,10661.849999999999
Brazil,"Rice, paddy",42311,32386.67,9924.330000000002
Brazil,"Rice, paddy",42311,32318.89,9992.11
Brazil,"Rice, paddy",42311,32405.0,9906.0
Brazil,"Rice, paddy",42311,32374.655,9936.345000000001
Brazil,"Rice, paddy",42311,32405.0,9906.0
Brazil,"Rice, paddy",42311,32405.0,9906.0
Brazil,"Rice, paddy",42311,32405.0,9906.0
Brazil,Sorghum,24105,18654.0,5451.0
Brazil,Sorghum,24105,18617.59,5487.41
Brazil,Sorghum,24105,18189.445,5915.555
Brazil,Sorghum,24105,18189.445,5915.555
Brazil,Sorghum,24105,18706.13,5398.869999999999
Brazil,Sorghum,24105,18617.59,5487.41
Brazil,Sorghum,24105,18635.795,5469.205000000002
Brazil,Sorghum,24105,18616.65,5488.3499999999985
Brazil,Sorghum,24105,18654.0,5451.0
Brazil,Sorghum,24105,18654.0,5451.0
Brazil,Sorghum,24105,18654.0,5451.0
Brazil,Soybeans,28162,27105.0,1057.0
Brazil,Soybeans,28162,27105.0,1057.0
Brazil,Soybeans,28162,26779.9,1382.0999999999985
Brazil,Soybeans,28162,26779.9,1382.0999999999985
Brazil,Soybeans,28162,27131.905,1030.0950000000012
Brazil,Soybeans,28162,27105.0,1057.0
Brazil,Soybeans,28162,27099.89,1062.1100000000006
Brazil,Soybeans,28162,27088.335,1073.6650000000009
Brazil,Soybeans,28162,27105.0,1057.0
Brazil,Soybeans,28162,27105.0,1057.0
Brazil,Soybeans,28162,27105.0,1057.0
Brazil,Sweet potatoes,120398,112536.96,7861.039999999994
Brazil,Sweet potatoes,120398,113201.31,7196.690000000002
Brazil,Sweet potatoes,120398,111521.805,8876.195000000007
Brazil,Sweet potatoes,120398,111521.805,8876.195000000007
Brazil,Sweet potatoes,120398,113494.415,6903.585000000006
Brazil,Sweet potatoes,120398,113201.31,7196.690000000002
Brazil,Sweet potatoes,120398,113486.335,6911.664999999994
Brazil,Sweet potatoes,120398,112995.48,7402.520000000004
Brazil,Sweet potatoes,120398,113404.73,6993.270000000004
Brazil,Sweet potatoes,120398,113460.11,6937.889999999999
Brazil,Sweet potatoes,120398,113464.55,6933.449999999997
Brazil,Wheat,25497,19423.02,6073.98
Brazil,Wheat,25497,19428.41,6068.59
Brazil,Wheat,25497,18974.89,6522.110000000001
Brazil,Wheat,25497,18974.89,6522.110000000001
Brazil,Wheat,25497,19517.335,5979.665000000001
Brazil,Wheat,25497,19428.41,6068.59
Brazil,Wheat,25497,19538.995,5958.005000000001
Brazil,Wheat,25497,19486.47,6010.529999999999
Brazil,Wheat,25497,19444.68,6052.32
Brazil,Wheat,25497,19504.305,5992.695
Brazil,Wheat,25497,19504.305,5992.695
Brazil,Yams,93753,90385.0,3368.0
Brazil,Yams,93753,90385.0,3368.0
Brazil,Yams,93753,90385.0,3368.0
Brazil,Yams,93753,90385.0,3368.0
Brazil,Yams,93753,90385.0,3368.0
Brazil,Yams,93753,90385.0,3368.0
Brazil,Yams,93753,90385.0,3368.0
Brazil,Yams,93753,90385.0,3368.0
Brazil,Yams,93753,90385.0,3368.0
Brazil,Yams,93753,90385.0,3368.0
Brazil,Yams,93753,90385.0,3368.0
Brazil,Cassava,138613,135418.0,3195.0
Brazil,Cassava,138613,135418.0,3195.0
Brazil,Cassava,138613,135418.0,3195.0
Brazil,Cassava,138613,135418.0,3195.0
Brazil,Cassava,138613,135418.0,3195.0
Brazil,Cassava,138613,135418.0,3195.0
Brazil,Cassava,138613,135418.0,3195.0
Brazil,Cassava,138613,135418.0,3195.0
Brazil,Cassava,138613,135418.0,3195.0
Brazil,Cassava,138613,135418.0,3195.0
Brazil,Cassava,138613,135418.0,3195.0
Brazil,Maize,37145,33984.43,3160.5699999999997
Brazil,Maize,37145,34019.0,3126.0
Brazil,Maize,37145,33395.675,3749.324999999997
Brazil,Maize,37145,33395.675,3749.324999999997
Brazil,Maize,37145,33669.85,3475.1500000000015
Brazil,Maize,37145,34019.0,3126.0
Brazil,Maize,37145,33669.85,3475.1500000000015
Brazil,Maize,37145,33809.605,3335.394999999997
Brazil,Maize,37145,33775.725,3369.2750000000015
Brazil,Maize,37145,33914.7,3230.300000000003
Brazil,Maize,37145,33775.725,3369.2750000000015
Brazil,Potatoes,248299,184997.0,63302.0
Brazil,Potatoes,248299,184931.08,63367.92000000001
Brazil,Potatoes,248299,183874.005,64424.994999999995
Brazil,Potatoes,248299,183874.005,64424.994999999995
Brazil,Potatoes,248299,184610.615,63688.38500000001
Brazil,Potatoes,248299,184931.08,63367.92000000001
Brazil,Potatoes,248299,184610.615,63688.38500000001
Brazil,Potatoes,248299,184569.25,63729.75
Brazil,Potatoes,248299,184997.0,63302.0
Brazil,Potatoes,248299,184997.0,63302.0
Brazil,Potatoes,248299,184997.0,63302.0
Brazil,"Rice, paddy",44049,32405.0,11644.0
Brazil,"Rice, paddy",44049,32313.645,11735.355
Brazil,"Rice, paddy",44049,32278.395,11770.605
Brazil,"Rice, paddy",44049,32278.395,11770.605
Brazil,"Rice, paddy",44049,32405.0,11644.0
Brazil,"Rice, paddy",44049,32313.645,11735.355
Brazil,"Rice, paddy",44049,32405.0,11644.0
Brazil,"Rice, paddy",44049,32394.885,11654.115000000002
Brazil,"Rice, paddy",44049,32405.0,11644.0
Brazil,"Rice, paddy",44049,32405.0,11644.0
Brazil,"Rice, paddy",44049,32405.0,11644.0
Brazil,Sorghum,23378,18654.0,4724.0
Brazil,Sorghum,23378,18654.0,4724.0
Brazil,Sorghum,23378,18237.605,5140.395
Brazil,Sorghum,23378,18237.605,5140.395
Brazil,Sorghum,23378,18635.795,4742.205000000002
Brazil,Sorghum,23378,18654.0,4724.0
Brazil,Sorghum,23378,18635.795,4742.205000000002
Brazil,Sorghum,23378,18616.65,4761.3499999999985
Brazil,Sorghum,23378,18654.0,4724.0
Brazil,Sorghum,23378,18654.0,4724.0
Brazil,Sorghum,23378,18654.0,4724.0
Brazil,Soybeans,26365,27105.0,-740.0
Brazil,Soybeans,26365,27105.0,-740.0
Brazil,Soybeans,26365,26963.175,-598.1749999999993
Brazil,Soybeans,26365,26963.175,-598.1749999999993
Brazil,Soybeans,26365,27097.335,-732.3349999999991
Brazil,Soybeans,26365,27105.0,-740.0
Brazil,Soybeans,26365,27097.335,-732.3349999999991
Brazil,Soybeans,26365,27088.335,-723.3349999999991
Brazil,Soybeans,26365,27105.0,-740.0
Brazil,Soybeans,26365,27105.0,-740.0
Brazil,Soybeans,26365,27105.0,-740.0
Brazil,Sweet potatoes,113035,113323.29,-288.2899999999936
Brazil,Sweet potatoes,113035,113325.44,-290.4400000000023
Brazil,Sweet potatoes,113035,112465.725,569.2749999999942
Brazil,Sweet potatoes,113035,112465.725,569.2749999999942
Brazil,Sweet potatoes,113035,113494.415,-459.4149999999936
Brazil,Sweet potatoes,113035,113325.44,-290.4400000000023
Brazil,Sweet potatoes,113035,113494.415,-459.4149999999936
Brazil,Sweet potatoes,113035,113011.205,23.794999999998254
Brazil,Sweet potatoes,113035,113480.275,-445.2749999999942
Brazil,Sweet potatoes,113035,113460.11,-425.1100000000006
Brazil,Sweet potatoes,113035,113404.73,-369.7299999999959
Brazil,Wheat,20802,19466.34,1335.6599999999999
Brazil,Wheat,20802,19416.925,1385.0750000000007
Brazil,Wheat,20802,19204.115,1597.8849999999984
Brazil,Wheat,20802,19204.115,1597.8849999999984
Brazil,Wheat,20802,19517.335,1284.6650000000009
Brazil,Wheat,20802,19416.925,1385.0750000000007
Brazil,Wheat,20802,19517.335,1284.6650000000009
Brazil,Wheat,20802,19486.47,1315.5299999999988
Brazil,Wheat,20802,19444.68,1357.3199999999997
Brazil,Wheat,20802,19504.305,1297.6949999999997
Brazil,Wheat,20802,19444.68,1357.3199999999997
Brazil,Yams,94599,90385.0,4214.0
Brazil,Yams,94599,90385.0,4214.0
Brazil,Yams,94599,90385.0,4214.0
Brazil,Yams,94599,90385.0,4214.0
Brazil,Yams,94599,90385.0,4214.0
Brazil,Yams,94599,90385.0,4214.0
Brazil,Yams,94599,90385.0,4214.0
Brazil,Yams,94599,90385.0,4214.0
Brazil,Yams,94599,90385.0,4214.0
Brazil,Yams,94599,90385.0,4214.0
Brazil,Yams,94599,90385.0,4214.0
Brazil,Cassava,139499,135418.0,4081.0
Brazil,Cassava,139499,135418.0,4081.0
Brazil,Cassava,139499,135418.0,4081.0
Brazil,Cassava,139499,135418.0,4081.0
Brazil,Cassava,139499,135817.06,3681.9400000000023
Brazil,Cassava,139499,135418.0,4081.0
Brazil,Cassava,139499,135418.0,4081.0
Brazil,Cassava,139499,135418.0,4081.0
Brazil,Cassava,139499,135418.0,4081.0
Brazil,Cassava,139499,135418.0,4081.0
Brazil,Cassava,139499,135418.0,4081.0
Brazil,Maize,43667,33984.43,9682.57
Brazil,Maize,43667,34019.0,9648.0
Brazil,Maize,43667,33340.755,10326.245000000003
Brazil,Maize,43667,33340.755,10326.245000000003
Brazil,Maize,43667,33672.79,9994.21
Brazil,Maize,43667,34019.0,9648.0
Brazil,Maize,43667,33669.85,9997.150000000001
Brazil,Maize,43667,33826.025,9840.974999999999
Brazil,Maize,43667,33775.725,9891.275000000001
Brazil,Maize,43667,33914.7,9752.300000000003
Brazil,Maize,43667,33848.38,9818.620000000003
Brazil,Potatoes,258859,184997.0,73862.0
Brazil,Potatoes,258859,184799.24,74059.76000000001
Brazil,Potatoes,258859,183544.405,75314.595
Brazil,Potatoes,258859,183544.405,75314.595
Brazil,Potatoes,258859,184035.605,74823.39499999999
Brazil,Potatoes,258859,184799.24,74059.76000000001
Brazil,Potatoes,258859,184676.535,74182.465
Brazil,Potatoes,258859,184569.25,74289.75
Brazil,Potatoes,258859,184997.0,73862.0
Brazil,Potatoes,258859,184997.0,73862.0
Brazil,Potatoes,258859,184997.0,73862.0
Brazil,"Rice, paddy",41271,32405.0,8866.0
Brazil,"Rice, paddy",41271,32313.645,8957.355
Brazil,"Rice, paddy",41271,31859.78,9411.220000000001
Brazil,"Rice, paddy",41271,31859.78,9411.220000000001
Brazil,"Rice, paddy",41271,32386.67,8884.330000000002
Brazil,"Rice, paddy",41271,32313.645,8957.355
Brazil,"Rice, paddy",41271,32386.67,8884.330000000002
Brazil,"Rice, paddy",41271,32263.125,9007.875
Brazil,"Rice, paddy",41271,32405.0,8866.0
Brazil,"Rice, paddy",41271,32405.0,8866.0
Brazil,"Rice, paddy",41271,32405.0,8866.0
Brazil,Sorghum,23172,18654.0,4518.0
Brazil,Sorghum,23172,18654.0,4518.0
Brazil,Sorghum,23172,18160.865,5011.134999999998
Brazil,Sorghum,23172,18160.865,5011.134999999998
Brazil,Sorghum,23172,18711.355,4460.645
Brazil,Sorghum,23172,18654.0,4518.0
Brazil,Sorghum,23172,18706.13,4465.869999999999
Brazil,Sorghum,23172,18616.65,4555.3499999999985
Brazil,Sorghum,23172,18654.0,4518.0
Brazil,Sorghum,23172,18654.0,4518.0
Brazil,Sorghum,23172,18654.0,4518.0
Brazil,Soybeans,29475,27105.0,2370.0
Brazil,Soybeans,29475,27105.0,2370.0
Brazil,Soybeans,29475,26926.16,2548.84
Brazil,Soybeans,29475,26926.16,2548.84
Brazil,Soybeans,29475,27131.905,2343.095000000001
Brazil,Soybeans,29475,27105.0,2370.0
Brazil,Soybeans,29475,27131.905,2343.095000000001
Brazil,Soybeans,29475,27086.36,2388.6399999999994
Brazil,Soybeans,29475,27105.0,2370.0
Brazil,Soybeans,29475,27105.0,2370.0
Brazil,Soybeans,29475,27105.0,2370.0
Brazil,Sweet potatoes,118459,113172.16,5286.8399999999965
Brazil,Sweet potatoes,118459,113225.35,5233.649999999994
Brazil,Sweet potatoes,118459,112275.67,6183.330000000002
Brazil,Sweet potatoes,118459,112275.67,6183.330000000002
Brazil,Sweet potatoes,118459,113378.57,5080.429999999993
Brazil,Sweet potatoes,118459,113225.35,5233.649999999994
Brazil,Sweet potatoes,118459,113371.03,5087.970000000001
Brazil,Sweet potatoes,118459,112860.115,5598.884999999995
Brazil,Sweet potatoes,118459,113480.275,4978.725000000006
Brazil,Sweet potatoes,118459,113460.11,4998.889999999999
Brazil,Sweet potatoes,118459,113480.275,4978.725000000006
Brazil,Wheat,28288,19488.0,8800.0
Brazil,Wheat,28288,19394.025,8893.974999999999
Brazil,Wheat,28288,18997.33,9290.669999999998
Brazil,Wheat,28288,18997.33,9290.669999999998
Brazil,Wheat,28288,19530.36,8757.64
Brazil,Wheat,28288,19394.025,8893.974999999999
Brazil,Wheat,28288,19517.335,8770.665
Brazil,Wheat,28288,19494.14,8793.86
Brazil,Wheat,28288,19444.68,8843.32
Brazil,Wheat,28288,19504.305,8783.695
Brazil,Wheat,28288,19482.645,8805.355
Brazil,Yams,95332,90385.0,4947.0
Brazil,Yams,95332,90385.0,4947.0
Brazil,Yams,95332,90385.0,4947.0
Brazil,Yams,95332,90385.0,4947.0
Brazil,Yams,95332,90385.0,4947.0
Brazil,Yams,95332,90385.0,4947.0
Brazil,Yams,95332,90385.0,4947.0
Brazil,Yams,95332,90385.0,4947.0
Brazil,Yams,95332,90385.0,4947.0
Brazil,Yams,95332,90385.0,4947.0
Brazil,Yams,95332,90385.0,4947.0
Brazil,Cassava,146230,135418.0,10812.0
Brazil,Cassava,146230,135418.0,10812.0
Brazil,Cassava,146230,135418.0,10812.0
Brazil,Cassava,146230,135418.0,10812.0
Brazil,Cassava,146230,135418.0,10812.0
Brazil,Cassava,146230,135418.0,10812.0
Brazil,Cassava,146230,135418.0,10812.0
Brazil,Cassava,146230,135418.0,10812.0
Brazil,Cassava,146230,135418.0,10812.0
Brazil,Cassava,146230,135418.0,10812.0
Brazil,Cassava,146230,135418.0,10812.0
Brazil,Maize,42107,33984.43,8122.57
Brazil,Maize,42107,34019.0,8088.0
Brazil,Maize,42107,33079.8,9027.199999999997
Brazil,Maize,42107,33079.8,9027.199999999997
Brazil,Maize,42107,33669.85,8437.150000000001
Brazil,Maize,42107,34019.0,8088.0
Brazil,Maize,42107,33669.85,8437.150000000001
Brazil,Maize,42107,33809.605,8297.394999999997
Brazil,Maize,42107,33848.38,8258.620000000003
Brazil,Maize,42107,33914.7,8192.300000000003
Brazil,Maize,42107,33914.7,8192.300000000003
Brazil,Potatoes,262528,184931.08,77596.92000000001
Brazil,Potatoes,262528,184599.125,77928.875
Brazil,Potatoes,262528,183193.73,79334.26999999999
Brazil,Potatoes,262528,183193.73,79334.26999999999
Brazil,Potatoes,262528,184676.535,77851.465
Brazil,Potatoes,262528,184599.125,77928.875
Brazil,Potatoes,262528,184676.535,77851.465
Brazil,Potatoes,262528,184569.25,77958.75
Brazil,Potatoes,262528,184997.0,77531.0
Brazil,Potatoes,262528,184997.0,77531.0
Brazil,Potatoes,262528,184997.0,77531.0
Brazil,"Rice, paddy",48956,32405.0,16551.0
Brazil,"Rice, paddy",48956,32318.89,16637.11
Brazil,"Rice, paddy",48956,31814.155,17141.845
Brazil,"Rice, paddy",48956,31814.155,17141.845
Brazil,"Rice, paddy",48956,32405.0,16551.0
Brazil,"Rice, paddy",48956,32318.89,16637.11
Brazil,"Rice, paddy",48956,32405.0,16551.0
Brazil,"Rice, paddy",48956,32374.655,16581.345
Brazil,"Rice, paddy",48956,32405.0,16551.0
Brazil,"Rice, paddy",48956,32405.0,16551.0
Brazil,"Rice, paddy",48956,32405.0,16551.0
Brazil,Sorghum,25497,18654.0,6843.0
Brazil,Sorghum,25497,18617.59,6879.41
Brazil,Sorghum,25497,17941.335,7555.665000000001
Brazil,Sorghum,25497,17941.335,7555.665000000001
Brazil,Sorghum,25497,18635.795,6861.205000000002
Brazil,Sorghum,25497,18617.59,6879.41
Brazil,Sorghum,25497,18635.795,6861.205000000002
Brazil,Sorghum,25497,18616.65,6880.3499999999985
Brazil,Sorghum,25497,18654.0,6843.0
Brazil,Sorghum,25497,18654.0,6843.0
Brazil,Sorghum,25497,18654.0,6843.0
Brazil,Soybeans,31214,27105.0,4109.0
Brazil,Soybeans,31214,27105.0,4109.0
Brazil,Soybeans,31214,26836.77,4377.23
Brazil,Soybeans,31214,26836.77,4377.23
Brazil,Soybeans,31214,27097.335,4116.665000000001
Brazil,Soybeans,31214,27105.0,4109.0
Brazil,Soybeans,31214,27097.335,4116.665000000001
Brazil,Soybeans,31214,27088.335,4125.665000000001
Brazil,Soybeans,31214,27105.0,4109.0
Brazil,Soybeans,31214,27105.0,4109.0
Brazil,Soybeans,31214,27105.0,4109.0
Brazil,Sweet potatoes,124266,112536.96,11729.039999999994
Brazil,Sweet potatoes,124266,113333.645,10932.354999999996
Brazil,Sweet potatoes,124266,112422.465,11843.535000000003
Brazil,Sweet potatoes,124266,112422.465,11843.535000000003
Brazil,Sweet potatoes,124266,113494.415,10771.585000000006
Brazil,Sweet potatoes,124266,113333.645,10932.354999999996
Brazil,Sweet potatoes,124266,113494.415,10771.585000000006
Brazil,Sweet potatoes,124266,112995.48,11270.520000000004
Brazil,Sweet potatoes,124266,113404.73,10861.270000000004
Brazil,Sweet potatoes,124266,113460.11,10805.89
Brazil,Sweet potatoes,124266,113460.11,10805.89
Brazil,Wheat,26602,19423.02,7178.98
Brazil,Wheat,26602,19390.86,7211.139999999999
Brazil,Wheat,26602,18783.8,7818.200000000001
Brazil,Wheat,26602,18783.8,7818.200000000001
Brazil,Wheat,26602,19517.335,7084.665000000001
Brazil,Wheat,26602,19390.86,7211.139999999999
Brazil,Wheat,26602,19517.335,7084.665000000001
Brazil,Wheat,26602,19486.47,7115.529999999999
Brazil,Wheat,26602,19482.645,7119.355
Brazil,Wheat,26602,19504.305,7097.695
Brazil,Wheat,26602,19504.305,7097.695
Brazil,Yams,96414,90385.0,6029.0
Brazil,Yams,96414,90385.0,6029.0
Brazil,Yams,96414,90385.0,6029.0
Brazil,Yams,96414,90385.0,6029.0
Brazil,Yams,96414,90385.0,6029.0
Brazil,Yams,96414,90385.0,6029.0
Brazil,Yams,96414,90385.0,6029.0
Brazil,Yams,96414,90385.0,6029.0
Brazil,Yams,96414,90385.0,6029.0
Brazil,Yams,96414,90385.0,6029.0
Brazil,Yams,96414,90385.0,6029.0
Brazil,Cassava,136118,135418.0,700.0
Brazil,Cassava,136118,135418.0,700.0
Brazil,Cassava,136118,135418.0,700.0
Brazil,Cassava,136118,135418.0,700.0
Brazil,Cassava,136118,135817.06,300.9400000000023
Brazil,Cassava,136118,135418.0,700.0
Brazil,Cassava,136118,135418.0,700.0
Brazil,Cassava,136118,135418.0,700.0
Brazil,Cassava,136118,135418.0,700.0
Brazil,Cassava,136118,135418.0,700.0
Brazil,Cassava,136118,135418.0,700.0
Brazil,Maize,50057,33984.43,16072.57
Brazil,Maize,50057,34019.0,16038.0
Brazil,Maize,50057,33809.605,16247.394999999997
Brazil,Maize,50057,33809.605,16247.394999999997
Brazil,Maize,50057,33672.79,16384.21
Brazil,Maize,50057,34019.0,16038.0
Brazil,Maize,50057,33669.85,16387.15
Brazil,Maize,50057,34019.0,16038.0
Brazil,Maize,50057,33775.725,16281.275000000001
Brazil,Maize,50057,33914.7,16142.300000000003
Brazil,Maize,50057,33848.38,16208.620000000003
Brazil,Potatoes,274457,184997.0,89460.0
Brazil,Potatoes,274457,184997.0,89460.0
Brazil,Potatoes,274457,184569.25,89887.75
Brazil,Potatoes,274457,184569.25,89887.75
Brazil,Potatoes,274457,184035.605,90421.39499999999
Brazil,Potatoes,274457,184997.0,89460.0
Brazil,Potatoes,274457,184676.535,89780.465
Brazil,Potatoes,274457,186428.845,88028.155
Brazil,Potatoes,274457,184997.0,89460.0
Brazil,Potatoes,274457,184997.0,89460.0
Brazil,Potatoes,274457,184997.0,89460.0
Brazil,"Rice, paddy",47860,32405.0,15455.0
Brazil,"Rice, paddy",47860,32313.645,15546.355
Brazil,"Rice, paddy",47860,32374.655,15485.345000000001
Brazil,"Rice, paddy",47860,32374.655,15485.345000000001
Brazil,"Rice, paddy",47860,32386.67,15473.330000000002
Brazil,"Rice, paddy",47860,32313.645,15546.355
Brazil,"Rice, paddy",47860,32405.0,15455.0
Brazil,"Rice, paddy",47860,32318.89,15541.11
Brazil,"Rice, paddy",47860,32405.0,15455.0
Brazil,"Rice, paddy",47860,32405.0,15455.0
Brazil,"Rice, paddy",47860,32405.0,15455.0
Brazil,Sorghum,29317,18654.0,10663.0
Brazil,Sorghum,29317,18654.0,10663.0
Brazil,Sorghum,29317,18616.65,10700.349999999999
Brazil,Sorghum,29317,18616.65,10700.349999999999
Brazil,Sorghum,29317,18711.355,10605.645
Brazil,Sorghum,29317,18654.0,10663.0
Brazil,Sorghum,29317,18635.795,10681.205000000002
Brazil,Sorghum,29317,18639.285,10677.715
Brazil,Sorghum,29317,18654.0,10663.0
Brazil,Sorghum,29317,18654.0,10663.0
Brazil,Sorghum,29317,18654.0,10663.0
Brazil,Soybeans,26366,27105.0,-739.0
Brazil,Soybeans,26366,27105.0,-739.0
Brazil,Soybeans,26366,27088.335,-722.3349999999991
Brazil,Soybeans,26366,27088.335,-722.3349999999991
Brazil,Soybeans,26366,27131.905,-765.9049999999988
Brazil,Soybeans,26366,27105.0,-739.0
Brazil,Soybeans,26366,27097.335,-731.3349999999991
Brazil,Soybeans,26366,27105.0,-739.0
Brazil,Soybeans,26366,27105.0,-739.0
Brazil,Soybeans,26366,27105.0,-739.0
Brazil,Soybeans,26366,27105.0,-739.0
Brazil,Sweet potatoes,121926,113323.29,8602.710000000006
Brazil,Sweet potatoes,121926,113325.44,8600.559999999998
Brazil,Sweet potatoes,121926,112995.48,8930.520000000004
Brazil,Sweet potatoes,121926,112995.48,8930.520000000004
Brazil,Sweet potatoes,121926,113378.57,8547.429999999993
Brazil,Sweet potatoes,121926,113325.44,8600.559999999998
Brazil,Sweet potatoes,121926,113494.415,8431.585000000006
Brazil,Sweet potatoes,121926,113289.72,8636.279999999999
Brazil,Sweet potatoes,121926,113480.275,8445.725000000006
Brazil,Sweet potatoes,121926,113460.11,8465.89
Brazil,Sweet potatoes,121926,113464.55,8461.449999999997
Brazil,Wheat,23100,19488.0,3612.0
Brazil,Wheat,23100,19471.115,3628.8849999999984
Brazil,Wheat,23100,19486.47,3613.529999999999
Brazil,Wheat,23100,19486.47,3613.529999999999
Brazil,Wheat,23100,19530.36,3569.6399999999994
Brazil,Wheat,23100,19471.115,3628.8849999999984
Brazil,Wheat,23100,19517.335,3582.665000000001
Brazil,Wheat,23100,19559.145,3540.8549999999996
Brazil,Wheat,23100,19444.68,3655.3199999999997
Brazil,Wheat,23100,19504.305,3595.6949999999997
Brazil,Wheat,23100,19504.305,3595.6949999999997
Brazil,Yams,97619,90385.0,7234.0
Brazil,Yams,97619,90385.0,7234.0
Brazil,Yams,97619,90385.0,7234.0
Brazil,Yams,97619,90385.0,7234.0
Brazil,Yams,97619,90385.0,7234.0
Brazil,Yams,97619,90385.0,7234.0
Brazil,Yams,97619,90385.0,7234.0
Brazil,Yams,97619,90385.0,7234.0
Brazil,Yams,97619,90385.0,7234.0
Brazil,Yams,97619,90385.0,7234.0
Brazil,Yams,97619,90385.0,7234.0
Brazil,Cassava,140795,135418.0,5377.0
Brazil,Cassava,140795,135418.0,5377.0
Brazil,Cassava,140795,135418.0,5377.0
Brazil,Cassava,140795,135418.0,5377.0
Brazil,Cassava,140795,135418.0,5377.0
Brazil,Cassava,140795,135418.0,5377.0
Brazil,Cassava,140795,135418.0,5377.0
Brazil,Cassava,140795,135418.0,5377.0
Brazil,Cassava,140795,135418.0,5377.0
Brazil,Cassava,140795,135418.0,5377.0
Brazil,Cassava,140795,135418.0,5377.0
Brazil,Maize,52536,33984.43,18551.57
Brazil,Maize,52536,34019.0,18517.0
Brazil,Maize,52536,28634.6,23901.4
Brazil,Maize,52536,28634.6,23901.4
Brazil,Maize,52536,33912.04,18623.96
Brazil,Maize,52536,34019.0,18517.0
Brazil,Maize,52536,33742.505,18793.495000000003
Brazil,Maize,52536,31404.45,21131.55
Brazil,Maize,52536,33775.725,18760.275
Brazil,Maize,52536,33914.7,18621.300000000003
Brazil,Maize,52536,33775.725,18760.275
Brazil,Potatoes,277517,184895.035,92621.965
Brazil,Potatoes,277517,185412.02,92104.98000000001
Brazil,Potatoes,277517,184038.775,93478.225
Brazil,Potatoes,277517,184038.775,93478.225
Brazil,Potatoes,277517,184676.535,92840.465
Brazil,Potatoes,277517,185412.02,92104.98000000001
Brazil,Potatoes,277517,184997.0,92520.0
Brazil,Potatoes,277517,183065.115,94451.88500000001
Brazil,Potatoes,277517,184997.0,92520.0
Brazil,Potatoes,277517,184997.0,92520.0
Brazil,Potatoes,277517,184997.0,92520.0
Brazil,"Rice, paddy",50071,32405.0,17666.0
Brazil,"Rice, paddy",50071,32318.89,17752.11
Brazil,"Rice, paddy",50071,32820.21,17250.79
Brazil,"Rice, paddy",50071,32820.21,17250.79
Brazil,"Rice, paddy",50071,32386.67,17684.33
Brazil,"Rice, paddy",50071,32318.89,17752.11
Brazil,"Rice, paddy",50071,32405.0,17666.0
Brazil,"Rice, paddy",50071,30802.17,19268.83
Brazil,"Rice, paddy",50071,32405.0,17666.0
Brazil,"Rice, paddy",50071,32405.0,17666.0
Brazil,"Rice, paddy",50071,32405.0,17666.0
Brazil,Sorghum,26817,18654.0,8163.0
Brazil,Sorghum,26817,18639.285,8177.715
Brazil,Sorghum,26817,18695.895,8121.105
Brazil,Sorghum,26817,18695.895,8121.105
Brazil,Sorghum,26817,18724.335,8092.665000000001
Brazil,Sorghum,26817,18639.285,8177.715
Brazil,Sorghum,26817,18635.795,8181.205000000002
Brazil,Sorghum,26817,17785.275,9031.724999999999
Brazil,Sorghum,26817,18654.0,8163.0
Brazil,Sorghum,26817,18654.0,8163.0
Brazil,Sorghum,26817,18654.0,8163.0
Brazil,Soybeans,29285,27105.0,2180.0
Brazil,Soybeans,29285,27105.0,2180.0
Brazil,Soybeans,29285,24710.555,4574.445
Brazil,Soybeans,29285,24710.555,4574.445
Brazil,Soybeans,29285,27131.905,2153.095000000001
Brazil,Soybeans,29285,27105.0,2180.0
Brazil,Soybeans,29285,27099.89,2185.1100000000006
Brazil,Soybeans,29285,25965.04,3319.959999999999
Brazil,Soybeans,29285,27105.0,2180.0
Brazil,Soybeans,29285,27105.0,2180.0
Brazil,Soybeans,29285,27105.0,2180.0
Brazil,Sweet potatoes,130913,112153.275,18759.725000000006
Brazil,Sweet potatoes,130913,113032.42,17880.58
Brazil,Sweet potatoes,130913,113896.395,17016.604999999996
Brazil,Sweet potatoes,130913,113896.395,17016.604999999996
Brazil,Sweet potatoes,130913,113350.865,17562.134999999995
Brazil,Sweet potatoes,130913,113032.42,17880.58
Brazil,Sweet potatoes,130913,113486.335,17426.664999999994
Brazil,Sweet potatoes,130913,109328.77,21584.229999999996
Brazil,Sweet potatoes,130913,113480.275,17432.725000000006
Brazil,Sweet potatoes,130913,113460.11,17452.89
Brazil,Sweet potatoes,130913,113480.275,17432.725000000006
Brazil,Wheat,27491,19461.625,8029.375
Brazil,Wheat,27491,19533.315,7957.685000000001
Brazil,Wheat,27491,18986.21,8504.79
Brazil,Wheat,27491,18986.21,8504.79
Brazil,Wheat,27491,19718.415,7772.584999999999
Brazil,Wheat,27491,19533.315,7957.685000000001
Brazil,Wheat,27491,19611.65,7879.3499999999985
Brazil,Wheat,27491,18996.58,8494.419999999998
Brazil,Wheat,27491,19466.34,8024.66
Brazil,Wheat,27491,19504.305,7986.695
Brazil,Wheat,27491,19444.68,8046.32
Brazil,Yams,96078,90385.0,5693.0
Brazil,Yams,96078,90385.0,5693.0
Brazil,Yams,96078,90385.0,5693.0
Brazil,Yams,96078,90385.0,5693.0
Brazil,Yams,96078,90385.0,5693.0
Brazil,Yams,96078,90385.0,5693.0
Brazil,Yams,96078,90385.0,5693.0
Brazil,Yams,96078,90385.0,5693.0
Brazil,Yams,96078,90385.0,5693.0
Brazil,Yams,96078,90385.0,5693.0
Brazil,Yams,96078,90385.0,5693.0
Bulgaria,Maize,42364,25403.88,16960.12
Bulgaria,Potatoes,120894,111141.395,9752.604999999996
Bulgaria,"Rice, paddy",43099,46144.63,-3045.6299999999974
Bulgaria,Sorghum,21044,21577.1,-533.0999999999985
Bulgaria,Soybeans,14299,9694.27,4604.73
Bulgaria,Wheat,30123,29384.38,738.619999999999
Bulgaria,Maize,55400,26120.195,29279.805
Bulgaria,Potatoes,186855,112226.145,74628.855
Bulgaria,"Rice, paddy",49596,40947.43,8648.57
Bulgaria,Sorghum,20997,21493.92,-496.91999999999825
Bulgaria,Soybeans,18768,8494.905,10273.095
Bulgaria,Wheat,38100,29175.505,8924.494999999999
Bulgaria,Maize,53085,27756.49,25328.51
Bulgaria,Potatoes,156448,112730.205,43717.795
Bulgaria,"Rice, paddy",44801,40429.095,4371.904999999999
Bulgaria,Sorghum,20400,20745.675,-345.6749999999993
Bulgaria,Soybeans,22239,8684.305,13554.695
Bulgaria,Wheat,31567,28122.185,3444.8149999999987
Bulgaria,Maize,45328,26371.365,18956.635
Bulgaria,Potatoes,157758,112684.52,45073.479999999996
Bulgaria,"Rice, paddy",44080,40400.24,3679.760000000002
Bulgaria,Sorghum,22752,21205.48,1546.5200000000004
Bulgaria,Soybeans,15568,8518.8,7049.200000000001
Bulgaria,Wheat,34026,29209.405,4816.595000000001
Bulgaria,Maize,61244,26110.33,35133.67
Bulgaria,Potatoes,133197,103074.02,30122.979999999996
Bulgaria,"Rice, paddy",46447,43866.595,2580.404999999999
Bulgaria,Sorghum,11108,20886.685,-9778.685000000001
Bulgaria,Soybeans,6018,9478.13,-3460.129999999999
Bulgaria,Wheat,21973,28697.75,-6724.75
Bulgaria,Maize,41548,24459.365,17088.635
Bulgaria,Potatoes,162618,105665.465,56952.535
Bulgaria,"Rice, paddy",49621,45103.565,4517.434999999998
Bulgaria,Sorghum,19316,20997.76,-1681.7599999999984
Bulgaria,Soybeans,13358,9112.18,4245.82
Bulgaria,Wheat,41674,29251.44,12422.560000000001
Bulgaria,Maize,47071,25776.565,21294.435
Bulgaria,Potatoes,165508,111105.43,54402.57000000001
Bulgaria,"Rice, paddy",52263,45053.785,7209.2149999999965
Bulgaria,Sorghum,24836,21780.42,3055.5800000000017
Bulgaria,Soybeans,9662,9429.135,232.86499999999978
Bulgaria,Wheat,31873,29103.71,2769.290000000001
Bulgaria,Maize,62512,27126.775,35385.225
Bulgaria,Potatoes,181967,113564.295,68402.705
Bulgaria,"Rice, paddy",47952,44826.69,3125.3099999999977
Bulgaria,Sorghum,24314,21776.17,2537.8300000000017
Bulgaria,Soybeans,22717,9805.95,12911.05
Bulgaria,Wheat,36185,29094.82,7090.18
Bulgaria,Maize,55310,26362.665,28947.335
Bulgaria,Potatoes,143236,116418.35,26817.649999999994
Bulgaria,"Rice, paddy",50563,39849.59,10713.410000000003
Bulgaria,Sorghum,19536,21263.815,-1727.8149999999987
Bulgaria,Soybeans,11565,8844.03,2720.9699999999993
Bulgaria,Wheat,39197,29170.8,10026.2
Bulgaria,Maize,36800,24976.825,11823.175
Bulgaria,Potatoes,101515,108918.175,-7403.175000000003
Bulgaria,"Rice, paddy",55605,42657.745,12947.254999999997
Bulgaria,Sorghum,20205,21530.44,-1325.4399999999987
Bulgaria,Soybeans,7903,9481.34,-1578.3400000000001
Bulgaria,Wheat,37596,28871.55,8724.45
Bulgaria,Maize,63943,26292.55,37650.45
Bulgaria,Potatoes,146125,109381.38,36743.619999999995
Bulgaria,"Rice, paddy",54945,42174.115,12770.885000000002
Bulgaria,Sorghum,26792,20489.555,6302.445
Bulgaria,Soybeans,17976,9907.915,8068.084999999999
Bulgaria,Wheat,41885,28724.74,13160.259999999998
Burkina Faso,Cassava,21551,30896.81,-9345.810000000001
Burkina Faso,Maize,17381,16121.7,1259.2999999999993
Burkina Faso,Potatoes,20527,34593.475,-14066.474999999999
Burkina Faso,"Rice, paddy",19010,21614.075,-2604.0750000000007
Burkina Faso,Sorghum,9252,8394.72,857.2800000000007
Burkina Faso,Soybeans,11119,11302.76,-183.76000000000022
Burkina Faso,Sweet potatoes,61708,103255.165,-41547.16499999999
Burkina Faso,Yams,83373,72881.045,10491.955000000002
Burkina Faso,Cassava,22411,26907.445,-4496.445
Burkina Faso,Maize,12666,13225.935,-559.9349999999995
Burkina Faso,Potatoes,18849,50586.095,-31737.095
Burkina Faso,"Rice, paddy",15047,20912.925,-5865.924999999999
Burkina Faso,Sorghum,9731,8610.24,1120.7600000000002
Burkina Faso,Soybeans,11545,19719.91,-8174.91
Burkina Faso,Sweet potatoes,69167,102050.32,-32883.32000000001
Burkina Faso,Yams,74208,95889.64,-21681.64
Burkina Faso,Cassava,21952,38963.455,-17011.455
Burkina Faso,Maize,18058,14688.225,3369.7749999999996
Burkina Faso,Potatoes,20000,29102.72,-9102.720000000001
Burkina Faso,"Rice, paddy",17791,22334.495,-4543.494999999999
Burkina Faso,Sorghum,10919,8467.07,2451.9300000000003
Burkina Faso,Soybeans,17025,11158.105,5866.895
Burkina Faso,Sweet potatoes,83331,109792.485,-26461.485
Burkina Faso,Yams,75306,74195.645,1110.354999999996
Burkina Faso,Cassava,21316,26847.085,-5531.084999999999
Burkina Faso,Maize,19444,16017.385,3426.615
Burkina Faso,Potatoes,20000,27893.27,-7893.27
Burkina Faso,"Rice, paddy",25724,21045.77,4678.23
Burkina Faso,Sorghum,11393,8556.615,2836.385
Burkina Faso,Soybeans,11421,11095.715,325.28499999999985
Burkina Faso,Sweet potatoes,125728,97833.175,27894.824999999997
Burkina Faso,Yams,85482,74171.305,11310.695000000007
Burkina Faso,Cassava,23030,29771.805,-6741.805
Burkina Faso,Maize,11736,15654.355,-3918.3549999999996
Burkina Faso,Potatoes,20000,105529.635,-85529.635
Burkina Faso,"Rice, paddy",17002,20781.59,-3779.59
Burkina Faso,Sorghum,9374,8530.815,843.1849999999995
Burkina Faso,Soybeans,11250,10692.83,557.1700000000001
Burkina Faso,Sweet potatoes,90640,97590.095,-6950.095000000001
Burkina Faso,Yams,65200,74126.955,-8926.955000000002
Burkina Faso,Cassava,19060,26900.52,-7840.52
Burkina Faso,Maize,16662,15950.27,711.7299999999996
Burkina Faso,Potatoes,17954,35700.305,-17746.305
Burkina Faso,"Rice, paddy",24355,20889.39,3465.6100000000006
Burkina Faso,Sorghum,9859,8513.62,1345.3799999999992
Burkina Faso,Soybeans,27290,10295.03,16994.97
Burkina Faso,Sweet potatoes,110907,94515.93,16391.070000000007
Burkina Faso,Yams,71895,68500.015,3394.9850000000006
Burkina Faso,Cassava,17452,38047.57,-20595.57
Burkina Faso,Maize,15286,14549.79,736.2099999999991
Burkina Faso,Potatoes,18111,30769.815,-12658.814999999999
Burkina Faso,"Rice, paddy",23154,21781.555,1372.4449999999997
Burkina Faso,Sorghum,9204,8461.945,742.0550000000003
Burkina Faso,Soybeans,14542,10987.85,3554.1499999999996
Burkina Faso,Sweet potatoes,126965,106179.185,20785.815000000002
Burkina Faso,Yams,94186,74160.475,20025.524999999994
Burkina Faso,Cassava,15659,42928.665,-27269.665
Burkina Faso,Maize,14342,14406.735,-64.73500000000058
Burkina Faso,Potatoes,18998,141364.165,-122366.16500000001
Burkina Faso,"Rice, paddy",20238,21598.67,-1360.6699999999983
Burkina Faso,Sorghum,10036,8005.74,2030.2600000000002
Burkina Faso,Soybeans,12562,10492.475,2069.5249999999996
Burkina Faso,Sweet potatoes,102743,106250.885,-3507.8849999999948
Burkina Faso,Yams,66518,74122.845,-7604.845000000001
Burkina Faso,Cassava,13548,47208.035,-33660.035
Burkina Faso,Maize,15356,16163.045,-807.0450000000001
Burkina Faso,Potatoes,19159,154731.395,-135572.395
Burkina Faso,"Rice, paddy",17676,20991.93,-3315.9300000000003
Burkina Faso,Sorghum,8952,8180.595,771.4049999999997
Burkina Faso,Soybeans,8873,10822.315,-1949.3150000000005
Burkina Faso,Sweet potatoes,190326,86343.25,103982.75
Burkina Faso,Yams,74827,74077.47,749.5299999999988
Burkina Faso,Cassava,13636,34042.185,-20406.184999999998
Burkina Faso,Maize,18386,16756.795,1629.2050000000017
Burkina Faso,Potatoes,19320,154731.395,-135411.395
Burkina Faso,"Rice, paddy",23336,20525.05,2810.9500000000007
Burkina Faso,Sorghum,10755,8255.52,2499.4799999999996
Burkina Faso,Soybeans,10949,10414.85,534.1499999999996
Burkina Faso,Sweet potatoes,83073,88848.56,-5775.559999999998
Burkina Faso,Yams,90785,76179.0,14606.0
Burkina Faso,Cassava,13594,65043.805,-51449.805
Burkina Faso,Maize,17353,16206.765,1146.2350000000006
Burkina Faso,Potatoes,19481,154731.395,-135250.395
Burkina Faso,"Rice, paddy",21993,22452.38,-459.380000000001
Burkina Faso,Sorghum,10409,8180.595,2228.4049999999997
Burkina Faso,Soybeans,13512,10822.315,2689.6849999999995
Burkina Faso,Sweet potatoes,146793,87061.97,59731.03
Burkina Faso,Yams,58594,74077.47,-15483.470000000001
Burundi,Cassava,91456,90060.995,1395.0050000000047
Burundi,Maize,10931,11250.06,-319.0599999999995
Burundi,Potatoes,26760,26288.825,471.1749999999993
Burundi,"Rice, paddy",32629,30863.965,1765.0349999999999
Burundi,Sorghum,12850,12108.04,741.9599999999991
Burundi,Soybeans,7500,7662.46,-162.46000000000004
Burundi,Sweet potatoes,67215,61663.485,5551.514999999999
Burundi,Wheat,8290,8292.53,-2.530000000000655
Burundi,Yams,58376,59820.15,-1444.1500000000015
Burundi,Cassava,79083,88932.435,-9849.434999999998
Burundi,Maize,10807,16418.245,-5611.244999999999
Burundi,Potatoes,28732,131714.655,-102982.655
Burundi,"Rice, paddy",32924,27813.85,5110.1500000000015
Burundi,Sorghum,13486,12155.54,1330.4599999999991
Burundi,Soybeans,7500,7628.475,-128.47500000000036
Burundi,Sweet potatoes,66752,48613.55,18138.449999999997
Burundi,Wheat,8326,12617.545,-4291.545
Burundi,Yams,55067,61465.16,-6398.1600000000035
Burundi,Cassava,75230,89488.86,-14258.86
Burundi,Maize,10833,11895.46,-1062.4599999999991
Burundi,Potatoes,25483,91672.395,-66189.395
Burundi,"Rice, paddy",34144,27697.4,6446.5999999999985
Burundi,Sorghum,14042,12219.345,1822.6550000000007
Burundi,Soybeans,7778,7790.86,-12.859999999999673
Burundi,Sweet potatoes,65368,58078.62,7289.379999999997
Burundi,Wheat,7387,8930.03,-1543.0300000000007
Burundi,Yams,52836,60389.375,-7553.375
Burundi,Cassava,87864,88976.795,-1112.7949999999983
Burundi,Maize,10159,10960.32,-801.3199999999997
Burundi,Potatoes,26176,27017.985,-841.9850000000006
Burundi,"Rice, paddy",33322,27894.955,5427.044999999998
Burundi,Sorghum,12654,12311.99,342.0100000000002
Burundi,Soybeans,7895,7580.93,314.0699999999997
Burundi,Sweet potatoes,66985,60057.85,6927.1500000000015
Burundi,Wheat,8007,8159.195,-152.1949999999997
Burundi,Yams,56615,59857.4,-3242.4000000000015
Burundi,Cassava,87275,89263.51,-1988.5099999999948
Burundi,Maize,10244,12857.195,-2613.1949999999997
Burundi,Potatoes,34521,115221.87,-80700.87
Burundi,"Rice, paddy",33767,28586.45,5180.549999999999
Burundi,Sorghum,12964,12143.455,820.5450000000001
Burundi,Soybeans,7750,7948.76,-198.76000000000022
Burundi,Sweet potatoes,66692,62299.95,4392.050000000003
Burundi,Wheat,8407,9463.26,-1056.2600000000002
Burundi,Yams,57103,60903.665,-3800.665000000001
Burundi,Cassava,64718,89133.64,-24415.64
Burundi,Maize,10041,12919.555,-2878.5550000000003
Burundi,Potatoes,26273,125104.175,-98831.175
Burundi,"Rice, paddy",32203,28612.735,3590.2649999999994
Burundi,Sorghum,12874,12166.575,707.4249999999993
Burundi,Soybeans,7683,7951.615,-268.6149999999998
Burundi,Sweet potatoes,65947,63682.32,2264.6800000000003
Burundi,Wheat,8431,9550.35,-1119.3500000000004
Burundi,Yams,57869,61312.29,-3443.290000000001
Burundi,Cassava,41867,88933.09,-47066.09
Burundi,Maize,10032,11045.12,-1013.1200000000008
Burundi,Potatoes,27711,27120.735,590.2649999999994
Burundi,"Rice, paddy",32680,30353.065,2326.9350000000013
Burundi,Sorghum,12885,12230.835,654.1650000000009
Burundi,Soybeans,7619,7730.615,-111.61499999999978
Burundi,Sweet potatoes,67125,61994.33,5130.669999999998
Burundi,Wheat,8583,7884.445,698.5550000000003
Burundi,Yams,55000,59835.315,-4835.315000000002
Burundi,Cassava,40629,89309.39,-48680.39
Burundi,Maize,10511,12016.79,-1505.7900000000009
Burundi,Potatoes,42521,76594.515,-34073.515
Burundi,"Rice, paddy",28268,27643.64,624.3600000000006
Burundi,Sorghum,10701,12205.855,-1504.8549999999996
Burundi,Soybeans,7752,7594.59,157.40999999999985
Burundi,Sweet potatoes,77508,60296.74,17211.260000000002
Burundi,Wheat,7393,9008.365,-1615.3649999999998
Burundi,Yams,64079,60087.73,3991.269999999997
Burundi,Cassava,39948,89966.96,-50018.96000000001
Burundi,Maize,11023,10762.45,260.5499999999993
Burundi,Potatoes,45493,26391.02,19101.98
Burundi,"Rice, paddy",26876,31624.02,-4748.02
Burundi,Sorghum,8205,11869.875,-3664.875
Burundi,Soybeans,7764,7737.42,26.579999999999927
Burundi,Sweet potatoes,78801,63492.015,15308.985
Burundi,Wheat,7129,8623.375,-1494.375
Burundi,Yams,68989,59514.64,9474.36
Burundi,Cassava,42092,90171.08,-48079.08
Burundi,Maize,11763,11201.185,561.8150000000005
Burundi,Potatoes,31165,26249.885,4915.115000000002
Burundi,"Rice, paddy",21041,30892.285,-9851.285
Burundi,Sorghum,5890,12104.49,-6214.49
Burundi,Soybeans,7283,7662.46,-379.46000000000004
Burundi,Sweet potatoes,65035,61680.69,3354.3099999999977
Burundi,Wheat,4448,8271.92,-3823.92
Burundi,Yams,90258,59837.685,30420.315000000002
Burundi,Cassava,68749,88353.875,-19604.875
Burundi,Maize,13218,16657.14,-3439.1399999999994
Burundi,Potatoes,62252,135552.705,-73300.70499999999
Burundi,"Rice, paddy",19130,27620.425,-8490.425
Burundi,Sorghum,6513,11961.115,-5448.115
Burundi,Soybeans,9554,7966.45,1587.5500000000002
Burundi,Sweet potatoes,104528,43729.31,60798.69
Burundi,Wheat,7276,14693.16,-7417.16
Burundi,Yams,79279,61376.13,17902.870000000003
Cameroon,Cassava,76626,105827.235,-29201.235
Cameroon,Maize,20679,20627.17,51.830000000001746
Cameroon,Plantains and others,53209,82707.37,-29498.369999999995
Cameroon,Potatoes,39452,53026.255,-13574.254999999997
Cameroon,"Rice, paddy",11137,31422.215,-20285.215
Cameroon,Sorghum,14129,11302.995,2826.004999999999
Cameroon,Soybeans,5611,6744.28,-1133.2799999999997
Cameroon,Sweet potatoes,45554,64338.385,-18784.385000000002
Cameroon,Wheat,13340,13552.14,-212.13999999999942
Cameroon,Yams,76643,91201.63,-14558.630000000005
Cameroon,Cassava,66145,106168.935,-40023.935
Cameroon,Maize,19166,20215.7,-1049.7000000000007
Cameroon,Plantains and others,53312,88351.885,-35039.884999999995
Cameroon,Potatoes,31159,53165.33,-22006.33
Cameroon,"Rice, paddy",12416,31392.865,-18976.865
Cameroon,Sorghum,12654,11133.22,1520.7800000000007
Cameroon,Soybeans,5866,6751.09,-885.0900000000001
Cameroon,Sweet potatoes,41558,64379.645,-22821.644999999997
Cameroon,Wheat,13373,13672.975,-299.97500000000036
Cameroon,Yams,76752,90980.985,-14228.985
Cameroon,Cassava,105771,106168.935,-397.9349999999977
Cameroon,Maize,21334,20395.375,938.625
Cameroon,Plantains and others,79720,86757.33,-7037.330000000002
Cameroon,Potatoes,25900,53165.33,-27265.33
Cameroon,"Rice, paddy",12971,31525.14,-18554.14
Cameroon,Sorghum,13173,11123.04,2049.959999999999
Cameroon,Soybeans,6131,6751.09,-620.0900000000001
Cameroon,Sweet potatoes,67586,64396.495,3189.5049999999974
Cameroon,Wheat,13390,13648.09,-258.09000000000015
Cameroon,Yams,97814,90980.985,6833.014999999999
Cameroon,Cassava,107548,107279.855,268.1450000000041
Cameroon,Maize,22224,19343.035,2880.965
Cameroon,Plantains and others,79860,88236.895,-8376.895000000004
Cameroon,Potatoes,27330,52697.72,-25367.72
Cameroon,"Rice, paddy",12905,30233.315,-17328.315
Cameroon,Sorghum,12561,11068.59,1492.4099999999999
Cameroon,Soybeans,6226,6890.485,-664.4849999999997
Cameroon,Sweet potatoes,66603,64153.13,2449.8700000000026
Cameroon,Wheat,13408,13587.005,-179.0049999999992
Cameroon,Yams,100747,90785.45,9961.550000000003
Cameroon,Cassava,140000,107159.63,32840.369999999995
Cameroon,Maize,20000,19268.78,731.2200000000012
Cameroon,Plantains and others,120619,88372.985,32246.015
Cameroon,Potatoes,26587,52697.72,-26110.72
Cameroon,"Rice, paddy",10000,29183.21,-19183.21
Cameroon,Sorghum,14397,11098.925,3298.0750000000007
Cameroon,Soybeans,12002,6787.6,5214.4
Cameroon,Sweet potatoes,55032,64154.715,-9122.714999999997
Cameroon,Wheat,13426,13686.845,-260.84499999999935
Cameroon,Yams,121002,90807.25,30194.75
Cameroon,Cassava,140000,106168.935,33831.065
Cameroon,Maize,20000,19530.075,469.9249999999993
Cameroon,Plantains and others,120000,88351.885,31648.115000000005
Cameroon,Potatoes,26367,53165.33,-26798.33
Cameroon,"Rice, paddy",10000,30691.29,-20691.29
Cameroon,Sorghum,14323,11134.1,3188.8999999999996
Cameroon,Soybeans,11999,6749.74,5249.26
Cameroon,Sweet potatoes,59989,64379.645,-4390.644999999997
Cameroon,Wheat,13444,13622.375,-178.375
Cameroon,Yams,121000,90980.985,30019.015
Cameroon,Cassava,139528,106025.805,33502.19500000001
Cameroon,Maize,19787,20322.265,-535.2649999999994
Cameroon,Plantains and others,119671,83790.0,35881.0
Cameroon,Potatoes,28754,53165.33,-24411.33
Cameroon,"Rice, paddy",27475,31666.54,-4191.540000000001
Cameroon,Sorghum,14085,11154.53,2930.4699999999993
Cameroon,Soybeans,8310,6749.93,1560.0699999999997
Cameroon,Sweet potatoes,54288,64367.02,-10079.019999999997
Cameroon,Wheat,13463,13723.095,-260.09499999999935
Cameroon,Yams,121205,91002.785,30202.214999999997
Cameroon,Cassava,140636,108123.83,32512.17
Cameroon,Maize,19741,18538.085,1202.9150000000009
Cameroon,Plantains and others,122250,91300.865,30949.134999999995
Cameroon,Potatoes,44088,59519.315,-15431.315000000002
Cameroon,"Rice, paddy",10936,32152.8,-21216.8
Cameroon,Sorghum,14257,11106.71,3150.290000000001
Cameroon,Soybeans,8437,7037.645,1399.3549999999996
Cameroon,Sweet potatoes,54179,64155.87,-9976.870000000003
Cameroon,Wheat,13846,13788.505,57.4950000000008
Cameroon,Yams,111590,90218.69,21371.309999999998
Cameroon,Cassava,145720,107733.785,37986.215
Cameroon,Maize,20240,18336.36,1903.6399999999994
Cameroon,Plantains and others,110857,103489.24,7367.759999999995
Cameroon,Potatoes,73940,58650.665,15289.335
Cameroon,"Rice, paddy",13464,31319.125,-17855.125
Cameroon,Sorghum,15038,11254.375,3783.625
Cameroon,Soybeans,8276,7429.855,846.1450000000004
Cameroon,Sweet potatoes,49900,64140.665,-14240.665
Cameroon,Wheat,13971,14821.22,-850.2199999999993
Cameroon,Yams,101354,90742.425,10611.574999999997
Cameroon,Cassava,115388,108604.53,6783.470000000001
Cameroon,Maize,17152,18484.495,-1332.494999999999
Cameroon,Plantains and others,108526,103718.055,4807.945000000007
Cameroon,Potatoes,103444,58306.08,45137.92
Cameroon,"Rice, paddy",14217,31414.46,-17197.46
Cameroon,Sorghum,14883,11254.375,3628.625
Cameroon,Soybeans,13980,7429.855,6550.145
Cameroon,Sweet potatoes,60000,64141.12,-4141.120000000003
Cameroon,Wheat,12308,14821.22,-2513.2199999999993
Cameroon,Yams,112643,90874.865,21768.134999999995
Cameroon,Cassava,147894,107909.45,39984.55
Cameroon,Maize,19787,18119.02,1667.9799999999996
Cameroon,Plantains and others,119444,103489.24,15954.759999999995
Cameroon,Potatoes,133560,58789.74,74770.26000000001
Cameroon,"Rice, paddy",11641,31533.64,-19892.64
Cameroon,Sorghum,15074,11106.79,3967.209999999999
Cameroon,Soybeans,13228,7434.425,5793.575
Cameroon,Sweet potatoes,54288,64179.625,-9891.625
Cameroon,Wheat,12879,14907.815,-2028.8150000000005
Cameroon,Yams,103844,90541.515,13302.485
Canada,Maize,70128,67804.39,2323.6100000000006
Canada,Maize,70128,67838.79,2289.2100000000064
Canada,Maize,70128,67756.44,2371.5599999999977
Canada,Maize,70128,67754.245,2373.7550000000047
Canada,Maize,70128,67741.67,2386.3300000000017
Canada,Maize,70128,67775.1,2352.899999999994
Canada,Potatoes,111652,102989.685,8662.315000000002
Canada,Potatoes,111652,105002.34,6649.6600000000035
Canada,Potatoes,111652,103111.425,8540.574999999997
Canada,Potatoes,111652,103241.895,8410.104999999996
Canada,Potatoes,111652,102989.685,8662.315000000002
Canada,Potatoes,111652,102989.685,8662.315000000002
Canada,Soybeans,22814,15896.765,6917.235000000001
Canada,Soybeans,22814,16192.73,6621.27
Canada,Soybeans,22814,16020.14,6793.860000000001
Canada,Soybeans,22814,16020.14,6793.860000000001
Canada,Soybeans,22814,15959.245,6854.754999999999
Canada,Soybeans,22814,15896.765,6917.235000000001
Canada,Wheat,18324,20536.74,-2212.7400000000016
Canada,Wheat,18324,20679.24,-2355.2400000000016
Canada,Wheat,18324,20545.57,-2221.5699999999997
Canada,Wheat,18324,20560.645,-2236.6450000000004
Canada,Wheat,18324,20544.555,-2220.5550000000003
Canada,Wheat,18324,20552.23,-2228.2299999999996
Canada,Maize,82410,67764.515,14645.485
Canada,Maize,82410,67903.725,14506.274999999994
Canada,Maize,82410,67764.515,14645.485
Canada,Maize,82410,67644.57,14765.429999999993
Canada,Maize,82410,67766.71,14643.289999999994
Canada,Maize,82410,67823.925,14586.074999999997
Canada,Potatoes,123630,103314.1,20315.899999999994
Canada,Potatoes,123630,103346.71,20283.289999999994
Canada,Potatoes,123630,103286.325,20343.675000000003
Canada,Potatoes,123630,103354.575,20275.425000000003
Canada,Potatoes,123630,103203.77,20426.229999999996
Canada,Potatoes,123630,101996.61,21633.39
Canada,Soybeans,25939,15900.05,10038.95
Canada,Soybeans,25939,15987.4,9951.6
Canada,Soybeans,25939,15960.945,9978.055
Canada,Soybeans,25939,15960.945,9978.055
Canada,Soybeans,25939,15900.05,10038.95
Canada,Soybeans,25939,16096.525,9842.475
Canada,Wheat,26409,20707.635,5701.365000000002
Canada,Wheat,26409,20750.305,5658.695
Canada,Wheat,26409,20643.575,5765.424999999999
Canada,Wheat,26409,20643.575,5765.424999999999
Canada,Wheat,26409,20678.05,5730.950000000001
Canada,Wheat,26409,20768.21,5640.790000000001
Canada,Maize,86035,67702.015,18332.985
Canada,Maize,86035,67754.86,18280.14
Canada,Maize,86035,67683.355,18351.645000000004
Canada,Maize,86035,67683.355,18351.645000000004
Canada,Maize,86035,67700.29,18334.710000000006
Canada,Maize,86035,67788.665,18246.335000000006
Canada,Potatoes,115053,103044.97,12008.029999999999
Canada,Potatoes,115053,102592.64,12460.36
Canada,Potatoes,115053,103227.565,11825.434999999998
Canada,Potatoes,115053,103325.325,11727.675000000003
Canada,Potatoes,115053,103113.025,11939.975000000006
Canada,Potatoes,115053,103022.65,12030.350000000006
Canada,Soybeans,27082,15852.47,11229.53
Canada,Soybeans,27082,16096.525,10985.475
Canada,Soybeans,27082,15960.945,11121.055
Canada,Soybeans,27082,15960.945,11121.055
Canada,Soybeans,27082,15900.05,11181.95
Canada,Soybeans,27082,15935.805,11146.195
Canada,Wheat,27381,20635.365,6745.634999999998
Canada,Wheat,27381,20773.105,6607.895
Canada,Wheat,27381,20612.535,6768.465
Canada,Wheat,27381,20621.7,6759.299999999999
Canada,Wheat,27381,20689.47,6691.529999999999
Canada,Wheat,27381,20728.545,6652.455000000002
Canada,Maize,84737,67682.23,17054.770000000004
Canada,Maize,84737,67858.745,16878.255000000005
Canada,Maize,84737,67678.965,17058.035000000003
Canada,Maize,84737,67681.16,17055.839999999997
Canada,Maize,84737,67699.82,17037.179999999993
Canada,Maize,84737,67729.11,17007.89
Canada,Potatoes,130482,103470.605,27011.395000000004
Canada,Potatoes,130482,104709.865,25772.134999999995
Canada,Potatoes,130482,103266.0,27216.0
Canada,Potatoes,130482,103155.67,27326.33
Canada,Potatoes,130482,103044.97,27437.03
Canada,Potatoes,130482,103044.97,27437.03
Canada,Soybeans,28850,15898.57,12951.43
Canada,Soybeans,28850,16007.695,12842.305
Canada,Soybeans,28850,15900.05,12949.95
Canada,Soybeans,28850,15900.05,12949.95
Canada,Soybeans,28850,15852.47,12997.53
Canada,Soybeans,28850,15852.47,12997.53
Canada,Wheat,26096,20711.885,5384.115000000002
Canada,Wheat,26096,20758.265,5337.735000000001
Canada,Wheat,26096,20679.39,5416.610000000001
Canada,Wheat,26096,20649.805,5446.195
Canada,Wheat,26096,20592.4,5503.5999999999985
Canada,Wheat,26096,20570.32,5525.68
Canada,Maize,85108,79528.42,5579.580000000002
Canada,Maize,85108,79616.005,5491.994999999995
Canada,Maize,85108,79529.955,5578.044999999998
Canada,Maize,85108,79529.955,5578.044999999998
Canada,Maize,85108,79529.955,5578.044999999998
Canada,Maize,85108,79528.42,5579.580000000002
Canada,Potatoes,126498,103689.935,22808.065000000002
Canada,Potatoes,126498,103656.79,22841.210000000006
Canada,Potatoes,126498,103987.185,22510.815000000002
Canada,Potatoes,126498,103944.91,22553.089999999997
Canada,Potatoes,126498,103804.65,22693.350000000006
Canada,Potatoes,126498,103609.155,22888.845
Canada,Soybeans,23010,15935.7,7074.299999999999
Canada,Soybeans,23010,16110.065,6899.9349999999995
Canada,Soybeans,23010,15935.7,7074.299999999999
Canada,Soybeans,23010,15935.7,7074.299999999999
Canada,Soybeans,23010,15935.7,7074.299999999999
Canada,Soybeans,23010,15935.7,7074.299999999999
Canada,Wheat,23317,24431.925,-1114.9249999999993
Canada,Wheat,23317,24345.395,-1028.3950000000004
Canada,Wheat,23317,24431.925,-1114.9249999999993
Canada,Wheat,23317,24424.3,-1107.2999999999993
Canada,Wheat,23317,24431.925,-1114.9249999999993
Canada,Wheat,23317,24403.375,-1086.375
Canada,Maize,90623,79247.755,11375.244999999995
Canada,Maize,90623,79275.72,11347.279999999999
Canada,Maize,90623,79249.29,11373.710000000006
Canada,Maize,90623,79249.29,11373.710000000006
Canada,Maize,90623,79249.29,11373.710000000006
Canada,Maize,90623,79247.755,11375.244999999995
Canada,Potatoes,126065,103657.015,22407.985
Canada,Potatoes,126065,103619.335,22445.664999999994
Canada,Potatoes,126065,104032.53,22032.47
Canada,Potatoes,126065,104150.87,21914.130000000005
Canada,Potatoes,126065,103960.435,22104.565000000002
Canada,Potatoes,126065,103766.78,22298.22
Canada,Soybeans,27906,15891.42,12014.58
Canada,Soybeans,27906,15944.32,11961.68
Canada,Soybeans,27906,15898.975,12007.025
Canada,Soybeans,27906,15898.975,12007.025
Canada,Soybeans,27906,15898.975,12007.025
Canada,Soybeans,27906,15902.28,12003.72
Canada,Wheat,28575,25208.345,3366.654999999999
Canada,Wheat,28575,25114.82,3460.1800000000003
Canada,Wheat,28575,26071.87,2503.130000000001
Canada,Wheat,28575,26064.245,2510.755000000001
Canada,Wheat,28575,26071.87,2503.130000000001
Canada,Wheat,28575,26071.87,2503.130000000001
Canada,Maize,83723,79249.29,4473.710000000006
Canada,Maize,83723,79275.72,4447.279999999999
Canada,Maize,83723,79249.29,4473.710000000006
Canada,Maize,83723,79249.29,4473.710000000006
Canada,Maize,83723,79249.29,4473.710000000006
Canada,Maize,83723,79247.755,4475.244999999995
Canada,Potatoes,127453,104599.18,22853.820000000007
Canada,Potatoes,127453,104052.87,23400.130000000005
Canada,Potatoes,127453,104867.375,22585.625
Canada,Potatoes,127453,104867.375,22585.625
Canada,Potatoes,127453,104647.955,22805.045
Canada,Potatoes,127453,104283.27,23169.729999999996
Canada,Soybeans,25371,15902.28,9468.72
Canada,Soybeans,25371,15892.725,9478.275
Canada,Soybeans,25371,15898.975,9472.025
Canada,Soybeans,25371,15898.975,9472.025
Canada,Soybeans,25371,15898.975,9472.025
Canada,Soybeans,25371,15829.42,9541.58
Canada,Wheat,27897,26122.685,1774.3149999999987
Canada,Wheat,27897,25258.365,2638.6349999999984
Canada,Wheat,27897,26122.685,1774.3149999999987
Canada,Wheat,27897,26115.06,1781.9399999999987
Canada,Wheat,27897,26122.685,1774.3149999999987
Canada,Wheat,27897,25274.85,2622.1500000000015
Canada,Maize,97385,79275.72,18109.28
Canada,Maize,97385,79293.97,18091.03
Canada,Maize,97385,79249.29,18135.710000000006
Canada,Maize,97385,79249.29,18135.710000000006
Canada,Maize,97385,79247.755,18137.244999999995
Canada,Maize,97385,79275.72,18109.28
Canada,Potatoes,128373,114063.21,14309.789999999994
Canada,Potatoes,128373,113540.97,14832.029999999999
Canada,Potatoes,128373,115199.105,13173.895000000004
Canada,Potatoes,128373,115396.345,12976.654999999999
Canada,Potatoes,128373,113984.625,14388.375
Canada,Potatoes,128373,113938.545,14434.455000000002
Canada,Soybeans,29515,15860.475,13654.525
Canada,Soybeans,29515,16119.44,13395.56
Canada,Soybeans,29515,15818.435,13696.565
Canada,Soybeans,29515,15815.13,13699.87
Canada,Soybeans,29515,15745.575,13769.425
Canada,Soybeans,29515,15808.88,13706.12
Canada,Wheat,28085,25908.09,2176.91
Canada,Wheat,28085,25894.01,2190.9900000000016
Canada,Wheat,28085,26895.325,1189.6749999999993
Canada,Wheat,28085,26895.325,1189.6749999999993
Canada,Wheat,28085,25978.305,2106.6949999999997
Canada,Wheat,28085,25992.22,2092.779999999999
Canada,Maize,88946,79275.72,9670.279999999999
Canada,Maize,88946,79363.305,9582.695000000007
Canada,Maize,88946,79249.29,9696.710000000006
Canada,Maize,88946,79249.29,9696.710000000006
Canada,Maize,88946,79247.755,9698.244999999995
Canada,Maize,88946,79249.29,9696.710000000006
Canada,Potatoes,120376,113938.545,6437.455000000002
Canada,Potatoes,120376,113518.72,6857.279999999999
Canada,Potatoes,120376,115396.345,4979.654999999999
Canada,Potatoes,120376,115367.36,5008.639999999999
Canada,Potatoes,120376,115277.11,5098.889999999999
Canada,Potatoes,120376,115277.11,5098.889999999999
Canada,Soybeans,28738,15720.645,13017.355
Canada,Soybeans,28738,16031.205,12706.795
Canada,Soybeans,28738,15777.82,12960.18
Canada,Soybeans,28738,15777.82,12960.18
Canada,Soybeans,28738,15781.125,12956.875
Canada,Soybeans,28738,15781.125,12956.875
Canada,Wheat,29568,25911.885,3656.1150000000016
Canada,Wheat,29568,25813.675,3754.3250000000007
Canada,Wheat,29568,26837.245,2730.755000000001
Canada,Wheat,29568,26837.245,2730.755000000001
Canada,Wheat,29568,26837.245,2730.755000000001
Canada,Wheat,29568,26837.245,2730.755000000001
Canada,Maize,92109,79363.305,12745.695000000007
Canada,Maize,92109,78646.23,13462.770000000004
Canada,Maize,92109,79249.29,12859.710000000006
Canada,Maize,92109,79249.29,12859.710000000006
Canada,Maize,92109,79277.255,12831.744999999995
Canada,Maize,92109,79247.755,12861.244999999995
Canada,Potatoes,124735,112297.67,12437.330000000002
Canada,Potatoes,124735,123121.51,1613.4900000000052
Canada,Potatoes,124735,113755.105,10979.895000000004
Canada,Potatoes,124735,113952.345,10782.654999999999
Canada,Potatoes,124735,112619.21,12115.789999999994
Canada,Potatoes,124735,112540.625,12194.375
Canada,Soybeans,30294,15981.305,14312.695
Canada,Soybeans,30294,16006.435,14287.565
Canada,Soybeans,30294,15725.69,14568.31
Canada,Soybeans,30294,15722.385,14571.615
Canada,Soybeans,30294,15716.805,14577.195
Canada,Soybeans,30294,15652.83,14641.17
Canada,Wheat,28645,25181.615,3463.3849999999984
Canada,Wheat,28645,24951.21,3693.790000000001
Canada,Wheat,28645,26096.99,2548.0099999999984
Canada,Wheat,28645,26096.99,2548.0099999999984
Canada,Wheat,28645,25137.615,3507.3849999999984
Canada,Wheat,28645,25196.025,3448.9749999999985
Canada,Maize,95878,79363.305,16514.695000000007
Canada,Maize,95878,79107.865,16770.134999999995
Canada,Maize,95878,79247.755,16630.244999999995
Canada,Maize,95878,79249.29,16628.710000000006
Canada,Maize,95878,79275.72,16602.28
Canada,Maize,95878,79295.505,16582.494999999995
Canada,Potatoes,132270,110792.39,21477.61
Canada,Potatoes,132270,111840.76,20429.240000000005
Canada,Potatoes,132270,112540.625,19729.375
Canada,Potatoes,132270,113755.105,18514.895000000004
Canada,Potatoes,132270,112503.315,19766.684999999998
Canada,Potatoes,132270,111665.045,20604.955
Canada,Soybeans,28810,15919.305,12890.695
Canada,Soybeans,28810,16034.345,12775.655
Canada,Soybeans,28810,15652.83,13157.17
Canada,Soybeans,28810,15725.69,13084.31
Canada,Soybeans,28810,15665.21,13144.79
Canada,Soybeans,28810,16041.065,12768.935
Canada,Wheat,35943,25181.615,10761.384999999998
Canada,Wheat,35943,24983.62,10959.380000000001
Canada,Wheat,35943,25196.025,10746.974999999999
Canada,Wheat,35943,26096.99,9846.009999999998
Canada,Wheat,35943,25137.615,10805.384999999998
Canada,Wheat,35943,25122.95,10820.05
Central African Republic,Cassava,30614,35670.25,-5056.25
Central African Republic,Maize,9826,10025.22,-199.21999999999935
Central African Republic,Plantains and others,29286,28648.56,637.4399999999987
Central African Republic,Potatoes,24109,25038.02,-929.0200000000004
Central African Republic,"Rice, paddy",14891,14770.585,120.41500000000087
Central African Republic,Sorghum,10322,7645.73,2676.2700000000004
Central African Republic,Yams,67308,68292.315,-984.3150000000023
Central African Republic,Cassava,29768,35859.81,-6091.809999999998
Central African Republic,Maize,9615,10000.555,-385.5550000000003
Central African Republic,Plantains and others,29096,29052.335,43.66500000000087
Central African Republic,Potatoes,20308,25305.33,-4997.330000000002
Central African Republic,"Rice, paddy",19938,14879.405,5058.594999999999
Central African Republic,Sorghum,8288,7934.46,353.53999999999996
Central African Republic,Yams,67308,68295.805,-987.804999999993
Central African Republic,Cassava,29771,35765.57,-5994.57
Central African Republic,Maize,9034,10022.475,-988.4750000000004
Central African Republic,Plantains and others,28929,29058.085,-129.08499999999913
Central African Republic,Potatoes,18862,25162.6,-6300.5999999999985
Central African Republic,"Rice, paddy",20087,14861.285,5225.715
Central African Republic,Sorghum,8998,8044.275,953.7250000000004
Central African Republic,Yams,68693,68057.82,635.179999999993
Central African Republic,Cassava,29789,35765.57,-5976.57
Central African Republic,Maize,9010,10022.385,-1012.3850000000002
Central African Republic,Plantains and others,28962,29058.085,-96.08499999999913
Central African Republic,Potatoes,15360,25162.6,-9802.599999999999
Central African Republic,"Rice, paddy",16000,14879.005,1120.9950000000008
Central African Republic,Sorghum,9517,8044.275,1472.7250000000004
Central African Republic,Yams,68519,68225.67,293.33000000000175
Central African Republic,Cassava,30000,35765.57,-5765.57
Central African Republic,Maize,8500,10022.385,-1522.3850000000002
Central African Republic,Plantains and others,29078,29058.085,19.915000000000873
Central African Republic,Potatoes,14295,25162.6,-10867.599999999999
Central African Republic,"Rice, paddy",15000,14879.005,120.9950000000008
Central African Republic,Sorghum,10000,8044.275,1955.7250000000004
Central African Republic,Yams,71650,68143.715,3506.2850000000035
Central African Republic,Cassava,30000,36063.79,-6063.790000000001
Central African Republic,Maize,8500,9966.32,-1466.3199999999997
Central African Republic,Plantains and others,29052,29046.01,5.990000000001601
Central African Republic,Potatoes,13425,25164.095,-11739.095000000001
Central African Republic,"Rice, paddy",15000,14872.925,127.07500000000073
Central African Republic,Sorghum,10000,8034.75,1965.25
Central African Republic,Yams,73831,68285.215,5545.7850000000035
Central African Republic,Cassava,30000,35957.275,-5957.2750000000015
Central African Republic,Maize,8500,9965.31,-1465.3099999999995
Central African Republic,Plantains and others,29310,29147.155,162.84500000000116
Central African Republic,Potatoes,12657,25346.33,-12689.330000000002
Central African Republic,"Rice, paddy",15000,14960.91,39.090000000000146
Central African Republic,Sorghum,10000,8057.615,1942.3850000000002
Central African Republic,Yams,75844,67934.44,7909.559999999998
Central African Republic,Cassava,28175,35763.15,-7588.1500000000015
Central African Republic,Maize,16148,9983.695,6164.305
Central African Republic,Plantains and others,29333,29058.085,274.9150000000009
Central African Republic,Potatoes,11650,25346.33,-13696.330000000002
Central African Republic,"Rice, paddy",23353,14924.455,8428.545
Central African Republic,Sorghum,9269,8057.45,1211.5500000000002
Central African Republic,Yams,79091,67934.44,11156.559999999998
Central African Republic,Cassava,28132,38163.205,-10031.205000000002
Central African Republic,Maize,16804,10646.775,6157.225
Central African Republic,Plantains and others,28475,28760.93,-285.9300000000003
Central African Republic,Potatoes,11574,24982.64,-13408.64
Central African Republic,"Rice, paddy",16000,14975.13,1024.8700000000008
Central African Republic,Sorghum,11707,8071.71,3635.29
Central African Republic,Yams,78326,68319.33,10006.669999999998
Central African Republic,Cassava,28132,35608.745,-7476.745000000003
Central African Republic,Maize,17505,10450.585,7054.415000000001
Central African Republic,Plantains and others,28333,28760.93,-427.9300000000003
Central African Republic,Potatoes,11818,25001.275,-13183.275000000001
Central African Republic,"Rice, paddy",30000,14910.725,15089.275
Central African Republic,Sorghum,11707,7891.085,3815.915
Central African Republic,Yams,79310,68299.13,11010.869999999995
Central African Republic,Cassava,28375,35826.02,-7451.019999999997
Central African Republic,Maize,12446,9916.955,2529.045
Central African Republic,Plantains and others,28626,29041.87,-415.869999999999
Central African Republic,Potatoes,11818,25165.245,-13347.244999999999
Central African Republic,"Rice, paddy",18665,14918.255,3746.745000000001
Central African Republic,Sorghum,10529,7956.97,2572.0299999999997
Central African Republic,Yams,78333,68285.215,10047.785000000003
Chile,Maize,105902,96803.055,9098.945000000007
Chile,Maize,105902,94684.93,11217.070000000007
Chile,Potatoes,212397,186386.395,26010.60500000001
Chile,Potatoes,212397,185180.24,27216.76000000001
Chile,"Rice, paddy",50724,49748.385,975.614999999998
Chile,"Rice, paddy",50724,49684.3,1039.699999999997
Chile,Sweet potatoes,70000,69847.015,152.98500000000058
Chile,Sweet potatoes,70000,69796.955,203.04499999999825
Chile,Wheat,42722,40961.06,1760.9400000000023
Chile,Wheat,42722,41868.395,853.6050000000032
Chile,Maize,110678,92915.76,17762.240000000005
Chile,Maize,110678,93209.99,17468.009999999995
Chile,Potatoes,192104,186278.605,5825.3949999999895
Chile,Potatoes,192104,185611.485,6492.515000000014
Chile,"Rice, paddy",47898,49614.125,-1716.125
Chile,"Rice, paddy",47898,49431.315,-1533.3150000000023
Chile,Sweet potatoes,72917,68554.045,4362.955000000002
Chile,Sweet potatoes,72917,68878.04,4038.9600000000064
Chile,Wheat,45710,43041.915,2668.084999999999
Chile,Wheat,45710,44606.565,1103.4349999999977
Chile,Maize,112285,96689.72,15595.279999999999
Chile,Maize,112285,93215.195,19069.804999999993
Chile,Potatoes,200600,186529.775,14070.225000000006
Chile,Potatoes,200600,185587.71,15012.290000000008
Chile,"Rice, paddy",46677,49798.125,-3121.125
Chile,"Rice, paddy",46677,49684.3,-3007.300000000003
Chile,Sweet potatoes,73171,68799.275,4371.725000000006
Chile,Sweet potatoes,73171,68878.04,4292.960000000006
Chile,Wheat,44130,43503.455,626.5449999999983
Chile,Wheat,44130,44482.915,-352.9150000000009
Chile,Maize,111840,96543.27,15296.729999999996
Chile,Maize,111840,92089.715,19750.285000000003
Chile,Potatoes,220155,186049.41,34105.59
Chile,Potatoes,220155,185963.295,34191.70499999999
Chile,"Rice, paddy",57296,49564.215,7731.7850000000035
Chile,"Rice, paddy",57296,48595.915,8700.085
Chile,Sweet potatoes,74400,68726.01,5673.990000000005
Chile,Sweet potatoes,74400,68871.45,5528.550000000003
Chile,Wheat,44601,43761.495,839.5049999999974
Chile,Wheat,44601,44661.64,-60.63999999999942
Chile,Maize,89302,96486.115,-7184.115000000005
Chile,Maize,89302,91169.325,-1867.324999999997
Chile,Potatoes,152389,186603.84,-34214.84
Chile,Potatoes,152389,187024.545,-34635.54500000001
Chile,"Rice, paddy",50663,48844.825,1818.175000000003
Chile,"Rice, paddy",50663,49861.25,801.75
Chile,Sweet potatoes,73077,68925.935,4151.065000000002
Chile,Sweet potatoes,73077,68968.895,4108.104999999996
Chile,Wheat,47859,43469.275,4389.7249999999985
Chile,Wheat,47859,43509.45,4349.550000000003
Chile,Maize,101411,87187.295,14223.705000000002
Chile,Maize,101411,92446.385,8964.615000000005
Chile,Potatoes,172591,186327.065,-13736.065000000002
Chile,Potatoes,172591,185848.71,-13257.709999999992
Chile,"Rice, paddy",57920,48859.63,9060.370000000003
Chile,"Rice, paddy",57920,49313.905,8606.095000000001
Chile,Sweet potatoes,78022,68373.64,9648.36
Chile,Sweet potatoes,78022,68871.45,9150.550000000003
Chile,Wheat,45748,42311.795,3436.2050000000017
Chile,Wheat,45748,44781.29,966.7099999999991
Chile,Maize,104956,96689.72,8266.279999999999
Chile,Maize,104956,92089.715,12866.285000000003
Chile,Potatoes,205101,186529.775,18571.225000000006
Chile,Potatoes,205101,185848.71,19252.290000000008
Chile,"Rice, paddy",53763,49798.125,3964.875
Chile,"Rice, paddy",53763,49132.12,4630.879999999997
Chile,Sweet potatoes,86799,68799.275,17999.725000000006
Chile,Sweet potatoes,86799,68871.45,17927.550000000003
Chile,Wheat,40809,43503.455,-2694.4550000000017
Chile,Wheat,40809,44661.875,-3852.875
Chile,Maize,110808,96588.17,14219.830000000002
Chile,Maize,110808,93211.475,17596.524999999994
Chile,Potatoes,212986,186603.84,26382.160000000003
Chile,Potatoes,212986,185557.14,27428.859999999986
Chile,"Rice, paddy",38599,49688.905,-11089.904999999999
Chile,"Rice, paddy",38599,49713.79,-11114.79
Chile,Sweet potatoes,92862,68925.935,23936.065000000002
Chile,Sweet potatoes,92862,69025.68,23836.320000000007
Chile,Wheat,57658,43198.18,14459.82
Chile,Wheat,57658,44267.605,13390.394999999997
Chile,Maize,119978,94892.675,25085.324999999997
Chile,Maize,119978,93215.195,26762.804999999993
Chile,Potatoes,312460,186164.77,126295.23000000001
Chile,Potatoes,312460,185587.71,126872.29000000001
Chile,"Rice, paddy",51899,49612.995,2286.0049999999974
Chile,"Rice, paddy",51899,49684.3,2214.699999999997
Chile,Sweet potatoes,99022,68588.295,30433.705
Chile,Sweet potatoes,99022,68878.04,30143.960000000006
Chile,Wheat,58060,43111.655,14948.345000000001
Chile,Wheat,58060,44482.915,13577.085
Chile,Maize,107224,92847.36,14376.64
Chile,Maize,107224,92089.715,15134.285000000003
Chile,Potatoes,263269,186278.13,76990.87
Chile,Potatoes,263269,185963.295,77305.70499999999
Chile,"Rice, paddy",62435,49467.33,12967.669999999998
Chile,"Rice, paddy",62435,48595.915,13839.085
Chile,Sweet potatoes,107692,68356.66,39335.34
Chile,Sweet potatoes,107692,68871.45,38820.55
Chile,Wheat,49468,43110.77,6357.230000000003
Chile,Wheat,49468,44661.64,4806.360000000001
Chile,Maize,106321,96690.65,9630.350000000006
Chile,Maize,106321,91241.005,15079.994999999995
Chile,Potatoes,233767,186529.775,47237.225000000006
Chile,Potatoes,233767,186308.165,47458.83499999999
Chile,"Rice, paddy",62051,49778.445,12272.555
Chile,"Rice, paddy",62051,49861.25,12189.75
Chile,Sweet potatoes,107692,68799.275,38892.725000000006
Chile,Sweet potatoes,107692,68968.895,38723.104999999996
Chile,Wheat,58143,43503.455,14639.544999999998
Chile,Wheat,58143,43509.45,14633.550000000003
Colombia,Cassava,103100,99025.78,4074.220000000001
Colombia,Cassava,103100,102179.165,920.8350000000064
Colombia,Maize,22773,21803.755,969.244999999999
Colombia,Maize,22773,21159.35,1613.6500000000015
Colombia,Plantains and others,78479,75622.46,2856.5399999999936
Colombia,Plantains and others,78479,75460.725,3018.274999999994
Colombia,Potatoes,156377,142619.295,13757.704999999987
Colombia,Potatoes,156377,143516.435,12860.565000000002
Colombia,"Rice, paddy",48001,45701.395,2299.605000000003
Colombia,"Rice, paddy",48001,45748.405,2252.595000000001
Colombia,Sorghum,35000,29028.135,5971.865000000002
Colombia,Sorghum,35000,28923.425,6076.575000000001
Colombia,Soybeans,23600,25196.91,-1596.9099999999999
Colombia,Soybeans,23600,25541.265,-1941.2649999999994
Colombia,Wheat,17353,15688.25,1664.75
Colombia,Wheat,17353,15560.765,1792.2350000000006
Colombia,Yams,113682,114415.42,-733.4199999999983
Colombia,Yams,113682,114921.605,-1239.604999999996
Colombia,Cassava,108559,102849.19,5709.809999999998
Colombia,Cassava,108559,102414.34,6144.6600000000035
Colombia,Maize,26357,22482.01,3874.9900000000016
Colombia,Maize,26357,22307.635,4049.3650000000016
Colombia,Plantains and others,78520,75772.14,2747.8600000000006
Colombia,Plantains and others,78520,75485.41,3034.5899999999965
Colombia,Potatoes,158199,144728.53,13470.470000000001
Colombia,Potatoes,158199,145261.69,12937.309999999998
Colombia,"Rice, paddy",48038,45694.215,2343.7850000000035
Colombia,"Rice, paddy",48038,45748.405,2289.595000000001
Colombia,Sorghum,36000,28851.45,7148.549999999999
Colombia,Sorghum,36000,28888.6,7111.4000000000015
Colombia,Soybeans,16169,26139.78,-9970.779999999999
Colombia,Soybeans,16169,26133.68,-9964.68
Colombia,Wheat,18879,15836.21,3042.790000000001
Colombia,Wheat,18879,15799.84,3079.16
Colombia,Yams,117050,115469.93,1580.070000000007
Colombia,Yams,117050,114992.9,2057.100000000006
Colombia,Cassava,106912,98903.685,8008.315000000002
Colombia,Cassava,106912,102262.595,4649.404999999999
Colombia,Maize,27537,23977.565,3559.4350000000013
Colombia,Maize,27537,23720.11,3816.8899999999994
Colombia,Plantains and others,78868,75640.55,3227.449999999997
Colombia,Plantains and others,78868,75460.725,3407.274999999994
Colombia,Potatoes,151954,147513.72,4440.279999999999
Colombia,Potatoes,151954,148301.82,3652.179999999993
Colombia,"Rice, paddy",48388,45701.395,2686.605000000003
Colombia,"Rice, paddy",48388,45748.405,2639.595000000001
Colombia,Sorghum,37000,29028.135,7971.865000000002
Colombia,Sorghum,37000,28888.6,8111.4000000000015
Colombia,Soybeans,20000,26192.035,-6192.035
Colombia,Soybeans,20000,26148.81,-6148.810000000001
Colombia,Wheat,23371,15747.25,7623.75
Colombia,Wheat,23371,15710.88,7660.120000000001
Colombia,Yams,117678,114323.98,3354.020000000004
Colombia,Yams,117678,114992.9,2685.100000000006
Colombia,Cassava,103639,99110.49,4528.509999999995
Colombia,Cassava,103639,102414.34,1224.6600000000035
Colombia,Maize,25368,22416.42,2951.5800000000017
Colombia,Maize,25368,22225.23,3142.7700000000004
Colombia,Plantains and others,81953,75640.55,6312.449999999997
Colombia,Plantains and others,81953,75485.41,6467.5899999999965
Colombia,Potatoes,159033,144213.195,14819.804999999993
Colombia,Potatoes,159033,144911.015,14121.984999999986
Colombia,"Rice, paddy",45717,45701.395,15.605000000003201
Colombia,"Rice, paddy",45717,45748.405,-31.404999999998836
Colombia,Sorghum,37000,29034.535,7965.465
Colombia,Sorghum,37000,28811.66,8188.34
Colombia,Soybeans,20000,26189.71,-6189.709999999999
Colombia,Soybeans,20000,26146.485,-6146.485000000001
Colombia,Wheat,15490,15847.025,-357.02499999999964
Colombia,Wheat,15490,15799.84,-309.84000000000015
Colombia,Yams,105600,114530.65,-8930.649999999994
Colombia,Yams,105600,114992.9,-9392.899999999994
Colombia,Cassava,108337,102095.835,6241.164999999994
Colombia,Cassava,108337,102734.51,5602.490000000005
Colombia,Maize,27661,21283.215,6377.785
Colombia,Maize,27661,21101.39,6559.610000000001
Colombia,Plantains and others,81560,75640.55,5919.449999999997
Colombia,Plantains and others,81560,75461.235,6098.764999999999
Colombia,Potatoes,166986,142938.67,24047.329999999987
Colombia,Potatoes,166986,143553.38,23432.619999999995
Colombia,"Rice, paddy",49020,45693.175,3326.824999999997
Colombia,"Rice, paddy",49020,45748.405,3271.595000000001
Colombia,Sorghum,37000,28970.275,8029.7249999999985
Colombia,Sorghum,37000,28792.065,8207.935000000001
Colombia,Soybeans,20000,25547.365,-5547.365000000002
Colombia,Soybeans,20000,25541.265,-5541.264999999999
Colombia,Wheat,18709,15591.15,3117.8500000000004
Colombia,Wheat,18709,15560.765,3148.2350000000006
Colombia,Yams,104038,115333.5,-11295.5
Colombia,Yams,104038,115205.385,-11167.384999999995
Colombia,Cassava,109215,99151.355,10063.645000000004
Colombia,Cassava,109215,99790.06,9424.940000000002
Colombia,Maize,27712,21529.81,6182.189999999999
Colombia,Maize,27712,21255.225,6456.7750000000015
Colombia,Plantains and others,81611,72518.67,9092.330000000002
Colombia,Plantains and others,81611,72568.04,9042.960000000006
Colombia,Potatoes,176013,142913.905,33099.095
Colombia,Potatoes,176013,143182.025,32830.975000000006
Colombia,"Rice, paddy",48887,46458.49,2428.510000000002
Colombia,"Rice, paddy",48887,46560.045,2326.9550000000017
Colombia,Sorghum,37100,30124.535,6975.465
Colombia,Sorghum,37100,30748.535,6351.465
Colombia,Soybeans,21574,21663.655,-89.65499999999884
Colombia,Soybeans,21574,21641.055,-67.05500000000029
Colombia,Wheat,18151,19289.325,-1138.3250000000007
Colombia,Wheat,18151,19544.04,-1393.0400000000009
Colombia,Yams,104870,111051.03,-6181.029999999999
Colombia,Yams,104870,111563.52,-6693.520000000004
Colombia,Cassava,106899,96065.335,10833.664999999994
Colombia,Cassava,106899,97998.235,8900.765
Colombia,Maize,26845,22098.335,4746.665000000001
Colombia,Maize,26845,21099.75,5745.25
Colombia,Plantains and others,78714,72435.77,6278.229999999996
Colombia,Plantains and others,78714,72296.305,6417.695000000007
Colombia,Potatoes,183793,149834.57,33958.42999999999
Colombia,Potatoes,183793,151234.975,32558.024999999994
Colombia,"Rice, paddy",46956,46457.045,498.95500000000175
Colombia,"Rice, paddy",46956,46510.6,445.40000000000146
Colombia,Sorghum,37000,30085.385,6914.615000000002
Colombia,Sorghum,37000,30112.545,6887.455000000002
Colombia,Soybeans,22000,21603.07,396.9300000000003
Colombia,Soybeans,22000,21660.22,339.77999999999884
Colombia,Wheat,16946,19357.395,-2411.3950000000004
Colombia,Wheat,16946,19250.635,-2304.6349999999984
Colombia,Yams,106037,111276.84,-5239.8399999999965
Colombia,Yams,106037,110970.975,-4933.975000000006
Colombia,Cassava,106094,96106.88,9987.119999999995
Colombia,Cassava,106094,98189.21,7904.789999999994
Colombia,Maize,27227,21922.07,5304.93
Colombia,Maize,27227,21146.575,6080.424999999999
Colombia,Plantains and others,80771,72668.525,8102.475000000006
Colombia,Plantains and others,80771,72399.08,8371.919999999998
Colombia,Potatoes,172462,142434.08,30027.920000000013
Colombia,Potatoes,172462,143398.995,29063.005000000005
Colombia,"Rice, paddy",41223,46457.045,-5234.044999999998
Colombia,"Rice, paddy",41223,46510.6,-5287.5999999999985
Colombia,Sorghum,57069,30164.265,26904.735
Colombia,Sorghum,57069,30063.57,27005.43
Colombia,Soybeans,17152,21727.595,-4575.595000000001
Colombia,Soybeans,17152,21635.61,-4483.610000000001
Colombia,Wheat,17697,19263.005,-1566.005000000001
Colombia,Wheat,17697,19252.895,-1555.8950000000004
Colombia,Yams,108871,110973.3,-2102.300000000003
Colombia,Yams,108871,111394.95,-2523.949999999997
Colombia,Cassava,107039,99198.215,7840.7850000000035
Colombia,Cassava,107039,99041.81,7997.190000000002
Colombia,Maize,28591,21482.985,7108.014999999999
Colombia,Maize,28591,21147.42,7443.580000000002
Colombia,Plantains and others,79624,72574.375,7049.625
Colombia,Plantains and others,79624,72385.665,7238.335000000006
Colombia,Potatoes,173390,150683.56,22706.440000000002
Colombia,Potatoes,173390,151241.71,22148.290000000008
Colombia,"Rice, paddy",39589,46458.49,-6869.489999999998
Colombia,"Rice, paddy",39589,46560.045,-6971.044999999998
Colombia,Sorghum,38975,30095.455,8879.544999999998
Colombia,Sorghum,38975,30195.13,8779.869999999999
Colombia,Soybeans,21766,21663.655,102.34500000000116
Colombia,Soybeans,21766,21594.04,171.95999999999913
Colombia,Wheat,15964,19289.325,-3325.3250000000007
Colombia,Wheat,15964,19319.23,-3355.2299999999996
Colombia,Yams,111246,111096.12,149.88000000000466
Colombia,Yams,111246,111846.8,-600.8000000000029
Colombia,Cassava,96365,95952.05,412.9499999999971
Colombia,Cassava,96365,98590.265,-2225.2649999999994
Colombia,Maize,29052,21908.44,7143.560000000001
Colombia,Maize,29052,21146.575,7905.424999999999
Colombia,Plantains and others,80883,72666.87,8216.130000000005
Colombia,Plantains and others,80883,72430.36,8452.64
Colombia,Potatoes,181661,142410.07,39250.92999999999
Colombia,Potatoes,181661,143435.94,38225.06
Colombia,"Rice, paddy",48066,46457.045,1608.9550000000017
Colombia,"Rice, paddy",48066,46510.6,1555.4000000000015
Colombia,Sorghum,38191,30164.265,8026.735000000001
Colombia,Sorghum,38191,29955.76,8235.240000000002
Colombia,Soybeans,26639,21726.765,4912.235000000001
Colombia,Soybeans,26639,21619.095,5019.904999999999
Colombia,Wheat,15196,19263.005,-4067.005000000001
Colombia,Wheat,15196,19261.075,-4065.0750000000007
Colombia,Yams,109759,110973.3,-1214.300000000003
Colombia,Yams,109759,111647.535,-1888.5350000000035
Colombia,Cassava,99633,95963.765,3669.2350000000006
Colombia,Cassava,99633,98033.38,1599.6199999999953
Colombia,Maize,28246,21799.915,6446.084999999999
Colombia,Maize,28246,21099.665,7146.334999999999
Colombia,Plantains and others,84230,72666.87,11563.130000000005
Colombia,Plantains and others,84230,72296.305,11933.695000000007
Colombia,Potatoes,185619,143519.125,42099.875
Colombia,Potatoes,185619,144891.65,40727.350000000006
Colombia,"Rice, paddy",38371,46457.045,-8086.044999999998
Colombia,"Rice, paddy",38371,46510.6,-8139.5999999999985
Colombia,Sorghum,32034,30162.89,1871.1100000000006
Colombia,Sorghum,32034,30112.71,1921.2900000000009
Colombia,Soybeans,27250,21726.765,5523.235000000001
Colombia,Soybeans,27250,21660.22,5589.779999999999
Colombia,Wheat,16938,19497.535,-2559.535
Colombia,Wheat,16938,19447.2,-2509.2000000000007
Colombia,Yams,109992,111030.93,-1038.929999999993
Colombia,Yams,109992,110975.495,-983.4949999999953
Croatia,Maize,63767,47940.25,15826.75
Croatia,Potatoes,113892,93029.705,20862.295
Croatia,Sorghum,40854,43205.9,-2351.9000000000015
Croatia,Soybeans,27031,19466.95,7564.049999999999
Croatia,Wheat,45919,44281.6,1637.4000000000015
Croatia,Maize,63054,54779.34,8274.660000000003
Croatia,Potatoes,153997,101969.44,52027.56
Croatia,Sorghum,37125,42367.63,-5242.629999999997
Croatia,Soybeans,21545,22566.79,-1021.7900000000009
Croatia,Wheat,49278,42655.93,6622.07
Croatia,Maize,69182,54239.525,14942.474999999999
Croatia,Potatoes,144638,108802.19,35835.81
Croatia,Sorghum,30000,42300.245,-12300.245000000003
Croatia,Soybeans,24808,22881.11,1926.8899999999994
Croatia,Wheat,41144,42918.125,-1774.125
Croatia,Maize,65312,54025.935,11286.065000000002
Croatia,Potatoes,163810,101421.3,62388.7
Croatia,Sorghum,26667,42955.145,-16288.144999999997
Croatia,Soybeans,27737,22814.735,4922.264999999999
Croatia,Wheat,45833,42395.935,3437.0650000000023
Croatia,Maize,49371,48189.33,1181.6699999999983
Croatia,Potatoes,170730,93397.9,77332.1
Croatia,Sorghum,30000,43052.97,-13052.970000000001
Croatia,Soybeans,19489,19953.755,-464.755000000001
Croatia,Wheat,46408,44205.81,2202.1900000000023
Croatia,Maize,79759,49243.5,30515.5
Croatia,Potatoes,170369,95953.075,74415.925
Croatia,Sorghum,35023,42962.59,-7939.5899999999965
Croatia,Soybeans,30053,19824.945,10228.055
Croatia,Wheat,54833,43850.24,10982.760000000002
Croatia,Maize,73508,48984.605,24523.394999999997
Croatia,Potatoes,193036,96361.835,96674.165
Croatia,Sorghum,24835,42962.59,-18127.589999999997
Croatia,Soybeans,26000,20154.47,5845.529999999999
Croatia,Wheat,51896,43870.81,8025.190000000002
Croatia,Maize,69678,54576.305,15101.695
Croatia,Potatoes,163115,109821.15,53293.850000000006
Croatia,Sorghum,25641,42359.455,-16718.455
Croatia,Soybeans,27203,25314.01,1888.9900000000016
Croatia,Wheat,40415,42919.77,-2504.769999999997
Croatia,Maize,56817,50770.745,6046.254999999997
Croatia,Potatoes,153960,98258.985,55701.015
Croatia,Sorghum,32000,42999.635,-10999.635000000002
Croatia,Soybeans,25005,21891.82,3113.1800000000003
Croatia,Wheat,52237,43979.175,8257.824999999997
Croatia,Maize,43374,47845.8,-4471.800000000003
Croatia,Potatoes,147848,95908.265,51939.735
Croatia,Sorghum,35729,43213.72,-7484.720000000001
Croatia,Soybeans,17875,21411.805,-3536.8050000000003
Croatia,Wheat,53473,44330.04,9142.96
Croatia,Maize,65000,47952.17,17047.83
Croatia,Potatoes,158785,95342.555,63442.44500000001
Croatia,Sorghum,50203,43227.47,6975.529999999999
Croatia,Soybeans,23606,20615.105,2990.8950000000004
Croatia,Wheat,48846,44882.885,3963.114999999998
Denmark,Maize,48105,89824.92,-41719.92
Denmark,Potatoes,352675,397101.55,-44426.54999999999
Denmark,Wheat,66264,73651.135,-7387.134999999995
Denmark,Maize,52170,89867.885,-37697.884999999995
Denmark,Potatoes,389423,397707.365,-8284.36499999999
Denmark,Wheat,64672,74506.28,-9834.279999999999
Denmark,Maize,58217,89857.46,-31640.460000000006
Denmark,Potatoes,421316,393608.745,27707.255000000005
Denmark,Wheat,73687,75098.795,-1411.7949999999983
Denmark,Maize,59141,89826.01,-30685.009999999995
Denmark,Potatoes,415732,398132.945,17599.054999999993
Denmark,Wheat,72992,74410.985,-1418.9850000000006
Denmark,Potatoes,399066,410554.39,-11488.390000000014
Denmark,Wheat,70345,73930.56,-3585.5599999999977
Denmark,Potatoes,397415,403087.455,-5672.455000000016
Denmark,Wheat,71406,73839.9,-2433.899999999994
Denmark,Potatoes,394100,402872.76,-8772.76000000001
Denmark,Wheat,72328,74629.035,-2301.0350000000035
Denmark,Potatoes,352642,412355.33,-59713.330000000016
Denmark,Wheat,69964,74830.335,-4866.335000000006
Denmark,Potatoes,385647,411645.455,-25998.455000000016
Denmark,Wheat,65610,74723.265,-9113.265
Denmark,Potatoes,416339,403825.955,12513.044999999984
Denmark,Wheat,78638,74631.25,4006.75
Denmark,Potatoes,415861,402777.615,13083.38500000001
Denmark,Wheat,80373,73698.455,6674.544999999998
Dominican Republic,Cassava,69924,65666.835,4257.164999999994
Dominican Republic,Cassava,69924,65650.915,4273.085000000006
Dominican Republic,Maize,12960,13005.505,-45.5049999999992
Dominican Republic,Maize,12960,12998.86,-38.86000000000058
Dominican Republic,Plantains and others,78695,81694.285,-2999.2850000000035
Dominican Republic,Plantains and others,78695,81188.65,-2493.649999999994
Dominican Republic,Potatoes,166370,141465.295,24904.704999999987
Dominican Republic,Potatoes,166370,141476.525,24893.475000000006
Dominican Republic,"Rice, paddy",48593,44840.105,3752.894999999997
Dominican Republic,"Rice, paddy",48593,46243.86,2349.1399999999994
Dominican Republic,Sorghum,19380,26440.28,-7060.279999999999
Dominican Republic,Sorghum,19380,26586.495,-7206.494999999999
Dominican Republic,Sweet potatoes,60518,54100.285,6417.7149999999965
Dominican Republic,Sweet potatoes,60518,53378.515,7139.485000000001
Dominican Republic,Yams,67400,62854.99,4545.010000000002
Dominican Republic,Yams,67400,62859.865,4540.135000000002
Dominican Republic,Cassava,65505,66481.425,-976.4250000000029
Dominican Republic,Cassava,65505,66333.82,-828.820000000007
Dominican Republic,Maize,14924,13176.26,1747.7399999999998
Dominican Republic,Maize,14924,13064.07,1859.9300000000003
Dominican Republic,Plantains and others,85924,84748.095,1175.9049999999988
Dominican Republic,Plantains and others,85924,87072.495,-1148.4949999999953
Dominican Republic,Potatoes,179600,142019.535,37580.465
Dominican Republic,Potatoes,179600,142078.26,37521.73999999999
Dominican Republic,"Rice, paddy",43044,47298.23,-4254.230000000003
Dominican Republic,"Rice, paddy",43044,46591.5,-3547.5
Dominican Republic,Sorghum,19686,26605.035,-6919.035
Dominican Republic,Sorghum,19686,26610.85,-6924.8499999999985
Dominican Republic,Sweet potatoes,64152,54340.9,9811.099999999999
Dominican Republic,Sweet potatoes,64152,55726.525,8425.474999999999
Dominican Republic,Yams,64577,62900.26,1676.739999999998
Dominican Republic,Yams,64577,62349.305,2227.6949999999997
Dominican Republic,Cassava,66559,65864.3,694.6999999999971
Dominican Republic,Cassava,66559,66704.77,-145.77000000000407
Dominican Republic,Maize,14206,13313.09,892.9099999999999
Dominican Republic,Maize,14206,13378.38,827.6200000000008
Dominican Republic,Plantains and others,104137,84300.165,19836.835000000006
Dominican Republic,Plantains and others,104137,87610.22,16526.78
Dominican Republic,Potatoes,220766,140540.355,80225.64499999999
Dominican Republic,Potatoes,220766,141752.02,79013.98000000001
Dominican Republic,"Rice, paddy",42047,46255.35,-4208.3499999999985
Dominican Republic,"Rice, paddy",42047,47231.63,-5184.629999999997
Dominican Republic,Sorghum,20534,26534.345,-6000.345000000001
Dominican Republic,Sorghum,20534,26533.045,-5999.044999999998
Dominican Republic,Sweet potatoes,62339,53889.98,8449.019999999997
Dominican Republic,Sweet potatoes,62339,54640.72,7698.279999999999
Dominican Republic,Yams,56337,62856.165,-6519.165000000001
Dominican Republic,Yams,56337,62896.39,-6559.389999999999
Dominican Republic,Cassava,72182,65851.025,6330.975000000006
Dominican Republic,Cassava,72182,65866.945,6315.054999999993
Dominican Republic,Maize,13900,13135.685,764.3150000000005
Dominican Republic,Maize,13900,13136.195,763.8050000000003
Dominican Republic,Plantains and others,121998,82394.395,39603.604999999996
Dominican Republic,Plantains and others,121998,82900.03,39097.97
Dominican Republic,Potatoes,222125,141312.66,80812.34
Dominican Republic,Potatoes,222125,141301.43,80823.57
Dominican Republic,"Rice, paddy",46865,46073.22,791.7799999999988
Dominican Republic,"Rice, paddy",46865,44476.825,2388.175000000003
Dominican Republic,Sorghum,20497,26486.505,-5989.505000000001
Dominican Republic,Sorghum,20497,26320.145,-5823.145
Dominican Republic,Sweet potatoes,70151,54547.095,15603.904999999999
Dominican Republic,Sweet potatoes,70151,55268.865,14882.135000000002
Dominican Republic,Yams,63984,63159.095,824.9049999999988
Dominican Republic,Yams,63984,63150.755,833.2450000000026
Dominican Republic,Cassava,75588,68068.895,7519.104999999996
Dominican Republic,Cassava,75588,68068.895,7519.104999999996
Dominican Republic,Maize,13350,13250.505,99.4950000000008
Dominican Republic,Maize,13350,13244.21,105.79000000000087
Dominican Republic,Plantains and others,107774,86234.085,21539.914999999994
Dominican Republic,Plantains and others,107774,86311.875,21462.125
Dominican Republic,Potatoes,216325,147278.165,69046.83499999999
Dominican Republic,Potatoes,216325,147237.595,69087.405
Dominican Republic,"Rice, paddy",48112,45311.755,2800.2450000000026
Dominican Republic,"Rice, paddy",48112,44975.285,3136.7149999999965
Dominican Republic,Sorghum,17929,26465.07,-8536.07
Dominican Republic,Sorghum,17929,26396.135,-8467.134999999998
Dominican Republic,Sweet potatoes,75696,59532.07,16163.93
Dominican Republic,Sweet potatoes,75696,59532.07,16163.93
Dominican Republic,Yams,64848,62442.26,2405.739999999998
Dominican Republic,Yams,64848,62442.26,2405.739999999998
Dominican Republic,Cassava,75141,68894.445,6246.554999999993
Dominican Republic,Cassava,75141,68963.805,6177.195000000007
Dominican Republic,Maize,14532,13227.19,1304.8099999999995
Dominican Republic,Maize,14532,13107.41,1424.5900000000001
Dominican Republic,Plantains and others,94967,88318.075,6648.925000000003
Dominican Republic,Plantains and others,94967,97686.515,-2719.5149999999994
Dominican Republic,Potatoes,205454,148731.08,56722.92000000001
Dominican Republic,Potatoes,205454,144967.645,60486.35500000001
Dominican Republic,"Rice, paddy",48268,47502.185,765.8150000000023
Dominican Republic,"Rice, paddy",48268,46428.915,1839.0849999999991
Dominican Republic,Sorghum,21736,26650.2,-4914.200000000001
Dominican Republic,Sorghum,21736,26606.89,-4870.889999999999
Dominican Republic,Sweet potatoes,71031,60715.12,10315.879999999997
Dominican Republic,Sweet potatoes,71031,61572.78,9458.220000000001
Dominican Republic,Yams,69428,62368.225,7059.7750000000015
Dominican Republic,Yams,69428,62301.26,7126.739999999998
Dominican Republic,Cassava,77183,70245.025,6937.975000000006
Dominican Republic,Cassava,77183,70298.795,6884.205000000002
Dominican Republic,Maize,14645,13390.115,1254.8850000000002
Dominican Republic,Maize,14645,13409.92,1235.08
Dominican Republic,Plantains and others,123255,88403.51,34851.490000000005
Dominican Republic,Plantains and others,123255,88535.655,34719.345
Dominican Republic,Potatoes,219707,147927.615,71779.38500000001
Dominican Republic,Potatoes,219707,148179.025,71527.975
Dominican Republic,"Rice, paddy",42862,47578.795,-4716.794999999998
Dominican Republic,"Rice, paddy",42862,47711.275,-4849.2750000000015
Dominican Republic,Sorghum,19343,26599.555,-7256.555
Dominican Republic,Sorghum,19343,26668.975,-7325.9749999999985
Dominican Republic,Sweet potatoes,77468,59507.205,17960.795
Dominican Republic,Sweet potatoes,77468,59900.18,17567.82
Dominican Republic,Yams,70171,63061.445,7109.555
Dominican Republic,Yams,70171,63061.445,7109.555
Dominican Republic,Cassava,84606,74617.625,9988.375
Dominican Republic,Cassava,84606,73863.125,10742.875
Dominican Republic,Maize,16818,13628.195,3189.8050000000003
Dominican Republic,Maize,16818,13573.385,3244.615
Dominican Republic,Plantains and others,109770,85633.56,24136.440000000002
Dominican Republic,Plantains and others,109770,84894.56,24875.440000000002
Dominican Republic,Potatoes,237316,170681.05,66634.95000000001
Dominican Republic,Potatoes,237316,170318.205,66997.79500000001
Dominican Republic,"Rice, paddy",47651,48341.995,-690.9950000000026
Dominican Republic,"Rice, paddy",47651,47473.165,177.83499999999913
Dominican Republic,Sorghum,21139,28326.055,-7187.055
Dominican Republic,Sorghum,21139,28326.055,-7187.055
Dominican Republic,Sweet potatoes,81343,59178.23,22164.769999999997
Dominican Republic,Sweet potatoes,81343,59108.75,22234.25
Dominican Republic,Yams,69331,63183.315,6147.684999999998
Dominican Republic,Yams,69331,63136.805,6194.195
Dominican Republic,Cassava,78686,74645.365,4040.6349999999948
Dominican Republic,Cassava,78686,74377.96,4308.039999999994
Dominican Republic,Maize,16229,13599.895,2629.1049999999996
Dominican Republic,Maize,16229,13303.43,2925.5699999999997
Dominican Republic,Plantains and others,173430,86964.185,86465.815
Dominican Republic,Plantains and others,173430,92007.035,81422.965
Dominican Republic,Potatoes,236186,171591.805,64594.19500000001
Dominican Republic,Potatoes,236186,168748.57,67437.43
Dominican Republic,"Rice, paddy",50057,48370.84,1686.1600000000035
Dominican Republic,"Rice, paddy",50057,47240.215,2816.7850000000035
Dominican Republic,Sorghum,14666,28399.885,-13733.884999999998
Dominican Republic,Sorghum,14666,28374.305,-13708.305
Dominican Republic,Sweet potatoes,80907,60412.965,20494.035000000003
Dominican Republic,Sweet potatoes,80907,60663.115,20243.885000000002
Dominican Republic,Yams,67133,63117.465,4015.5350000000035
Dominican Republic,Yams,67133,62171.995,4961.004999999997
Dominican Republic,Cassava,75083,74645.365,437.63499999999476
Dominican Republic,Cassava,75083,74645.365,437.63499999999476
Dominican Republic,Maize,15675,13662.92,2012.08
Dominican Republic,Maize,15675,13662.92,2012.08
Dominican Republic,Plantains and others,183778,86987.525,96790.475
Dominican Republic,Plantains and others,183778,86987.525,96790.475
Dominican Republic,Potatoes,242634,171190.515,71443.48499999999
Dominican Republic,Potatoes,242634,171190.515,71443.48499999999
Dominican Republic,"Rice, paddy",41266,48454.095,-7188.095000000001
Dominican Republic,"Rice, paddy",41266,48454.095,-7188.095000000001
Dominican Republic,Sorghum,14585,28398.235,-13813.235
Dominican Republic,Sorghum,14585,28398.235,-13813.235
Dominican Republic,Sweet potatoes,81007,59601.57,21405.43
Dominican Republic,Sweet potatoes,81007,59601.57,21405.43
Dominican Republic,Yams,66228,63183.315,3044.6849999999977
Dominican Republic,Yams,66228,63183.315,3044.6849999999977
Dominican Republic,Cassava,74585,74114.15,470.8500000000058
Dominican Republic,Cassava,74585,74645.365,-60.36500000000524
Dominican Republic,Maize,15764,13363.77,2400.2299999999996
Dominican Republic,Maize,15764,13662.92,2101.08
Dominican Republic,Plantains and others,199939,95429.36,104509.64
Dominican Republic,Plantains and others,199939,86987.525,112951.475
Dominican Republic,Potatoes,256603,166436.13,90166.87
Dominican Republic,Potatoes,256603,171190.515,85412.48499999999
Dominican Republic,"Rice, paddy",45123,50639.54,-5516.540000000001
Dominican Republic,"Rice, paddy",45123,48454.095,-3331.095000000001
Dominican Republic,Sorghum,15303,28328.525,-13025.525000000001
Dominican Republic,Sorghum,15303,28398.235,-13095.235
Dominican Republic,Sweet potatoes,79812,61241.11,18570.89
Dominican Republic,Sweet potatoes,79812,59601.57,20210.43
Dominican Republic,Yams,63432,63096.255,335.7450000000026
Dominican Republic,Yams,63432,63183.315,248.68499999999767
Ecuador,Cassava,40153,37682.48,2470.519999999997
Ecuador,Cassava,40153,37707.87,2445.1299999999974
Ecuador,Cassava,40153,38143.335,2009.6650000000009
Ecuador,Maize,14319,9694.185,4624.8150000000005
Ecuador,Maize,14319,10146.37,4172.629999999999
Ecuador,Maize,14319,9699.75,4619.25
Ecuador,Plantains and others,59057,91586.425,-32529.425000000003
Ecuador,Plantains and others,59057,91409.835,-32352.835000000006
Ecuador,Plantains and others,59057,91519.395,-32462.395000000004
Ecuador,Potatoes,48788,104831.745,-56043.744999999995
Ecuador,Potatoes,48788,108062.91,-59274.91
Ecuador,Potatoes,48788,105762.765,-56974.765
Ecuador,"Rice, paddy",38746,32340.15,6405.8499999999985
Ecuador,"Rice, paddy",38746,31635.27,7110.73
Ecuador,"Rice, paddy",38746,32331.1,6414.9000000000015
Ecuador,Sorghum,20000,12760.21,7239.790000000001
Ecuador,Sorghum,20000,14543.57,5456.43
Ecuador,Sorghum,20000,12760.21,7239.790000000001
Ecuador,Soybeans,19963,16256.755,3706.245000000001
Ecuador,Soybeans,19963,14708.12,5254.879999999999
Ecuador,Soybeans,19963,16768.345,3194.654999999999
Ecuador,Sweet potatoes,13019,28717.015,-15698.015
Ecuador,Sweet potatoes,13019,34144.745,-21125.745000000003
Ecuador,Sweet potatoes,13019,28347.965,-15328.965
Ecuador,Wheat,5696,6759.315,-1063.3149999999996
Ecuador,Wheat,5696,6884.785,-1188.7849999999999
Ecuador,Wheat,5696,6662.965,-966.9650000000001
Ecuador,Cassava,39602,50041.68,-10439.68
Ecuador,Cassava,39602,50041.68,-10439.68
Ecuador,Cassava,39602,50041.68,-10439.68
Ecuador,Maize,18841,17895.805,945.1949999999997
Ecuador,Maize,18841,16691.19,2149.8100000000013
Ecuador,Maize,18841,17988.98,852.0200000000004
Ecuador,Plantains and others,58351,81746.585,-23395.585000000006
Ecuador,Plantains and others,58351,62036.64,-3685.6399999999994
Ecuador,Plantains and others,58351,81746.585,-23395.585000000006
Ecuador,Potatoes,71587,91456.63,-19869.630000000005
Ecuador,Potatoes,71587,108480.935,-36893.935
Ecuador,Potatoes,71587,91800.815,-20213.815000000002
Ecuador,"Rice, paddy",42187,33966.4,8220.599999999999
Ecuador,"Rice, paddy",42187,36050.53,6136.470000000001
Ecuador,"Rice, paddy",42187,33821.775,8365.224999999999
Ecuador,Sorghum,20000,15535.635,4464.365
Ecuador,Sorghum,20000,17830.32,2169.6800000000003
Ecuador,Sorghum,20000,15414.095,4585.905000000001
Ecuador,Soybeans,16610,16509.965,100.03499999999985
Ecuador,Soybeans,16610,18621.015,-2011.0149999999994
Ecuador,Soybeans,16610,15657.73,952.2700000000004
Ecuador,Sweet potatoes,25760,33839.785,-8079.7850000000035
Ecuador,Sweet potatoes,25760,127436.315,-101676.315
Ecuador,Sweet potatoes,25760,26745.745,-985.744999999999
Ecuador,Wheat,8053,10459.81,-2406.8099999999995
Ecuador,Wheat,8053,12074.14,-4021.1399999999994
Ecuador,Wheat,8053,10421.185,-2368.1849999999995
Ecuador,Cassava,44199,36329.29,7869.709999999999
Ecuador,Cassava,44199,36410.955,7788.044999999998
Ecuador,Cassava,44199,36348.26,7850.739999999998
Ecuador,Maize,21232,10754.84,10477.16
Ecuador,Maize,21232,12233.425,8998.575
Ecuador,Maize,21232,10778.98,10453.02
Ecuador,Plantains and others,60846,74060.0,-13214.0
Ecuador,Plantains and others,60846,50415.125,10430.875
Ecuador,Plantains and others,60846,74859.86,-14013.86
Ecuador,Potatoes,69668,71104.075,-1436.074999999997
Ecuador,Potatoes,69668,85026.055,-15358.054999999993
Ecuador,Potatoes,69668,73134.4,-3466.399999999994
Ecuador,"Rice, paddy",38989,35636.405,3352.595000000001
Ecuador,"Rice, paddy",38989,34673.55,4315.449999999997
Ecuador,"Rice, paddy",38989,33739.295,5249.705000000002
Ecuador,Sorghum,14865,14683.095,181.90500000000065
Ecuador,Sorghum,14865,15349.015,-484.0149999999994
Ecuador,Sorghum,14865,14593.74,271.2600000000002
Ecuador,Soybeans,19646,17497.665,2148.334999999999
Ecuador,Soybeans,19646,17365.595,2280.404999999999
Ecuador,Soybeans,19646,16283.305,3362.6949999999997
Ecuador,Sweet potatoes,30654,30830.27,-176.27000000000044
Ecuador,Sweet potatoes,30654,31277.02,-623.0200000000004
Ecuador,Sweet potatoes,30654,26451.75,4202.25
Ecuador,Wheat,7220,6697.775,522.2250000000004
Ecuador,Wheat,7220,7653.65,-433.64999999999964
Ecuador,Wheat,7220,6745.21,474.78999999999996
Ecuador,Cassava,34279,37756.235,-3477.2350000000006
Ecuador,Cassava,34279,37883.385,-3604.385000000002
Ecuador,Cassava,34279,38125.845,-3846.845000000001
Ecuador,Maize,18776,8845.09,9930.91
Ecuador,Maize,18776,11239.565,7536.4349999999995
Ecuador,Maize,18776,9093.865,9682.135
Ecuador,Plantains and others,56123,89137.05,-33014.05
Ecuador,Plantains and others,56123,89533.625,-33410.625
Ecuador,Plantains and others,56123,89140.905,-33017.905
Ecuador,Potatoes,69768,87106.695,-17338.695000000007
Ecuador,Potatoes,69768,94034.7,-24266.699999999997
Ecuador,Potatoes,69768,86988.115,-17220.115000000005
Ecuador,"Rice, paddy",41986,34013.91,7972.0899999999965
Ecuador,"Rice, paddy",41986,33840.17,8145.830000000002
Ecuador,"Rice, paddy",41986,33934.045,8051.955000000002
Ecuador,Sorghum,15068,14654.28,413.71999999999935
Ecuador,Sorghum,15068,15537.275,-469.27499999999964
Ecuador,Sorghum,15068,14590.945,477.0550000000003
Ecuador,Soybeans,11500,17609.5,-6109.5
Ecuador,Soybeans,11500,18019.31,-6519.310000000001
Ecuador,Soybeans,11500,16415.96,-4915.959999999999
Ecuador,Sweet potatoes,18750,31477.675,-12727.675
Ecuador,Sweet potatoes,18750,32940.465,-14190.464999999997
Ecuador,Sweet potatoes,18750,29260.315,-10510.314999999999
Ecuador,Wheat,7774,6164.89,1609.1099999999997
Ecuador,Wheat,7774,6944.915,829.085
Ecuador,Wheat,7774,6133.435,1640.5649999999996
Ecuador,Cassava,45107,38958.175,6148.824999999997
Ecuador,Cassava,45107,39101.655,6005.345000000001
Ecuador,Cassava,45107,38846.88,6260.120000000003
Ecuador,Maize,23105,8934.685,14170.315
Ecuador,Maize,23105,10900.665,12204.335
Ecuador,Maize,23105,9059.775,14045.225
Ecuador,Plantains and others,55969,89882.98,-33913.979999999996
Ecuador,Plantains and others,55969,88971.65,-33002.649999999994
Ecuador,Plantains and others,55969,89431.3,-33462.3
Ecuador,Potatoes,68022,78193.15,-10171.149999999994
Ecuador,Potatoes,68022,94068.615,-26046.615000000005
Ecuador,Potatoes,68022,79433.61,-11411.61
Ecuador,"Rice, paddy",43555,35622.67,7932.330000000002
Ecuador,"Rice, paddy",43555,36121.61,7433.389999999999
Ecuador,"Rice, paddy",43555,33932.065,9622.934999999998
Ecuador,Sorghum,16000,14298.515,1701.4850000000006
Ecuador,Sorghum,16000,13928.095,2071.9050000000007
Ecuador,Sorghum,16000,14446.42,1553.58
Ecuador,Soybeans,17188,18301.65,-1113.6500000000015
Ecuador,Soybeans,17188,18113.145,-925.1450000000004
Ecuador,Soybeans,17188,17584.0,-396.0
Ecuador,Sweet potatoes,18824,35506.57,-16682.57
Ecuador,Sweet potatoes,18824,36574.78,-17750.78
Ecuador,Sweet potatoes,18824,32231.53,-13407.529999999999
Ecuador,Wheat,8186,6639.775,1546.2250000000004
Ecuador,Wheat,8186,7058.735,1127.2650000000003
Ecuador,Wheat,8186,6659.4,1526.6000000000004
Ecuador,Cassava,51231,38958.175,12272.824999999997
Ecuador,Cassava,51231,39392.495,11838.504999999997
Ecuador,Cassava,51231,38848.99,12382.010000000002
Ecuador,Maize,22442,9512.13,12929.87
Ecuador,Maize,22442,11843.27,10598.73
Ecuador,Maize,22442,9540.385,12901.615
Ecuador,Plantains and others,45571,60916.87,-15345.870000000003
Ecuador,Plantains and others,45571,38304.24,7266.760000000002
Ecuador,Plantains and others,45571,68725.72,-23154.72
Ecuador,Potatoes,61416,78193.15,-16777.149999999994
Ecuador,Potatoes,61416,88225.495,-26809.494999999995
Ecuador,Potatoes,61416,79495.29,-18079.289999999994
Ecuador,"Rice, paddy",40639,35559.085,5079.915000000001
Ecuador,"Rice, paddy",40639,36107.11,4531.889999999999
Ecuador,"Rice, paddy",40639,34871.875,5767.125
Ecuador,Sorghum,16000,14442.8,1557.2000000000007
Ecuador,Sorghum,16000,14034.57,1965.4300000000003
Ecuador,Sorghum,16000,14544.58,1455.42
Ecuador,Soybeans,16000,18198.09,-2198.09
Ecuador,Soybeans,16000,17073.01,-1073.0099999999984
Ecuador,Soybeans,16000,18067.5,-2067.5
Ecuador,Sweet potatoes,21244,34310.295,-13066.294999999998
Ecuador,Sweet potatoes,21244,37831.005,-16587.004999999997
Ecuador,Sweet potatoes,21244,30302.43,-9058.43
Ecuador,Wheat,7466,6626.45,839.5500000000002
Ecuador,Wheat,7466,7286.08,179.92000000000007
Ecuador,Wheat,7466,6611.645,854.3549999999996
Ecuador,Cassava,31191,37756.235,-6565.235000000001
Ecuador,Cassava,31191,37849.915,-6658.915000000001
Ecuador,Cassava,31191,38173.405,-6982.404999999999
Ecuador,Maize,22003,8843.755,13159.245
Ecuador,Maize,22003,10555.995,11447.005
Ecuador,Maize,22003,9101.87,12901.13
Ecuador,Plantains and others,49631,89184.475,-39553.475000000006
Ecuador,Plantains and others,49631,89494.915,-39863.91499999999
Ecuador,Plantains and others,49631,89112.585,-39481.58500000001
Ecuador,Potatoes,58531,81003.745,-22472.744999999995
Ecuador,Potatoes,58531,104879.58,-46348.58
Ecuador,Potatoes,58531,81257.895,-22726.895000000004
Ecuador,"Rice, paddy",40004,34007.225,5996.7750000000015
Ecuador,"Rice, paddy",40004,34450.88,5553.120000000003
Ecuador,"Rice, paddy",40004,33785.7,6218.300000000003
Ecuador,Sorghum,16447,14413.11,2033.8899999999994
Ecuador,Sorghum,16447,15226.96,1220.0400000000009
Ecuador,Sorghum,16447,14532.64,1914.3600000000006
Ecuador,Soybeans,16585,17729.77,-1144.7700000000004
Ecuador,Soybeans,16585,15985.21,599.7900000000009
Ecuador,Soybeans,16585,15806.975,778.0249999999996
Ecuador,Sweet potatoes,18947,29933.965,-10986.965
Ecuador,Sweet potatoes,18947,34313.295,-15366.294999999998
Ecuador,Sweet potatoes,18947,28957.425,-10010.425
Ecuador,Wheat,8617,6184.23,2432.7700000000004
Ecuador,Wheat,8617,6649.775,1967.2250000000004
Ecuador,Wheat,8617,6098.115,2518.885
Ecuador,Cassava,32033,50041.68,-18008.68
Ecuador,Cassava,32033,50041.68,-18008.68
Ecuador,Cassava,32033,50041.68,-18008.68
Ecuador,Maize,22348,18185.89,4162.110000000001
Ecuador,Maize,22348,17462.835,4885.165000000001
Ecuador,Maize,22348,18222.38,4125.619999999999
Ecuador,Plantains and others,48375,81432.49,-33057.490000000005
Ecuador,Plantains and others,48375,62036.64,-13661.64
Ecuador,Plantains and others,48375,81746.585,-33371.58500000001
Ecuador,Potatoes,87422,92711.685,-5289.684999999998
Ecuador,Potatoes,87422,108480.32,-21058.320000000007
Ecuador,Potatoes,87422,93789.325,-6367.324999999997
Ecuador,"Rice, paddy",43399,34615.64,8783.36
Ecuador,"Rice, paddy",43399,35949.87,7449.129999999997
Ecuador,"Rice, paddy",43399,34375.385,9023.614999999998
Ecuador,Sorghum,16254,15563.045,690.9549999999999
Ecuador,Sorghum,16254,17912.715,-1658.7150000000001
Ecuador,Sorghum,16254,15426.22,827.7800000000007
Ecuador,Soybeans,16279,16742.135,-463.1349999999984
Ecuador,Soybeans,16279,17698.02,-1419.0200000000004
Ecuador,Soybeans,16279,15789.745,489.2549999999992
Ecuador,Sweet potatoes,18963,34681.78,-15718.779999999999
Ecuador,Sweet potatoes,18963,127733.265,-108770.265
Ecuador,Sweet potatoes,18963,27330.7,-8367.7
Ecuador,Wheat,8912,10658.045,-1746.045
Ecuador,Wheat,8912,12019.79,-3107.790000000001
Ecuador,Wheat,8912,10421.185,-1509.1849999999995
Ecuador,Cassava,28346,35203.065,-6857.065000000002
Ecuador,Cassava,28346,35314.865,-6968.864999999998
Ecuador,Cassava,28346,35205.575,-6859.574999999997
Ecuador,Maize,16672,10408.565,6263.4349999999995
Ecuador,Maize,16672,12111.76,4560.24
Ecuador,Maize,16672,10309.0,6363.0
Ecuador,Plantains and others,51321,66294.815,-14973.815000000002
Ecuador,Plantains and others,51321,36341.62,14979.379999999997
Ecuador,Plantains and others,51321,67954.67,-16633.67
Ecuador,Potatoes,77752,70627.68,7124.320000000007
Ecuador,Potatoes,77752,85078.34,-7326.3399999999965
Ecuador,Potatoes,77752,73111.44,4640.559999999998
Ecuador,"Rice, paddy",44792,35998.57,8793.43
Ecuador,"Rice, paddy",44792,36298.45,8493.550000000003
Ecuador,"Rice, paddy",44792,33864.8,10927.199999999997
Ecuador,Sorghum,15838,14477.92,1360.08
Ecuador,Sorghum,15838,14315.865,1522.1350000000002
Ecuador,Sorghum,15838,14653.57,1184.4300000000003
Ecuador,Soybeans,16250,17502.025,-1252.0250000000015
Ecuador,Soybeans,16250,17706.965,-1456.9650000000001
Ecuador,Soybeans,16250,16659.03,-409.02999999999884
Ecuador,Sweet potatoes,19113,30567.145,-11454.145
Ecuador,Sweet potatoes,19113,33299.55,-14186.550000000003
Ecuador,Sweet potatoes,19113,28803.74,-9690.740000000002
Ecuador,Wheat,9249,6550.885,2698.115
Ecuador,Wheat,9249,7577.745,1671.255
Ecuador,Wheat,9249,6618.72,2630.2799999999997
Ecuador,Cassava,45419,39071.655,6347.345000000001
Ecuador,Cassava,45419,39274.455,6144.544999999998
Ecuador,Cassava,45419,39061.825,6357.175000000003
Ecuador,Maize,27324,8728.585,18595.415
Ecuador,Maize,27324,10859.305,16464.695
Ecuador,Maize,27324,9004.02,18319.98
Ecuador,Plantains and others,60942,91569.17,-30627.17
Ecuador,Plantains and others,60942,91295.385,-30353.384999999995
Ecuador,Plantains and others,60942,90808.975,-29866.975000000006
Ecuador,Potatoes,83078,82461.17,616.8300000000017
Ecuador,Potatoes,83078,99414.575,-16336.574999999997
Ecuador,Potatoes,83078,81376.455,1701.5449999999983
Ecuador,"Rice, paddy",42178,35106.39,7071.610000000001
Ecuador,"Rice, paddy",42178,36080.555,6097.445
Ecuador,"Rice, paddy",42178,33785.495,8392.504999999997
Ecuador,Sorghum,15667,14519.48,1147.5200000000004
Ecuador,Sorghum,15667,13926.445,1740.5550000000003
Ecuador,Sorghum,15667,14433.9,1233.1000000000004
Ecuador,Soybeans,16923,18250.495,-1327.494999999999
Ecuador,Soybeans,16923,18090.885,-1167.8849999999984
Ecuador,Soybeans,16923,17382.15,-459.15000000000146
Ecuador,Sweet potatoes,19575,33415.775,-13840.775000000001
Ecuador,Sweet potatoes,19575,36740.975,-17165.975
Ecuador,Sweet potatoes,19575,31918.675,-12343.675
Ecuador,Wheat,7995,6474.145,1520.8549999999996
Ecuador,Wheat,7995,6865.915,1129.085
Ecuador,Wheat,7995,6475.525,1519.4750000000004
Ecuador,Cassava,25112,37969.785,-12857.785000000003
Ecuador,Cassava,25112,38119.985,-13007.985
Ecuador,Cassava,25112,37927.145,-12815.144999999997
Ecuador,Maize,23702,8613.06,15088.94
Ecuador,Maize,23702,10233.385,13468.615
Ecuador,Maize,23702,8735.325,14966.675
Ecuador,Plantains and others,49591,90143.74,-40552.740000000005
Ecuador,Plantains and others,49591,91138.715,-41547.715
Ecuador,Plantains and others,49591,89526.79,-39935.78999999999
Ecuador,Potatoes,73131,94890.775,-21759.774999999994
Ecuador,Potatoes,73131,97935.065,-24804.065000000002
Ecuador,Potatoes,73131,95479.555,-22348.554999999993
Ecuador,"Rice, paddy",38210,35782.485,2427.5149999999994
Ecuador,"Rice, paddy",38210,36228.45,1981.550000000003
Ecuador,"Rice, paddy",38210,34193.37,4016.6299999999974
Ecuador,Sorghum,15608,13975.1,1632.8999999999996
Ecuador,Sorghum,15608,13583.615,2024.3850000000002
Ecuador,Sorghum,15608,14205.765,1402.2350000000006
Ecuador,Soybeans,16585,18872.395,-2287.3950000000004
Ecuador,Soybeans,16585,17218.135,-633.1349999999984
Ecuador,Soybeans,16585,18198.745,-1613.744999999999
Ecuador,Sweet potatoes,19113,32137.795,-13024.794999999998
Ecuador,Sweet potatoes,19113,33724.76,-14611.760000000002
Ecuador,Sweet potatoes,19113,29478.72,-10365.720000000001
Ecuador,Wheat,7064,6155.08,908.9200000000001
Ecuador,Wheat,7064,6416.155,647.8450000000003
Ecuador,Wheat,7064,6181.085,882.915
Egypt,Maize,77656,71262.915,6393.085000000006
Egypt,Maize,77656,70702.555,6953.445000000007
Egypt,Potatoes,240382,236927.17,3454.829999999987
Egypt,Potatoes,240382,237187.74,3194.2600000000093
Egypt,"Rice, paddy",93889,92274.935,1614.0650000000023
Egypt,"Rice, paddy",93889,92354.11,1534.8899999999994
Egypt,Sorghum,57756,57992.78,-236.77999999999884
Egypt,Sorghum,57756,57870.17,-114.16999999999825
Egypt,Soybeans,29904,27720.91,2183.09
Egypt,Soybeans,29904,27763.485,2140.5149999999994
Egypt,Sweet potatoes,276970,265167.625,11802.375
Egypt,Sweet potatoes,276970,263316.095,13653.905000000028
Egypt,Wheat,64345,63548.28,796.7200000000012
Egypt,Wheat,64345,63395.14,949.8600000000006
Egypt,Maize,79087,71115.93,7971.070000000007
Egypt,Maize,79087,70884.4,8202.600000000006
Egypt,Potatoes,244443,231962.895,12480.10500000001
Egypt,Potatoes,244443,236914.06,7528.940000000002
Egypt,"Rice, paddy",98384,92214.315,6169.684999999998
Egypt,"Rice, paddy",98384,92327.66,6056.3399999999965
Egypt,Sorghum,56674,57929.19,-1255.1900000000023
Egypt,Sorghum,56674,57953.725,-1279.7249999999985
Egypt,Soybeans,30266,27628.79,2637.209999999999
Egypt,Soybeans,30266,27789.38,2476.619999999999
Egypt,Sweet potatoes,281242,261250.32,19991.679999999993
Egypt,Sweet potatoes,281242,263452.51,17789.48999999999
Egypt,Wheat,65567,63476.75,2090.25
Egypt,Wheat,65567,63517.87,2049.1299999999974
Egypt,Maize,81607,71123.475,10483.524999999994
Egypt,Maize,81607,70884.4,10722.600000000006
Egypt,Potatoes,250826,231891.74,18934.26000000001
Egypt,Potatoes,250826,236900.02,13925.98000000001
Egypt,"Rice, paddy",99874,92214.315,7659.684999999998
Egypt,"Rice, paddy",99874,92327.66,7546.3399999999965
Egypt,Sorghum,56118,57929.19,-1811.1900000000023
Egypt,Sorghum,56118,57953.725,-1835.7249999999985
Egypt,Soybeans,34000,27628.79,6371.209999999999
Egypt,Soybeans,34000,27789.38,6210.619999999999
Egypt,Sweet potatoes,175000,261250.32,-86250.32
Egypt,Sweet potatoes,175000,263422.94,-88422.94
Egypt,Wheat,64929,63476.75,1452.25
Egypt,Wheat,64929,63517.87,1411.1299999999974
Egypt,Maize,83705,71021.195,12683.804999999993
Egypt,Maize,83705,70884.4,12820.600000000006
Egypt,Potatoes,250085,219611.17,30473.829999999987
Egypt,Potatoes,250085,213706.22,36378.78
Egypt,"Rice, paddy",100750,92086.51,8663.490000000005
Egypt,"Rice, paddy",100750,92154.655,8595.345000000001
Egypt,Sorghum,56859,57932.57,-1073.5699999999997
Egypt,Sorghum,56859,57953.725,-1094.7249999999985
Egypt,Soybeans,30817,27706.56,3110.4399999999987
Egypt,Soybeans,30817,27852.885,2964.1150000000016
Egypt,Sweet potatoes,119702,262598.605,-142896.60499999998
Egypt,Sweet potatoes,119702,262970.725,-143268.72499999998
Egypt,Wheat,64303,63478.215,824.7850000000035
Egypt,Wheat,64303,63517.87,785.1299999999974
Egypt,Maize,80463,71328.77,9134.229999999996
Egypt,Maize,80463,70702.555,9760.445000000007
Egypt,Potatoes,255717,216939.035,38777.965
Egypt,Potatoes,255717,216878.91,38838.09
Egypt,"Rice, paddy",97675,92118.195,5556.804999999993
Egypt,"Rice, paddy",97675,92181.105,5493.895000000004
Egypt,Sorghum,56763,57994.095,-1231.0950000000012
Egypt,Sorghum,56763,57870.17,-1107.1699999999983
Egypt,Soybeans,32880,27793.685,5086.314999999999
Egypt,Soybeans,32880,27829.3,5050.700000000001
Egypt,Sweet potatoes,298171,265474.425,32696.57500000001
Egypt,Sweet potatoes,298171,262975.675,35195.32500000001
Egypt,Wheat,64673,63548.055,1124.9449999999997
Egypt,Wheat,64673,63395.14,1277.8600000000006
Egypt,Maize,79053,71059.45,7993.550000000003
Egypt,Maize,79053,70702.555,8350.445000000007
Egypt,Potatoes,259390,213542.835,45847.16500000001
Egypt,Potatoes,259390,213716.315,45673.685
Egypt,"Rice, paddy",97349,92152.17,5196.830000000002
Egypt,"Rice, paddy",97349,92181.105,5167.895000000004
Egypt,Sorghum,56258,57995.675,-1737.675000000003
Egypt,Sorghum,56258,57870.17,-1612.1699999999983
Egypt,Soybeans,33601,27827.055,5773.945
Egypt,Soybeans,33601,27829.3,5771.700000000001
Egypt,Sweet potatoes,276425,265076.71,11348.289999999979
Egypt,Sweet potatoes,276425,261891.545,14533.454999999987
Egypt,Wheat,65031,63548.845,1482.1549999999988
Egypt,Wheat,65031,63395.14,1635.8600000000006
Egypt,Maize,78184,71326.02,6857.979999999996
Egypt,Maize,78184,70702.555,7481.445000000007
Egypt,Potatoes,264241,216815.705,47425.29500000001
Egypt,Potatoes,264241,216901.28,47339.72
Egypt,"Rice, paddy",95930,92152.17,3777.8300000000017
Egypt,"Rice, paddy",95930,92181.105,3748.895000000004
Egypt,Sorghum,55287,57995.675,-2708.675000000003
Egypt,Sorghum,55287,57870.17,-2583.1699999999983
Egypt,Soybeans,31252,27827.055,3424.9449999999997
Egypt,Soybeans,31252,27829.3,3422.7000000000007
Egypt,Sweet potatoes,285425,265574.52,19850.47999999998
Egypt,Sweet potatoes,285425,262020.74,23404.26000000001
Egypt,Wheat,63829,63548.845,280.15499999999884
Egypt,Wheat,63829,63395.14,433.8600000000006
Egypt,Maize,72700,70702.555,1997.445000000007
Egypt,Maize,72700,70702.555,1997.445000000007
Egypt,Potatoes,259211,214294.07,44916.92999999999
Egypt,Potatoes,259211,212068.435,47142.565
Egypt,"Rice, paddy",94217,92181.105,2035.895000000004
Egypt,"Rice, paddy",94217,92181.105,2035.895000000004
Egypt,Sorghum,50060,57870.17,-7810.169999999998
Egypt,Sorghum,50060,57651.565,-7591.565000000002
Egypt,Soybeans,28453,27504.55,948.4500000000007
Egypt,Soybeans,28453,27434.795,1018.2050000000017
Egypt,Sweet potatoes,306078,261769.075,44308.92499999999
Egypt,Sweet potatoes,306078,260002.265,46075.734999999986
Egypt,Wheat,55741,63395.14,-7654.139999999999
Egypt,Wheat,55741,63395.14,-7654.139999999999
Egypt,Maize,77409,71021.195,6387.804999999993
Egypt,Maize,77409,70884.4,6524.600000000006
Egypt,Potatoes,264311,217465.34,46845.66
Egypt,Potatoes,264311,215088.75,49222.25
Egypt,"Rice, paddy",95670,92086.51,3583.4900000000052
Egypt,"Rice, paddy",95670,92154.655,3515.345000000001
Egypt,Sorghum,53457,57932.57,-4475.57
Egypt,Sorghum,53457,57953.725,-4496.7249999999985
Egypt,Soybeans,31195,27414.255,3780.744999999999
Egypt,Soybeans,31195,27528.135,3666.8650000000016
Egypt,Sweet potatoes,318249,261536.445,56712.55499999999
Egypt,Sweet potatoes,318249,261875.92,56373.07999999999
Egypt,Wheat,65428,63478.215,1949.7850000000035
Egypt,Wheat,65428,63517.87,1910.1299999999974
Egypt,Maize,77723,71328.77,6394.229999999996
Egypt,Maize,77723,70702.555,7020.445000000007
Egypt,Potatoes,268531,216223.58,52307.42000000001
Egypt,Potatoes,268531,215010.895,53520.10500000001
Egypt,"Rice, paddy",95296,92152.17,3143.8300000000017
Egypt,"Rice, paddy",95296,92181.105,3114.895000000004
Egypt,Sorghum,53034,57995.675,-4961.675000000003
Egypt,Sorghum,53034,57870.17,-4836.169999999998
Egypt,Soybeans,36186,27383.72,8802.279999999999
Egypt,Soybeans,36186,27504.55,8681.45
Egypt,Sweet potatoes,323485,264050.145,59434.85499999998
Egypt,Sweet potatoes,323485,261769.075,61715.92499999999
Egypt,Wheat,65823,63548.845,2274.154999999999
Egypt,Wheat,65823,63395.14,2427.8600000000006
Egypt,Maize,77223,70996.605,6226.395000000004
Egypt,Maize,77223,70702.555,6520.445000000007
Egypt,Potatoes,266276,215548.635,50727.36499999999
Egypt,Potatoes,266276,215031.97,51244.03
Egypt,"Rice, paddy",95865,92162.725,3702.274999999994
Egypt,"Rice, paddy",95865,92181.105,3683.895000000004
Egypt,Sorghum,53777,57998.22,-4221.220000000001
Egypt,Sorghum,53777,57870.17,-4093.1699999999983
Egypt,Soybeans,34767,27466.07,7300.93
Egypt,Soybeans,34767,27504.55,7262.450000000001
Egypt,Sweet potatoes,336781,263438.425,73342.57500000001
Egypt,Sweet potatoes,336781,260814.14,75966.85999999999
Egypt,Wheat,66682,63551.895,3130.105000000003
Egypt,Wheat,66682,63395.14,3286.8600000000006
El Salvador,Cassava,128120,132204.79,-4084.790000000008
El Salvador,Maize,26041,18580.69,7460.310000000001
El Salvador,Plantains and others,311690,252385.03,59304.97
El Salvador,Potatoes,236013,215085.55,20927.45000000001
El Salvador,"Rice, paddy",59384,51035.075,8348.925000000003
El Salvador,Sorghum,18428,12904.56,5523.4400000000005
El Salvador,Soybeans,21732,21326.065,405.9350000000013
El Salvador,Sweet potatoes,62852,63458.725,-606.7249999999985
El Salvador,Cassava,100819,133020.695,-32201.695000000007
El Salvador,Maize,27641,16634.02,11006.98
El Salvador,Plantains and others,312202,248769.46,63432.54000000001
El Salvador,Potatoes,288786,213693.15,75092.85
El Salvador,"Rice, paddy",66430,49671.62,16758.379999999997
El Salvador,Sorghum,15999,12174.195,3824.8050000000003
El Salvador,Soybeans,20409,21526.915,-1117.9150000000009
El Salvador,Sweet potatoes,62585,62793.71,-208.70999999999913
El Salvador,Cassava,125043,128784.54,-3741.5399999999936
El Salvador,Maize,29434,17284.415,12149.585
El Salvador,Plantains and others,312125,248628.245,63496.755000000005
El Salvador,Potatoes,221220,213898.795,7321.204999999987
El Salvador,"Rice, paddy",72118,50028.44,22089.559999999998
El Salvador,Sorghum,15859,12002.225,3856.7749999999996
El Salvador,Soybeans,20768,21047.36,-279.3600000000006
El Salvador,Sweet potatoes,62409,63496.435,-1087.4349999999977
El Salvador,Cassava,125016,132908.295,-7892.295000000013
El Salvador,Maize,30794,17075.575,13718.425
El Salvador,Plantains and others,311678,251507.11,60170.890000000014
El Salvador,Potatoes,220517,214443.675,6073.325000000012
El Salvador,"Rice, paddy",73941,49825.485,24115.515
El Salvador,Sorghum,18397,12727.045,5669.955
El Salvador,Soybeans,20383,21281.63,-898.630000000001
El Salvador,Sweet potatoes,62251,63449.115,-1198.114999999998
El Salvador,Cassava,128870,128751.565,118.43499999999767
El Salvador,Maize,29107,18077.6,11029.400000000001
El Salvador,Plantains and others,311711,248775.185,62935.815
El Salvador,Potatoes,218481,213898.795,4582.204999999987
El Salvador,"Rice, paddy",74651,54483.37,20167.629999999997
El Salvador,Sorghum,15307,12019.735,3287.2649999999994
El Salvador,Soybeans,19348,21035.995,-1687.994999999999
El Salvador,Sweet potatoes,63889,63375.54,513.4599999999991
El Salvador,Cassava,128900,143464.105,-14564.10500000001
El Salvador,Maize,33895,22234.925,11660.075
El Salvador,Plantains and others,311771,212873.805,98897.195
El Salvador,Potatoes,218555,201456.73,17098.26999999999
El Salvador,"Rice, paddy",79373,54621.46,24751.54
El Salvador,Sorghum,13899,14689.25,-790.25
El Salvador,Soybeans,19279,23950.005,-4671.005000000001
El Salvador,Sweet potatoes,61614,62770.24,-1156.239999999998
El Salvador,Cassava,125022,145672.495,-20650.494999999995
El Salvador,Maize,30041,20807.435,9233.564999999999
El Salvador,Plantains and others,312073,211935.51,100137.48999999999
El Salvador,Potatoes,252417,195708.1,56708.899999999994
El Salvador,"Rice, paddy",69016,48958.005,20057.995000000003
El Salvador,Sorghum,17133,15836.04,1296.9599999999991
El Salvador,Soybeans,19172,24078.63,-4906.630000000001
El Salvador,Sweet potatoes,61191,62678.175,-1487.175000000003
El Salvador,Cassava,124843,145909.85,-21066.850000000006
El Salvador,Maize,30253,21765.335,8487.665
El Salvador,Plantains and others,221778,228028.83,-6250.829999999987
El Salvador,Potatoes,252796,199243.04,53552.95999999999
El Salvador,"Rice, paddy",70136,54901.53,15234.470000000001
El Salvador,Sorghum,17201,15466.51,1734.4899999999998
El Salvador,Soybeans,18000,23463.61,-5463.610000000001
El Salvador,Sweet potatoes,60767,62798.275,-2031.2750000000015
El Salvador,Cassava,145719,129983.79,15735.210000000006
El Salvador,Maize,28181,22814.21,5366.790000000001
El Salvador,Plantains and others,111171,243548.225,-132377.225
El Salvador,Potatoes,196316,201235.785,-4919.7850000000035
El Salvador,"Rice, paddy",54783,55504.625,-721.625
El Salvador,Sorghum,14534,15338.435,-804.4349999999995
El Salvador,Soybeans,19222,23229.985,-4007.9850000000006
El Salvador,Sweet potatoes,60343,62925.84,-2582.8399999999965
El Salvador,Cassava,115775,127865.23,-12090.229999999996
El Salvador,Maize,32580,21006.025,11573.974999999999
El Salvador,Plantains and others,143831,260424.14,-116593.14000000001
El Salvador,Potatoes,295706,216306.79,79399.20999999999
El Salvador,"Rice, paddy",63968,56058.4,7909.5999999999985
El Salvador,Sorghum,13204,17110.605,-3906.6049999999996
El Salvador,Soybeans,19231,21927.765,-2696.7649999999994
El Salvador,Sweet potatoes,58333,63092.755,-4759.754999999997
El Salvador,Cassava,154928,153249.465,1678.5350000000035
El Salvador,Maize,29461,17712.17,11748.830000000002
El Salvador,Plantains and others,153680,213646.35,-59966.350000000006
El Salvador,Potatoes,426047,194636.1,231410.9
El Salvador,"Rice, paddy",61615,45923.73,15691.269999999997
El Salvador,Sorghum,16633,15837.9,795.1000000000004
El Salvador,Soybeans,19231,24217.375,-4986.375
El Salvador,Sweet potatoes,58333,64907.1,-6574.0999999999985
Eritrea,Maize,2076,6830.31,-4754.31
Eritrea,Potatoes,61120,62921.46,-1801.4599999999991
Eritrea,Sorghum,1562,5957.85,-4395.85
Eritrea,Wheat,1706,10093.965,-8387.965
Eritrea,Maize,2409,6752.99,-4343.99
Eritrea,Potatoes,64000,64716.75,-716.75
Eritrea,Sorghum,2680,5957.85,-3277.8500000000004
Eritrea,Wheat,2980,9718.58,-6738.58
Eritrea,Maize,4906,6830.31,-1924.3100000000004
Eritrea,Potatoes,79311,62711.71,16599.29
Eritrea,Sorghum,7907,5957.85,1949.1499999999996
Eritrea,Wheat,11565,10053.19,1511.8099999999995
Eritrea,Maize,9755,6675.345,3079.6549999999997
Eritrea,Potatoes,78493,65361.2,13131.800000000003
Eritrea,Sorghum,7928,5451.71,2476.29
Eritrea,Wheat,11604,9610.195,1993.8050000000003
Eritrea,Maize,8321,6675.345,1645.6549999999997
Eritrea,Potatoes,24508,65361.2,-40853.2
Eritrea,Sorghum,10693,5451.71,5241.29
Eritrea,Wheat,8395,9610.195,-1215.1949999999997
Eritrea,Maize,2123,6752.99,-4629.99
Eritrea,Potatoes,8406,64716.75,-56310.75
Eritrea,Sorghum,2727,5957.85,-3230.8500000000004
Eritrea,Wheat,3307,9718.58,-6411.58
Eritrea,Maize,8689,7674.45,1014.5500000000002
Eritrea,Potatoes,12000,67033.915,-55033.91499999999
Eritrea,Sorghum,2358,5986.945,-3628.9449999999997
Eritrea,Wheat,10706,11134.58,-428.5799999999999
Eritrea,Maize,9000,7844.665,1155.335
Eritrea,Potatoes,15729,67032.88,-51303.880000000005
Eritrea,Sorghum,1320,5986.945,-4666.945
Eritrea,Wheat,11786,11176.205,609.7950000000001
Eritrea,Maize,9524,6650.42,2873.58
Eritrea,Potatoes,18180,65142.435,-46962.435
Eritrea,Sorghum,1124,5957.85,-4833.85
Eritrea,Wheat,11154,9663.73,1490.2700000000004
Eritrea,Maize,10476,7785.025,2690.9750000000004
Eritrea,Potatoes,14209,67036.09,-52827.09
Eritrea,Sorghum,1269,5986.945,-4717.945
Eritrea,Wheat,12692,11150.945,1541.0550000000003
Eritrea,Maize,10000,7746.06,2253.9399999999996
Eritrea,Potatoes,12819,67720.025,-54901.024999999994
Eritrea,Sorghum,1200,5982.41,-4782.41
Eritrea,Wheat,12000,11369.995,630.0049999999992
Estonia,Potatoes,131599,142688.55,-11089.549999999988
Estonia,Wheat,23025,21967.195,1057.8050000000003
Estonia,Potatoes,103416,134892.245,-31476.244999999995
Estonia,Wheat,25083,22228.37,2854.630000000001
Estonia,Potatoes,150277,133947.265,16329.734999999986
Estonia,Wheat,30818,22491.88,8326.119999999999
Estonia,Potatoes,132608,133640.515,-1032.515000000014
Estonia,Wheat,24173,22289.085,1883.9150000000009
Estonia,Potatoes,171977,136915.415,35061.58499999999
Estonia,Wheat,34746,22687.77,12058.23
Estonia,Potatoes,142273,138601.27,3671.7300000000105
Estonia,Wheat,31831,23194.15,8636.849999999999
Estonia,Potatoes,152752,134783.105,17968.89499999999
Estonia,Wheat,30146,22600.86,7545.139999999999
Estonia,Potatoes,174562,136337.785,38224.215
Estonia,Wheat,27440,22300.05,5139.950000000001
Estonia,Potatoes,178361,136915.415,41445.58499999999
Estonia,Wheat,28065,22687.77,5377.23
Estonia,Potatoes,182175,133333.635,48841.36499999999
Estonia,Wheat,38994,22488.635,16505.365
Estonia,Potatoes,193558,138455.985,55102.015000000014
Estonia,Wheat,32754,23182.525,9571.474999999999
Finland,Potatoes,261779,225119.29,36659.70999999999
Finland,Wheat,32585,31650.1,934.9000000000015
Finland,Potatoes,226886,227246.61,-360.60999999998603
Finland,Wheat,34738,32246.225,2491.7750000000015
Finland,Potatoes,256990,228456.33,28533.670000000013
Finland,Wheat,37304,28994.25,8309.75
Finland,Potatoes,205607,227264.17,-21657.170000000013
Finland,Wheat,35575,29307.285,6267.715
Finland,Potatoes,256996,228568.07,28427.929999999993
Finland,Wheat,39329,32244.96,7084.040000000001
Finland,Potatoes,261221,227293.765,33927.234999999986
Finland,Wheat,36408,32437.06,3970.9399999999987
Finland,Potatoes,286098,225334.46,60763.54000000001
Finland,Wheat,41027,32658.57,8368.43
Finland,Potatoes,261548,223901.29,37646.70999999999
Finland,Wheat,34299,32895.705,1403.2949999999983
Finland,Potatoes,275943,228102.745,47840.255000000005
Finland,Wheat,38469,32749.93,5719.07
Finland,Potatoes,236522,226191.14,10330.859999999986
Finland,Wheat,39028,32770.69,6257.309999999998
Finland,Potatoes,281312,228568.07,52743.92999999999
Finland,Wheat,38215,31588.135,6626.865000000002
France,Maize,89751,89916.365,-165.36500000000524
France,Potatoes,423804,375422.785,48381.215000000026
France,"Rice, paddy",56910,56085.3,824.6999999999971
France,Sorghum,64431,59702.085,4728.915000000001
France,Soybeans,27899,24029.295,3869.7050000000017
France,Wheat,74455,68119.855,6335.145000000004
France,Maize,89907,88917.925,989.0749999999971
France,Potatoes,454162,375673.43,78488.57
France,"Rice, paddy",57098,55207.925,1890.074999999997
France,Sorghum,53484,59141.735,-5657.735000000001
France,Soybeans,25104,23271.75,1832.25
France,Wheat,75788,67325.465,8462.535000000003
France,Maize,82539,89615.46,-7076.460000000006
France,Potatoes,422227,378979.38,43247.619999999995
France,"Rice, paddy",57314,55487.165,1826.8349999999991
France,Sorghum,51495,59643.41,-8148.4100000000035
France,Soybeans,24837,23588.815,1248.1850000000013
France,Wheat,69887,66915.77,2971.229999999996
France,Maize,85818,89830.245,-4012.2449999999953
France,Potatoes,401909,380838.06,21070.940000000002
France,"Rice, paddy",54756,55817.815,-1061.8150000000023
France,Sorghum,55127,59560.7,-4433.699999999997
France,Soybeans,27173,23907.035,3265.965
France,Wheat,67414,67626.455,-212.45500000000175
France,Maize,94821,89895.815,4925.184999999998
France,Potatoes,453347,380408.41,72938.59000000003
France,"Rice, paddy",46354,55689.635,-9335.635000000002
France,Sorghum,58655,59573.71,-918.7099999999991
France,Soybeans,25991,23864.255,2126.744999999999
France,Wheat,62542,67568.605,-5026.604999999996
France,Maize,91258,88886.75,2371.25
France,Potatoes,435194,375770.73,59423.27000000002
France,"Rice, paddy",57599,55002.145,2596.855000000003
France,Sorghum,62159,59171.4,2987.5999999999985
France,Soybeans,28986,23245.52,5740.48
France,Wheat,71018,68091.725,2926.274999999994
France,Maize,88934,89271.855,-337.8549999999959
France,Potatoes,437856,378622.895,59233.10499999998
France,"Rice, paddy",57406,55039.655,2366.345000000001
France,Sorghum,53928,57089.38,-3161.3799999999974
France,Soybeans,25109,23372.78,1736.2200000000012
France,Wheat,74478,67572.185,6905.815000000002
France,Maize,88299,90262.93,-1963.929999999993
France,Potatoes,421566,377470.905,44095.09499999997
France,"Rice, paddy",50432,54786.45,-4354.449999999997
France,Sorghum,55112,57408.36,-2296.3600000000006
France,Soybeans,27495,23033.725,4461.2750000000015
France,Wheat,70405,67476.9,2928.100000000006
France,Maize,99668,89898.575,9769.425000000003
France,Potatoes,468991,352288.615,116702.38500000001
France,"Rice, paddy",56263,55134.89,1128.1100000000006
France,Sorghum,64627,56177.59,8449.410000000003
France,Soybeans,29473,22708.29,6764.709999999999
France,Wheat,66563,59557.725,7005.2750000000015
France,Maize,90024,88800.275,1223.7250000000058
France,Potatoes,413769,377912.625,35856.375
France,"Rice, paddy",55947,55102.24,844.760000000002
France,Sorghum,56861,57065.135,-204.13500000000204
France,Soybeans,27815,22896.095,4918.904999999999
France,Wheat,71512,68476.36,3035.6399999999994
France,Maize,81592,88968.845,-7376.845000000001
France,Potatoes,431560,378475.305,53084.69500000001
France,"Rice, paddy",39400,54876.75,-15476.75
France,Sorghum,54344,57080.585,-2736.584999999999
France,Soybeans,25599,22719.13,2879.869999999999
France,Wheat,72656,68604.035,4051.9649999999965
Germany,Maize,93755,91325.26,2429.7400000000052
Germany,Maize,93755,90777.79,2977.2100000000064
Germany,Maize,93755,90916.27,2838.729999999996
Germany,Potatoes,391226,417363.37,-26137.369999999995
Germany,Potatoes,391226,415996.035,-24770.034999999974
Germany,Potatoes,391226,416701.76,-25475.76000000001
Germany,Soybeans,15337,20860.58,-5523.580000000002
Germany,Soybeans,15337,20717.705,-5380.705000000002
Germany,Soybeans,15337,19862.37,-4525.369999999999
Germany,Wheat,69056,77330.78,-8274.779999999999
Germany,Wheat,69056,77473.115,-8417.115000000005
Germany,Wheat,69056,77383.07,-8327.070000000007
Germany,Maize,90966,90797.595,168.40499999999884
Germany,Maize,90966,90688.085,277.9149999999936
Germany,Maize,90966,90593.16,372.8399999999965
Germany,Potatoes,441756,416548.625,25207.375
Germany,Potatoes,441756,416491.13,25264.869999999995
Germany,Potatoes,441756,415415.17,26340.830000000016
Germany,Wheat,81716,77452.285,4263.7149999999965
Germany,Wheat,81716,77398.16,4317.8399999999965
Germany,Wheat,81716,77511.93,4204.070000000007
Germany,Maize,92139,90973.77,1165.229999999996
Germany,Maize,92139,90950.27,1188.729999999996
Germany,Maize,92139,90695.955,1443.0449999999983
Germany,Potatoes,419798,416286.56,3511.4400000000023
Germany,Potatoes,419798,415613.375,4184.625
Germany,Potatoes,419798,414412.19,5385.809999999998
Germany,Wheat,74651,77857.085,-3206.0850000000064
Germany,Wheat,74651,77917.69,-3266.6900000000023
Germany,Wheat,74651,77867.48,-3216.479999999996
Germany,Maize,80307,90791.695,-10484.695000000007
Germany,Maize,80307,90868.865,-10561.865000000005
Germany,Maize,80307,90518.135,-10211.134999999995
Germany,Potatoes,365680,416774.28,-51094.28000000003
Germany,Potatoes,365680,417317.955,-51637.955000000016
Germany,Potatoes,365680,415349.18,-49669.17999999999
Germany,Soybeans,10000,22966.535,-12966.535
Germany,Soybeans,10000,22513.625,-12513.625
Germany,Soybeans,10000,21928.13,-11928.130000000001
Germany,Wheat,72007,77161.655,-5154.654999999999
Germany,Wheat,72007,77729.89,-5722.889999999999
Germany,Wheat,72007,77743.69,-5736.690000000002
Germany,Maize,94475,91638.475,2836.524999999994
Germany,Maize,94475,91008.13,3466.8699999999953
Germany,Maize,94475,90988.96,3486.0399999999936
Germany,Potatoes,423470,415939.875,7530.125
Germany,Potatoes,423470,417161.08,6308.919999999984
Germany,Potatoes,423470,416251.37,7218.630000000005
Germany,Soybeans,10000,22616.99,-12616.990000000002
Germany,Soybeans,10000,23135.655,-13135.654999999999
Germany,Soybeans,10000,22169.095,-12169.095000000001
Germany,Wheat,69611,76903.985,-7292.985000000001
Germany,Wheat,69611,77738.66,-8127.6600000000035
Germany,Wheat,69611,77713.305,-8102.304999999993
Germany,Maize,98099,90889.315,7209.684999999998
Germany,Maize,98099,90455.205,7643.794999999998
Germany,Maize,98099,90615.755,7483.244999999995
Germany,Potatoes,437606,416982.535,20623.465000000026
Germany,Potatoes,437606,416543.35,21062.650000000023
Germany,Potatoes,437606,415349.18,22256.820000000007
Germany,Soybeans,10000,23202.05,-13202.05
Germany,Soybeans,10000,22632.23,-12632.23
Germany,Soybeans,10000,22220.095,-12220.095000000001
Germany,Wheat,80873,77177.14,3695.8600000000006
Germany,Wheat,80873,77767.86,3105.1399999999994
Germany,Wheat,80873,77743.69,3129.3099999999977
Germany,Maize,97500,90765.565,6734.434999999998
Germany,Maize,97500,90778.45,6721.550000000003
Germany,Maize,97500,90501.42,6998.580000000002
Germany,Potatoes,443045,416543.35,26501.650000000023
Germany,Potatoes,443045,415613.375,27431.625
Germany,Potatoes,443045,415349.18,27695.820000000007
Germany,Soybeans,10000,22613.76,-12613.759999999998
Germany,Soybeans,10000,22075.415,-12075.415
Germany,Soybeans,10000,22286.79,-12286.79
Germany,Wheat,78091,77767.86,323.1399999999994
Germany,Wheat,78091,77917.69,173.30999999999767
Germany,Wheat,78091,77743.69,347.3099999999977
Germany,Maize,90261,90790.945,-529.945000000007
Germany,Maize,90261,90801.215,-540.2149999999965
Germany,Maize,90261,90638.47,-377.47000000000116
Germany,Potatoes,398758,415413.635,-16655.63500000001
Germany,Potatoes,398758,415232.375,-16474.375
Germany,Potatoes,398758,414412.19,-15654.190000000002
Germany,Soybeans,20000,22145.14,-2145.1399999999994
Germany,Soybeans,20000,22117.87,-2117.869999999999
Germany,Soybeans,20000,22452.54,-2452.540000000001
Germany,Wheat,72120,77757.085,-5637.085000000006
Germany,Wheat,72120,77718.215,-5598.2149999999965
Germany,Wheat,72120,77867.48,-5747.479999999996
Germany,Maize,106243,90814.99,15428.009999999995
Germany,Maize,106243,90939.555,15303.445000000007
Germany,Maize,106243,90891.93,15351.070000000007
Germany,Potatoes,457565,416774.28,40790.71999999997
Germany,Potatoes,457565,415542.475,42022.52500000002
Germany,Potatoes,457565,416251.37,41313.630000000005
Germany,Soybeans,15000,23235.495,-8235.494999999999
Germany,Soybeans,15000,22105.15,-7105.1500000000015
Germany,Soybeans,15000,22155.295,-7155.294999999998
Germany,Wheat,70139,77161.655,-7022.654999999999
Germany,Wheat,70139,77937.84,-7798.8399999999965
Germany,Wheat,70139,77713.305,-7574.304999999993
Germany,Maize,104802,90935.0,13867.0
Germany,Maize,104802,90822.67,13979.330000000002
Germany,Maize,104802,90615.755,14186.244999999995
Germany,Potatoes,447570,416414.955,31155.044999999984
Germany,Potatoes,447570,415523.45,32046.54999999999
Germany,Potatoes,447570,415349.18,32220.820000000007
Germany,Soybeans,20000,22777.29,-2777.290000000001
Germany,Soybeans,20000,22082.88,-2082.880000000001
Germany,Soybeans,20000,22293.215,-2293.215
Germany,Wheat,73312,77856.705,-4544.705000000002
Germany,Wheat,73312,77840.025,-4528.024999999994
Germany,Wheat,73312,77743.69,-4431.690000000002
Germany,Maize,88276,90966.485,-2690.4850000000006
Germany,Maize,88276,90822.39,-2546.3899999999994
Germany,Maize,88276,90761.46,-2485.4600000000064
Germany,Potatoes,398258,417317.955,-19059.955000000016
Germany,Potatoes,398258,415523.45,-17265.45000000001
Germany,Potatoes,398258,416122.975,-17864.974999999977
Germany,Soybeans,20000,22559.07,-2559.0699999999997
Germany,Soybeans,20000,22128.955,-2128.9550000000017
Germany,Soybeans,20000,22226.335,-2226.334999999999
Germany,Wheat,79979,77738.145,2240.854999999996
Germany,Wheat,79979,77840.025,2138.975000000006
Germany,Wheat,79979,77713.685,2265.3150000000023
Ghana,Cassava,122489,122360.35,128.64999999999418
Ghana,Maize,14900,13730.595,1169.4050000000007
Ghana,Plantains and others,82297,77864.53,4432.470000000001
Ghana,"Rice, paddy",22799,20473.58,2325.4199999999983
Ghana,Sorghum,9375,9116.865,258.1350000000002
Ghana,Sweet potatoes,14071,15730.98,-1659.9799999999996
Ghana,Yams,129996,123974.83,6021.169999999998
Ghana,Cassava,124228,122156.74,2071.2599999999948
Ghana,Maize,15794,13834.095,1959.9050000000007
Ghana,Plantains and others,84670,74971.47,9698.529999999999
Ghana,"Rice, paddy",20253,19511.45,741.5499999999993
Ghana,Sorghum,9627,9331.705,295.2950000000001
Ghana,Sweet potatoes,14259,15056.155,-797.1550000000007
Ghana,Yams,125220,125299.285,-79.28500000000349
Ghana,Cassava,127560,121746.01,5813.990000000005
Ghana,Maize,15613,13412.905,2200.0949999999993
Ghana,Plantains and others,96276,74261.545,22014.455
Ghana,"Rice, paddy",23917,19016.735,4900.264999999999
Ghana,Sorghum,10000,9280.045,719.9549999999999
Ghana,Sweet potatoes,13869,14997.175,-1128.1749999999993
Ghana,Yams,108072,125278.315,-17206.315000000002
Ghana,Cassava,122000,119482.725,2517.274999999994
Ghana,Maize,14994,16851.435,-1857.4350000000013
Ghana,Plantains and others,96990,85190.865,11799.134999999995
Ghana,"Rice, paddy",20000,17779.64,2220.3600000000006
Ghana,Sorghum,9844,9858.715,-14.715000000000146
Ghana,Sweet potatoes,14765,25862.295,-11097.294999999998
Ghana,Yams,131938,125546.26,6391.740000000005
Ghana,Cassava,127640,120215.37,7424.630000000005
Ghana,Maize,15437,13802.57,1634.4300000000003
Ghana,Plantains and others,105924,75898.925,30025.074999999997
Ghana,"Rice, paddy",17015,19543.005,-2528.005000000001
Ghana,Sorghum,7427,9424.8,-1997.7999999999993
Ghana,Sweet potatoes,15242,14997.175,244.82500000000073
Ghana,Yams,135233,125548.795,9684.205000000002
Ghana,Cassava,135145,121988.755,13156.244999999995
Ghana,Maize,17371,14032.14,3338.8600000000006
Ghana,Plantains and others,107039,75998.17,31040.83
Ghana,"Rice, paddy",22735,18036.24,4698.759999999998
Ghana,Sorghum,11997,9811.895,2185.1049999999996
Ghana,Sweet potatoes,15759,14894.435,864.5650000000005
Ghana,Yams,140831,125311.685,15519.315000000002
Ghana,Cassava,138074,119831.32,18242.679999999993
Ghana,Maize,16969,14463.86,2505.1399999999994
Ghana,Plantains and others,109659,75863.845,33795.155
Ghana,"Rice, paddy",24109,17781.24,6327.759999999998
Ghana,Sorghum,13119,9935.48,3183.5200000000004
Ghana,Sweet potatoes,16326,14861.6,1464.3999999999996
Ghana,Yams,152555,125532.58,27022.42
Ghana,Cassava,154330,119829.475,34500.524999999994
Ghana,Maize,18874,14687.685,4186.3150000000005
Ghana,Plantains and others,107868,75819.055,32048.945000000007
Ghana,"Rice, paddy",27126,17967.25,9158.75
Ghana,Sorghum,12846,9936.595,2909.4050000000007
Ghana,Sweet potatoes,16904,14745.735,2158.2649999999994
Ghana,Yams,154841,125330.15,29510.850000000006
Ghana,Cassava,160124,119831.32,40292.67999999999
Ghana,Maize,16458,14460.89,1997.1100000000006
Ghana,Plantains and others,107574,75863.845,31710.155
Ghana,"Rice, paddy",23495,17753.16,5741.84
Ghana,Sorghum,11790,9935.48,1854.5200000000004
Ghana,Sweet potatoes,17687,14861.6,2825.3999999999996
Ghana,Yams,155906,125532.58,30373.42
Ghana,Cassava,167489,121980.845,45508.155
Ghana,Maize,18712,14452.32,4259.68
Ghana,Plantains and others,105443,75945.88,29497.119999999995
Ghana,"Rice, paddy",25386,18639.645,6746.355
Ghana,Sorghum,12129,9770.225,2358.7749999999996
Ghana,Sweet potatoes,18243,15307.41,2935.59
Ghana,Yams,155717,125308.005,30408.994999999995
Ghana,Cassava,182704,119831.32,62872.67999999999
Ghana,Maize,17240,15267.675,1972.3250000000007
Ghana,Plantains and others,108397,75820.44,32576.559999999998
Ghana,"Rice, paddy",26378,17744.285,8633.715
Ghana,Sorghum,11369,9932.88,1436.1200000000008
Ghana,Sweet potatoes,18243,14745.095,3497.9050000000007
Ghana,Yams,167820,125532.58,42287.42
Greece,Maize,99544,97167.065,2376.9349999999977
Greece,Potatoes,193885,209328.145,-15443.14499999999
Greece,"Rice, paddy",73683,71489.66,2193.3399999999965
Greece,Sorghum,31008,27244.57,3763.4300000000003
Greece,Soybeans,19730,19554.955,175.04499999999825
Greece,Sweet potatoes,186335,164324.905,22010.095
Greece,Wheat,23432,25664.975,-2232.9749999999985
Greece,Maize,101088,96206.01,4881.990000000005
Greece,Potatoes,202638,208273.62,-5635.619999999995
Greece,"Rice, paddy",71038,70372.675,665.3249999999971
Greece,Sorghum,16230,25050.03,-8820.029999999999
Greece,Soybeans,1265,20733.8,-19468.8
Greece,Sweet potatoes,205463,153140.47,52322.53
Greece,Wheat,24757,24707.4,49.599999999998545
Greece,Maize,103033,96762.07,6270.929999999993
Greece,Potatoes,200680,207264.55,-6584.549999999988
Greece,"Rice, paddy",74059,70791.25,3267.75
Greece,Sorghum,13554,27582.165,-14028.165
Greece,Soybeans,3716,20624.245,-16908.245
Greece,Sweet potatoes,186025,154159.125,31865.875
Greece,Wheat,24058,24820.945,-762.9449999999997
Greece,Maize,101383,99496.71,1886.2899999999936
Greece,Potatoes,198412,200662.235,-2250.234999999986
Greece,"Rice, paddy",77137,74712.045,2424.9550000000017
Greece,Sorghum,16446,31836.31,-15390.310000000001
Greece,Soybeans,21491,21886.205,-395.20500000000175
Greece,Sweet potatoes,186165,160626.745,25538.255000000005
Greece,Wheat,22859,25196.785,-2337.785
Greece,Maize,100223,96941.82,3281.179999999993
Greece,Potatoes,206388,200968.95,5419.049999999988
Greece,"Rice, paddy",76337,72933.27,3403.729999999996
Greece,Sorghum,11533,31719.01,-20186.01
Greece,Soybeans,21121,19387.06,1733.9399999999987
Greece,Sweet potatoes,214260,173233.4,41026.600000000006
Greece,Wheat,22353,26571.955,-4218.955000000002
Greece,Maize,104810,97126.2,7683.800000000003
Greece,Potatoes,201148,184264.995,16883.005000000005
Greece,"Rice, paddy",73731,74493.06,-762.0599999999977
Greece,Sorghum,10635,31955.42,-21320.42
Greece,Soybeans,3684,19343.915,-15659.915
Greece,Sweet potatoes,211841,143524.845,68316.155
Greece,Wheat,27769,27140.455,628.5449999999983
Greece,Maize,104326,96417.665,7908.335000000006
Greece,Potatoes,207007,179025.355,27981.64499999999
Greece,"Rice, paddy",76682,74798.075,1883.925000000003
Greece,Sorghum,21040,31782.89,-10742.89
Greece,Soybeans,19920,19691.58,228.41999999999825
Greece,Sweet potatoes,204975,142330.245,62644.755000000005
Greece,Wheat,27436,26362.385,1073.6150000000016
Greece,Maize,103818,89817.18,14000.820000000007
Greece,Potatoes,206835,195578.145,11256.85500000001
Greece,"Rice, paddy",69283,66725.16,2557.8399999999965
Greece,Sorghum,16082,26749.385,-10667.384999999998
Greece,Soybeans,27089,18271.815,8817.185000000001
Greece,Sweet potatoes,215419,120933.275,94485.725
Greece,Wheat,26044,27454.805,-1410.8050000000003
Greece,Maize,107069,99999.56,7069.440000000002
Greece,Potatoes,202160,208157.83,-5997.829999999987
Greece,"Rice, paddy",81086,73234.85,7851.149999999994
Greece,Sorghum,7930,36009.615,-28079.614999999998
Greece,Soybeans,25449,22497.095,2951.904999999999
Greece,Sweet potatoes,197379,167715.595,29663.405
Greece,Wheat,27004,24213.75,2790.25
Greece,Maize,104559,95925.495,8633.505000000005
Greece,Potatoes,199165,205810.625,-6645.625
Greece,"Rice, paddy",74926,71253.175,3672.824999999997
Greece,Sorghum,14311,30564.595,-16253.595000000001
Greece,Soybeans,25983,18939.18,7043.82
Greece,Sweet potatoes,199034,175421.7,23612.29999999999
Greece,Wheat,26650,26858.1,-208.09999999999854
Greece,Maize,106689,89852.65,16836.350000000006
Greece,Potatoes,206787,226289.065,-19502.065000000002
Greece,"Rice, paddy",83964,64297.8,19666.199999999997
Greece,Sorghum,26357,25912.425,444.5750000000007
Greece,Soybeans,27376,18493.555,8882.445
Greece,Sweet potatoes,221642,128893.44,92748.56
Greece,Wheat,27777,26983.64,793.3600000000006
Guatemala,Cassava,13713,19924.245,-6211.244999999999
Guatemala,Maize,20659,20553.735,105.26499999999942
Guatemala,Plantains and others,230957,296791.115,-65834.11499999999
Guatemala,Potatoes,335861,287810.305,48050.69500000001
Guatemala,"Rice, paddy",11989,24394.445,-12405.445
Guatemala,Sorghum,14004,12985.035,1018.9650000000001
Guatemala,Soybeans,26923,29216.54,-2293.540000000001
Guatemala,Sweet potatoes,60000,61388.02,-1388.0199999999968
Guatemala,Wheat,19146,24673.1,-5527.0999999999985
Guatemala,Cassava,14833,25704.015,-10871.015
Guatemala,Maize,21307,20319.915,987.0849999999991
Guatemala,Plantains and others,259605,305650.02,-46045.02000000002
Guatemala,Potatoes,255804,281065.005,-25261.005000000005
Guatemala,"Rice, paddy",26236,23842.275,2393.7249999999985
Guatemala,Sorghum,16502,12855.355,3646.6450000000004
Guatemala,Soybeans,26923,28452.115,-1529.1150000000016
Guatemala,Sweet potatoes,66667,61969.815,4697.184999999998
Guatemala,Wheat,20184,24441.745,-4257.744999999999
Guatemala,Cassava,14333,25700.545,-11367.544999999998
Guatemala,Maize,23360,20384.18,2975.8199999999997
Guatemala,Plantains and others,194704,304870.32,-110166.32
Guatemala,Potatoes,268403,277569.35,-9166.349999999977
Guatemala,"Rice, paddy",27463,24317.54,3145.459999999999
Guatemala,Sorghum,16225,12985.375,3239.625
Guatemala,Soybeans,26923,28189.81,-1266.8100000000013
Guatemala,Sweet potatoes,64706,62742.325,1963.675000000003
Guatemala,Wheat,21288,24332.045,-3044.0449999999983
Guatemala,Cassava,13834,25689.55,-11855.55
Guatemala,Maize,25807,20488.8,5318.200000000001
Guatemala,Plantains and others,163086,305650.02,-142564.02000000002
Guatemala,Potatoes,248346,277132.705,-28786.705000000016
Guatemala,"Rice, paddy",24662,24215.545,446.45500000000175
Guatemala,Sorghum,13536,13189.755,346.2450000000008
Guatemala,Soybeans,26923,27772.71,-849.7099999999991
Guatemala,Sweet potatoes,62500,63935.43,-1435.4300000000003
Guatemala,Wheat,22712,23701.495,-989.494999999999
Guatemala,Cassava,13334,29574.97,-16240.970000000001
Guatemala,Maize,23219,25926.61,-2707.6100000000006
Guatemala,Plantains and others,167445,305650.02,-138205.02000000002
Guatemala,Potatoes,250489,254609.91,-4120.9100000000035
Guatemala,"Rice, paddy",28203,24616.135,3586.8650000000016
Guatemala,Sorghum,17498,14173.77,3324.2299999999996
Guatemala,Soybeans,26923,27552.13,-629.130000000001
Guatemala,Sweet potatoes,60000,61747.725,-1747.7249999999985
Guatemala,Wheat,22229,18986.06,3242.9399999999987
Guatemala,Cassava,12834,25154.35,-12320.349999999999
Guatemala,Maize,20115,20581.94,-466.9399999999987
Guatemala,Plantains and others,175233,304463.715,-129230.71500000003
Guatemala,Potatoes,242863,265558.42,-22695.419999999984
Guatemala,"Rice, paddy",30625,24339.735,6285.264999999999
Guatemala,Sorghum,16657,13375.48,3281.5200000000004
Guatemala,Soybeans,26923,27894.335,-971.3349999999991
Guatemala,Sweet potatoes,66667,62523.55,4143.449999999997
Guatemala,Wheat,24013,22900.33,1112.6699999999983
Guatemala,Cassava,12531,25700.545,-13169.544999999998
Guatemala,Maize,19798,20384.18,-586.1800000000003
Guatemala,Plantains and others,194704,304870.32,-110166.32
Guatemala,Potatoes,252535,277808.815,-25273.815000000002
Guatemala,"Rice, paddy",28922,24317.54,4604.459999999999
Guatemala,Sorghum,17523,12985.375,4537.625
Guatemala,Soybeans,25714,28189.81,-2475.8100000000013
Guatemala,Sweet potatoes,65000,62742.325,2257.675000000003
Guatemala,Wheat,22131,24332.045,-2201.0449999999983
Guatemala,Cassava,12511,25704.015,-13193.015
Guatemala,Maize,19944,20316.605,-372.60499999999956
Guatemala,Plantains and others,162205,305650.02,-143445.02000000002
Guatemala,Potatoes,252547,278268.545,-25721.544999999984
Guatemala,"Rice, paddy",28258,24120.675,4137.325000000001
Guatemala,Sorghum,17398,13038.135,4359.865
Guatemala,Soybeans,31313,27796.31,3516.6899999999987
Guatemala,Sweet potatoes,58333,64056.19,-5723.190000000002
Guatemala,Wheat,20574,23902.485,-3328.4850000000006
Guatemala,Cassava,12491,25704.015,-13213.015
Guatemala,Maize,19976,20657.305,-681.3050000000003
Guatemala,Plantains and others,164167,305650.02,-141483.02000000002
Guatemala,Potatoes,255064,277215.555,-22151.554999999993
Guatemala,"Rice, paddy",28621,24254.085,4366.915000000001
Guatemala,Sorghum,17482,13211.125,4270.875
Guatemala,Soybeans,26429,27796.31,-1367.3100000000013
Guatemala,Sweet potatoes,64286,62020.125,2265.875
Guatemala,Wheat,20509,23764.32,-3255.3199999999997
Guatemala,Cassava,12470,28359.265,-15889.265
Guatemala,Maize,20348,23172.655,-2824.654999999999
Guatemala,Plantains and others,171753,305650.02,-133897.02000000002
Guatemala,Potatoes,249536,258474.2,-8938.200000000012
Guatemala,"Rice, paddy",28928,24346.485,4581.514999999999
Guatemala,Sorghum,17558,13411.315,4146.6849999999995
Guatemala,Soybeans,26429,27674.17,-1245.1699999999983
Guatemala,Sweet potatoes,65000,61747.725,3252.2750000000015
Guatemala,Wheat,21677,21507.15,169.84999999999854
Guatemala,Cassava,12450,28006.315,-15556.314999999999
Guatemala,Maize,20827,23501.11,-2674.1100000000006
Guatemala,Plantains and others,179551,304757.78,-125206.78000000003
Guatemala,Potatoes,247554,252949.67,-5395.670000000013
Guatemala,"Rice, paddy",29387,24691.655,4695.345000000001
Guatemala,Sorghum,17290,13173.705,4116.295
Guatemala,Soybeans,25333,27687.46,-2354.459999999999
Guatemala,Sweet potatoes,63636,61361.75,2274.25
Guatemala,Wheat,20240,21097.615,-857.6150000000016
Guinea,Cassava,71520,69387.735,2132.2649999999994
Guinea,Maize,14664,14434.225,229.77499999999964
Guinea,Plantains and others,52231,53453.445,-1222.4449999999997
Guinea,"Rice, paddy",17289,17862.65,-573.6500000000015
Guinea,Sorghum,10174,10643.44,-469.4400000000005
Guinea,Sweet potatoes,37202,33678.68,3523.3199999999997
Guinea,Yams,120289,115597.565,4691.434999999998
Guinea,Cassava,74892,69387.735,5504.264999999999
Guinea,Maize,15143,14302.17,840.8299999999999
Guinea,Plantains and others,52165,54028.015,-1863.0149999999994
Guinea,Potatoes,61356,108402.38,-47046.380000000005
Guinea,"Rice, paddy",17479,17862.65,-383.65000000000146
Guinea,Sorghum,10334,10648.47,-314.46999999999935
Guinea,Sweet potatoes,36282,33564.055,2717.9449999999997
Guinea,Yams,114162,115597.565,-1435.5650000000023
Guinea,Cassava,76636,69387.735,7248.264999999999
Guinea,Maize,15388,14457.5,930.5
Guinea,Plantains and others,52141,53963.49,-1822.489999999998
Guinea,Potatoes,63603,114076.615,-50473.615000000005
Guinea,"Rice, paddy",17575,17911.175,-336.1749999999993
Guinea,Sorghum,10323,10612.42,-289.4200000000001
Guinea,Sweet potatoes,36590,34009.195,2580.8050000000003
Guinea,Yams,113843,115203.215,-1360.2149999999965
Guinea,Cassava,78422,69229.545,9192.455000000002
Guinea,Maize,15637,15013.46,623.5400000000009
Guinea,Plantains and others,52096,54024.75,-1928.75
Guinea,Potatoes,61011,117964.505,-56953.505000000005
Guinea,"Rice, paddy",17672,17766.555,-94.55500000000029
Guinea,Sorghum,10417,10742.715,-325.71500000000015
Guinea,Sweet potatoes,37130,34046.165,3083.834999999999
Guinea,Yams,118441,112514.105,5926.895000000004
Guinea,Cassava,80249,69515.825,10733.175000000003
Guinea,Maize,15891,14395.985,1495.0149999999994
Guinea,Plantains and others,51905,54047.17,-2142.1699999999983
Guinea,Potatoes,59380,122222.03,-62842.03
Guinea,"Rice, paddy",17769,17785.9,-16.900000000001455
Guinea,Sorghum,10356,10661.38,-305.3799999999992
Guinea,Sweet potatoes,36982,34141.91,2840.0899999999965
Guinea,Yams,111330,112559.85,-1229.8500000000058
Guinea,Cassava,75231,69387.735,5843.264999999999
Guinea,Maize,10793,14585.865,-3792.865
Guinea,Plantains and others,52140,54067.505,-1927.5049999999974
Guinea,Potatoes,65720,131547.605,-65827.60500000001
Guinea,"Rice, paddy",19308,17668.01,1639.9900000000016
Guinea,Sorghum,10029,10601.145,-572.1450000000004
Guinea,Sweet potatoes,36535,34165.9,2369.0999999999985
Guinea,Yams,91167,115203.215,-24036.214999999997
Guinea,Cassava,84899,69617.415,15281.585000000006
Guinea,Maize,16318,14528.875,1789.125
Guinea,Plantains and others,52202,54224.23,-2022.2300000000032
Guinea,Potatoes,89880,124374.37,-34494.369999999995
Guinea,"Rice, paddy",16705,17695.43,-990.4300000000003
Guinea,Sorghum,9602,10595.625,-993.625
Guinea,Sweet potatoes,32878,34026.285,-1148.2850000000035
Guinea,Yams,133141,114723.54,18417.460000000006
Guinea,Cassava,84900,69387.735,15512.265
Guinea,Maize,16313,15570.685,742.3150000000005
Guinea,Plantains and others,52256,58632.09,-6376.0899999999965
Guinea,Potatoes,59840,134247.905,-74407.905
Guinea,"Rice, paddy",11008,17594.825,-6586.825000000001
Guinea,Sorghum,9799,10699.055,-900.0550000000003
Guinea,Sweet potatoes,31033,71444.05,-40411.05
Guinea,Yams,109240,117685.495,-8445.494999999995
Guinea,Cassava,84900,69387.735,15512.265
Guinea,Maize,16584,17126.87,-542.869999999999
Guinea,Plantains and others,52614,69025.38,-16411.380000000005
Guinea,Potatoes,56960,135307.02,-78347.01999999999
Guinea,"Rice, paddy",11567,17868.43,-6301.43
Guinea,Sorghum,9730,10722.555,-992.5550000000003
Guinea,Sweet potatoes,34726,67796.05,-33070.05
Guinea,Yams,111221,117685.495,-6464.494999999995
Guinea,Cassava,69200,69475.72,-275.72000000000116
Guinea,Maize,12200,15633.97,-3433.9699999999993
Guinea,Plantains and others,52222,78010.32,-25788.320000000007
Guinea,Potatoes,68229,136366.22,-68137.22
Guinea,"Rice, paddy",12000,18084.935,-6084.935000000001
Guinea,Sorghum,9661,10765.975,-1104.9750000000004
Guinea,Sweet potatoes,34799,64904.295,-30105.295
Guinea,Yams,111594,115094.225,-3500.225000000006
Guinea,Cassava,69000,69467.25,-467.25
Guinea,Maize,12500,14649.64,-2149.6399999999994
Guinea,Plantains and others,52200,104322.115,-52122.115000000005
Guinea,Potatoes,75236,137093.11,-61857.109999999986
Guinea,"Rice, paddy",12500,18015.23,-5515.23
Guinea,Sorghum,9592,10736.195,-1144.1949999999997
Guinea,Sweet potatoes,34607,65341.61,-30734.61
Guinea,Yams,113722,115094.28,-1372.2799999999988
Guyana,Cassava,108378,114203.33,-5825.330000000002
Guyana,Maize,14207,14487.52,-280.52000000000044
Guyana,Plantains and others,36988,38655.12,-1667.1200000000026
Guyana,"Rice, paddy",41194,38895.48,2298.519999999997
Guyana,Sweet potatoes,16667,18587.72,-1920.7200000000012
Guyana,Yams,96154,95027.775,1126.2250000000058
Guyana,Cassava,109834,115496.63,-5662.630000000005
Guyana,Maize,12500,14610.865,-2110.865
Guyana,Plantains and others,37776,38948.295,-1172.2949999999983
Guyana,"Rice, paddy",43294,39384.905,3909.095000000001
Guyana,Sweet potatoes,60125,17597.395,42527.604999999996
Guyana,Yams,94444,95540.295,-1096.2949999999983
Guyana,Cassava,108378,110881.66,-2503.6600000000035
Guyana,Maize,12500,15201.935,-2701.9349999999995
Guyana,Plantains and others,29892,38422.935,-8530.934999999998
Guyana,"Rice, paddy",39397,39603.375,-206.375
Guyana,Sweet potatoes,92975,20895.835,72079.16500000001
Guyana,Yams,93750,91268.035,2481.9649999999965
Guyana,Cassava,110214,115201.28,-4987.279999999999
Guyana,Maize,10000,14549.025,-4549.025
Guyana,Plantains and others,35055,39524.25,-4469.25
Guyana,"Rice, paddy",46265,39383.35,6881.6500000000015
Guyana,Sweet potatoes,137770,17897.12,119872.88
Guyana,Yams,92857,94213.24,-1356.2400000000052
Guyana,Cassava,109103,113476.475,-4373.475000000006
Guyana,Maize,17174,14902.695,2271.3050000000003
Guyana,Plantains and others,34707,39216.99,-4509.989999999998
Guyana,"Rice, paddy",43310,39127.885,4182.114999999998
Guyana,Sweet potatoes,177561,22306.595,155254.405
Guyana,Yams,96154,96250.99,-96.99000000000524
Guyana,Cassava,103175,113731.475,-10556.475000000006
Guyana,Maize,13333,14865.31,-1532.3099999999995
Guyana,Plantains and others,21350,39216.99,-17866.989999999998
Guyana,"Rice, paddy",42324,39085.84,3238.1600000000035
Guyana,Sweet potatoes,214445,22402.18,192042.82
Guyana,Yams,123377,96250.99,27126.009999999995
Guyana,Cassava,109231,110881.66,-1650.6600000000035
Guyana,Maize,13476,15027.5,-1551.5
Guyana,Plantains and others,33056,38422.935,-5366.934999999998
Guyana,"Rice, paddy",44353,39549.88,4803.120000000003
Guyana,Sweet potatoes,329827,20895.835,308931.165
Guyana,Yams,122139,91268.035,30870.964999999997
Guyana,Cassava,106800,114696.135,-7896.134999999995
Guyana,Maize,13773,15483.41,-1710.4099999999999
Guyana,Plantains and others,46653,38500.05,8152.949999999997
Guyana,"Rice, paddy",42328,39221.68,3106.3199999999997
Guyana,Sweet potatoes,321208,23303.96,297904.04
Guyana,Yams,123760,112350.915,11409.085000000006
Guyana,Cassava,95857,118044.145,-22187.145000000004
Guyana,Maize,13868,14860.75,-992.75
Guyana,Plantains and others,26306,39836.42,-13530.419999999998
Guyana,"Rice, paddy",44102,39711.555,4390.445
Guyana,Sweet potatoes,314369,20227.455,294141.545
Guyana,Yams,57333,95901.435,-38568.435
Guyana,Cassava,110944,117756.925,-6812.925000000003
Guyana,Maize,13854,14952.44,-1098.4400000000005
Guyana,Plantains and others,32736,39930.905,-7194.904999999999
Guyana,"Rice, paddy",45280,39739.675,5540.324999999997
Guyana,Sweet potatoes,293877,20227.455,273649.545
Guyana,Yams,58600,95901.435,-37301.435
Guyana,Cassava,109286,116189.885,-6903.884999999995
Guyana,Maize,13841,14875.27,-1034.2700000000004
Guyana,Plantains and others,33143,39593.24,-6450.239999999998
Guyana,"Rice, paddy",49996,39434.32,10561.68
Guyana,Sweet potatoes,254655,17993.955,236661.04499999998
Guyana,Yams,55067,95977.275,-40910.274999999994
Haiti,Cassava,44000,47274.33,-3274.3300000000017
Haiti,Maize,7475,8182.02,-707.0200000000004
Haiti,Plantains and others,67059,66698.69,360.3099999999977
Haiti,Potatoes,127500,127109.945,390.054999999993
Haiti,"Rice, paddy",20000,20600.89,-600.8899999999994
Haiti,Sorghum,7791,6781.43,1009.5699999999997
Haiti,Sweet potatoes,30172,29779.365,392.6349999999984
Haiti,Yams,56677,56973.385,-296.38500000000204
Haiti,Cassava,44737,47290.46,-2553.459999999999
Haiti,Maize,7615,8410.37,-795.3700000000008
Haiti,Plantains and others,63636,66687.97,-3051.970000000001
Haiti,Potatoes,127778,127288.69,489.3099999999977
Haiti,"Rice, paddy",20508,20623.62,-115.61999999999898
Haiti,Sorghum,8261,6775.68,1485.3199999999997
Haiti,Sweet potatoes,33138,29826.185,3311.8149999999987
Haiti,Yams,54972,56969.055,-1997.0550000000003
Haiti,Cassava,43956,47290.46,-3334.459999999999
Haiti,Maize,7802,8410.37,-608.3700000000008
Haiti,Plantains and others,66201,66687.97,-486.97000000000116
Haiti,Potatoes,130000,127288.69,2711.3099999999977
Haiti,"Rice, paddy",20270,20623.62,-353.619999999999
Haiti,Sorghum,8696,6769.905,1926.0950000000003
Haiti,Sweet potatoes,30030,29826.185,203.8149999999987
Haiti,Yams,55000,56969.055,-1969.0550000000003
Haiti,Cassava,44050,47274.33,-3224.3300000000017
Haiti,Maize,7795,8182.02,-387.02000000000044
Haiti,Plantains and others,64634,66698.69,-2064.6900000000023
Haiti,Potatoes,130461,127109.945,3351.054999999993
Haiti,"Rice, paddy",20755,20609.355,145.64500000000044
Haiti,Sorghum,8696,6781.43,1914.5699999999997
Haiti,Sweet potatoes,34771,29779.365,4991.634999999998
Haiti,Yams,59803,56969.055,2833.9449999999997
Haiti,Cassava,44118,47274.33,-3156.3300000000017
Haiti,Maize,7803,8103.655,-300.65499999999975
Haiti,Plantains and others,64865,66726.0,-1861.0
Haiti,Potatoes,131818,127109.945,4708.054999999993
Haiti,"Rice, paddy",22491,20599.14,1891.8600000000006
Haiti,Sorghum,8696,6772.91,1923.0900000000001
Haiti,Sweet potatoes,30014,29737.895,276.10499999999956
Haiti,Yams,54762,56997.26,-2235.260000000002
Haiti,Cassava,43939,47328.075,-3389.074999999997
Haiti,Maize,7807,7592.365,214.63500000000022
Haiti,Plantains and others,64516,66855.315,-2339.3150000000023
Haiti,Potatoes,130435,123714.17,6720.830000000002
Haiti,"Rice, paddy",20755,21044.205,-289.20500000000175
Haiti,Sorghum,8696,6857.16,1838.8400000000001
Haiti,Sweet potatoes,30026,29807.715,218.28499999999985
Haiti,Yams,54651,56171.115,-1520.114999999998
Haiti,Cassava,44173,47290.46,-3117.459999999999
Haiti,Maize,8013,8410.37,-397.3700000000008
Haiti,Plantains and others,95921,66687.97,29233.03
Haiti,Potatoes,125000,127288.69,-2288.6900000000023
Haiti,"Rice, paddy",22313,20623.62,1689.380000000001
Haiti,Sorghum,10125,6769.905,3355.0950000000003
Haiti,Sweet potatoes,39258,29826.185,9431.814999999999
Haiti,Yams,64220,56969.055,7250.945
Haiti,Cassava,44629,47267.315,-2638.3150000000023
Haiti,Maize,8045,7564.555,480.4449999999997
Haiti,Plantains and others,66250,66733.34,-483.3399999999965
Haiti,Potatoes,121373,127039.66,-5666.6600000000035
Haiti,"Rice, paddy",23321,20796.01,2524.9900000000016
Haiti,Sorghum,9161,6747.255,2413.745
Haiti,Sweet potatoes,45841,29820.595,16020.404999999999
Haiti,Yams,69948,56827.275,13120.724999999999
Haiti,Cassava,44502,47328.075,-2826.074999999997
Haiti,Maize,8103,7592.955,510.0450000000001
Haiti,Plantains and others,66250,66855.315,-605.3150000000023
Haiti,Potatoes,126448,123714.17,2733.8300000000017
Haiti,"Rice, paddy",24043,21062.2,2980.7999999999993
Haiti,Sorghum,9035,6857.16,2177.84
Haiti,Sweet potatoes,51166,29807.715,21358.285
Haiti,Yams,74540,56171.115,18368.885000000002
Haiti,Cassava,44590,47267.315,-2677.3150000000023
Haiti,Maize,8168,7566.555,601.4449999999997
Haiti,Plantains and others,66750,66733.34,16.660000000003492
Haiti,Potatoes,127191,127074.955,116.04499999999825
Haiti,"Rice, paddy",24722,20796.01,3925.9900000000016
Haiti,Sorghum,8939,6743.845,2195.1549999999997
Haiti,Sweet potatoes,56801,29820.595,26980.405
Haiti,Yams,79363,56827.275,22535.725
Haiti,Cassava,44678,47267.315,-2589.3150000000023
Haiti,Maize,8545,7566.555,978.4449999999997
Haiti,Plantains and others,51436,66733.34,-15297.339999999997
Haiti,Potatoes,127142,127074.955,67.04499999999825
Haiti,"Rice, paddy",28789,20796.01,7992.990000000002
Haiti,Sorghum,8529,6743.845,1785.1549999999997
Haiti,Sweet potatoes,90938,29820.595,61117.405
Haiti,Yams,110560,56827.275,53732.725
Honduras,Cassava,34738,41776.65,-7038.6500000000015
Honduras,Maize,13655,13384.58,270.4200000000001
Honduras,Plantains and others,87324,145324.43,-58000.42999999999
Honduras,Potatoes,165543,143329.395,22213.60500000001
Honduras,"Rice, paddy",23573,26855.23,-3282.2299999999996
Honduras,Sorghum,11508,10259.575,1248.4249999999993
Honduras,Soybeans,19516,19858.765,-342.7649999999994
Honduras,Sweet potatoes,62000,63778.455,-1778.4550000000017
Honduras,Wheat,5309,6916.515,-1607.5150000000003
Honduras,Cassava,38661,42817.005,-4156.004999999997
Honduras,Maize,13855,13855.53,-0.5300000000006548
Honduras,Plantains and others,85420,160390.4,-74970.4
Honduras,Potatoes,172745,141905.835,30839.165000000008
Honduras,"Rice, paddy",41050,25137.685,15912.314999999999
Honduras,Sorghum,11509,10102.525,1406.4750000000004
Honduras,Soybeans,20787,20574.385,212.6150000000016
Honduras,Sweet potatoes,63462,63602.385,-140.38500000000204
Honduras,Wheat,5287,6062.2,-775.1999999999998
Honduras,Cassava,40000,44196.775,-4196.7750000000015
Honduras,Maize,15387,13382.295,2004.705
Honduras,Plantains and others,84440,144140.77,-59700.76999999999
Honduras,Potatoes,161908,142500.775,19407.225000000006
Honduras,"Rice, paddy",37417,25040.33,12376.669999999998
Honduras,Sorghum,11492,10631.44,860.5599999999995
Honduras,Soybeans,21122,20561.29,560.7099999999991
Honduras,Sweet potatoes,64151,63643.575,507.4250000000029
Honduras,Wheat,5327,5993.115,-666.1149999999998
Honduras,Cassava,40196,44446.78,-4250.779999999999
Honduras,Maize,15394,13952.755,1441.2450000000008
Honduras,Plantains and others,89857,144553.96,-54696.95999999999
Honduras,Potatoes,162963,147446.63,15516.369999999995
Honduras,"Rice, paddy",49229,25152.125,24076.875
Honduras,Sorghum,11500,10179.23,1320.7700000000004
Honduras,Soybeans,21333,20307.89,1025.1100000000006
Honduras,Sweet potatoes,64286,63629.4,656.5999999999985
Honduras,Wheat,5367,5971.135,-604.1350000000002
Honduras,Cassava,51254,43675.88,7578.120000000003
Honduras,Maize,16922,13777.56,3144.4400000000005
Honduras,Plantains and others,85951,143359.87,-57408.869999999995
Honduras,Potatoes,181923,149442.905,32480.095
Honduras,"Rice, paddy",50483,24618.05,25864.95
Honduras,Sorghum,11496,10411.155,1084.8449999999993
Honduras,Soybeans,20824,20299.27,524.7299999999996
Honduras,Sweet potatoes,64754,63657.135,1096.864999999998
Honduras,Wheat,5409,5928.135,-519.1350000000002
Honduras,Cassava,57405,42845.26,14559.739999999998
Honduras,Maize,16885,13983.04,2901.959999999999
Honduras,Plantains and others,86715,128435.345,-41720.345
Honduras,Potatoes,210827,151447.845,59379.155
Honduras,"Rice, paddy",51911,24446.98,27464.02
Honduras,Sorghum,11500,10880.25,619.75
Honduras,Soybeans,20598,20263.095,334.90499999999884
Honduras,Sweet potatoes,64286,64394.065,-108.06500000000233
Honduras,Wheat,5452,5918.875,-466.875
Honduras,Cassava,65876,44541.56,21334.440000000002
Honduras,Maize,17503,13659.73,3843.2700000000004
Honduras,Plantains and others,98922,143484.395,-44562.39499999999
Honduras,Potatoes,166654,147987.08,18666.920000000013
Honduras,"Rice, paddy",49376,25008.415,24367.585
Honduras,Sorghum,11492,10387.04,1104.9599999999991
Honduras,Soybeans,20687,20304.025,382.97499999999854
Honduras,Sweet potatoes,64220,63641.27,578.7300000000032
Honduras,Wheat,5750,5895.025,-145.02499999999964
Honduras,Cassava,63483,44996.06,18486.940000000002
Honduras,Maize,16504,13898.795,2605.205
Honduras,Plantains and others,108014,144099.475,-36085.475000000006
Honduras,Potatoes,146252,151095.08,-4843.079999999987
Honduras,"Rice, paddy",57287,24580.645,32706.355
Honduras,Sorghum,10442,10618.91,-176.90999999999985
Honduras,Soybeans,20753,20282.035,470.96500000000015
Honduras,Sweet potatoes,63916,63783.845,132.15499999999884
Honduras,Wheat,5524,6013.68,-489.6800000000003
Honduras,Cassava,77259,45487.19,31771.809999999998
Honduras,Maize,16593,13924.46,2668.540000000001
Honduras,Plantains and others,119975,154177.625,-34202.625
Honduras,Potatoes,159629,151431.62,8197.380000000005
Honduras,"Rice, paddy",57761,24883.385,32877.615000000005
Honduras,Sorghum,12477,10647.53,1829.4699999999993
Honduras,Soybeans,20819,20285.695,533.3050000000003
Honduras,Sweet potatoes,64000,63798.395,201.6050000000032
Honduras,Wheat,5445,6058.265,-613.2650000000003
Honduras,Cassava,70134,44718.365,25415.635000000002
Honduras,Maize,15795,14369.185,1425.8150000000005
Honduras,Plantains and others,119965,139966.505,-20001.505000000005
Honduras,Potatoes,142073,154825.435,-12752.434999999998
Honduras,"Rice, paddy",59734,24833.475,34900.525
Honduras,Sorghum,12333,11203.375,1129.625
Honduras,Soybeans,20884,20395.925,488.0750000000007
Honduras,Sweet potatoes,62500,63677.68,-1177.6800000000003
Honduras,Wheat,5517,6069.71,-552.71
Honduras,Cassava,76637,47120.065,29516.934999999998
Honduras,Maize,16214,14395.745,1818.2549999999992
Honduras,Plantains and others,121433,157172.015,-35739.015000000014
Honduras,Potatoes,163465,153608.28,9856.720000000001
Honduras,"Rice, paddy",61214,25652.53,35561.47
Honduras,Sorghum,11980,11141.355,838.6450000000004
Honduras,Soybeans,20950,20405.32,544.6800000000003
Honduras,Sweet potatoes,62500,63718.325,-1218.324999999997
Honduras,Wheat,5528,6160.94,-632.9399999999996
Hungary,Maize,50762,48417.065,2344.9349999999977
Hungary,Potatoes,221222,181169.18,40052.82000000001
Hungary,"Rice, paddy",46448,33060.18,13387.82
Hungary,Sorghum,16792,20087.85,-3295.8499999999985
Hungary,Soybeans,22452,17532.465,4919.535
Hungary,Wheat,35212,40999.0,-5787.0
Hungary,Maize,70012,47274.26,22737.739999999998
Hungary,Potatoes,253210,200983.575,52226.42499999999
Hungary,"Rice, paddy",34097,31926.315,2170.6850000000013
Hungary,Sorghum,20336,20756.895,-420.89500000000044
Hungary,Soybeans,23733,19246.885,4486.115000000002
Hungary,Wheat,51174,38816.82,12357.18
Hungary,Maize,75571,46960.915,28610.085
Hungary,Potatoes,258776,188214.185,70561.815
Hungary,"Rice, paddy",35426,31775.99,3650.0099999999984
Hungary,Sorghum,30642,21189.805,9452.195
Hungary,Soybeans,23178,19615.245,3562.755000000001
Hungary,Wheat,45000,38877.095,6122.904999999999
Hungary,Maize,68165,47460.935,20704.065000000002
Hungary,Potatoes,249942,201778.635,48163.36499999999
Hungary,"Rice, paddy",32342,32955.27,-613.2699999999968
Hungary,Sorghum,36059,20701.83,15357.169999999998
Hungary,Soybeans,23679,18989.1,4689.9000000000015
Hungary,Wheat,40719,38598.22,2120.779999999999
Hungary,Maize,37327,43184.915,-5857.915000000001
Hungary,Potatoes,221693,171578.14,50114.859999999986
Hungary,"Rice, paddy",37891,33531.34,4359.6600000000035
Hungary,Sorghum,21290,19549.785,1740.2150000000001
Hungary,Soybeans,16408,16942.33,-534.3300000000017
Hungary,Wheat,35875,37924.85,-2049.8499999999985
Hungary,Maize,74653,43366.405,31286.595
Hungary,Potatoes,269012,176332.555,92679.445
Hungary,"Rice, paddy",39404,33399.69,6004.309999999998
Hungary,Sorghum,37808,19715.32,18092.68
Hungary,Soybeans,26186,16922.09,9263.91
Hungary,Wheat,50024,38433.84,11590.160000000003
Hungary,Maize,63945,43643.5,20301.5
Hungary,Potatoes,251082,174561.69,76520.31
Hungary,"Rice, paddy",43223,33115.8,10107.199999999997
Hungary,Sorghum,27160,19646.73,7513.27
Hungary,Soybeans,23990,17089.96,6900.040000000001
Hungary,Wheat,38546,38257.255,288.7450000000026
Hungary,Maize,64745,46421.885,18323.114999999998
Hungary,Potatoes,217319,200099.205,17219.795000000013
Hungary,"Rice, paddy",29465,31926.315,-2461.3149999999987
Hungary,Sorghum,10263,20667.125,-10404.125
Hungary,Soybeans,22670,19226.885,3443.1150000000016
Hungary,Wheat,37038,38677.72,-1639.7200000000012
Hungary,Maize,64976,51342.13,13633.870000000003
Hungary,Potatoes,285714,199170.48,86543.51999999999
Hungary,"Rice, paddy",32411,32868.16,-457.1600000000035
Hungary,Sorghum,21952,20876.71,1075.2900000000009
Hungary,Soybeans,23155,17633.185,5521.814999999999
Hungary,Wheat,41994,40903.255,1090.7450000000026
Hungary,Maize,39979,48338.495,-8359.495000000003
Hungary,Potatoes,218385,184230.34,34154.66
Hungary,"Rice, paddy",38074,33055.515,5018.485000000001
Hungary,Sorghum,28081,20113.7,7967.299999999999
Hungary,Soybeans,16556,17527.46,-971.4599999999991
Hungary,Wheat,37485,41272.925,-3787.925000000003
Hungary,Maize,54373,47888.29,6484.709999999999
Hungary,Potatoes,232630,170788.885,61841.11499999999
Hungary,"Rice, paddy",32727,34853.175,-2126.175000000003
Hungary,Sorghum,27111,19656.755,7454.244999999999
Hungary,Soybeans,18597,17443.46,1153.5400000000009
Hungary,Wheat,46386,39978.865,6407.135000000002
India,Cassava,272746,266998.0,5748.0
India,Cassava,272746,266998.0,5748.0
India,Cassava,272746,266998.0,5748.0
India,Cassava,272746,266998.0,5748.0
India,Cassava,272746,266998.0,5748.0
India,Cassava,272746,266998.0,5748.0
India,Cassava,272746,266998.0,5748.0
India,Cassava,272746,266998.0,5748.0
India,Cassava,272746,266998.0,5748.0
India,Cassava,272746,266998.0,5748.0
India,Cassava,272746,266998.0,5748.0
India,Cassava,272746,266998.0,5748.0
India,Cassava,272746,266998.0,5748.0
India,Cassava,272746,266998.0,5748.0
India,Cassava,272746,266998.0,5748.0
India,Cassava,272746,266998.0,5748.0
India,Cassava,272746,266998.0,5748.0
India,Cassava,272746,266998.0,5748.0
India,Cassava,272746,266998.0,5748.0
India,Cassava,272746,266998.0,5748.0
India,Cassava,272746,266998.0,5748.0
India,Cassava,272746,266998.0,5748.0
India,Maize,16807,19996.0,-3189.0
India,Maize,16807,20741.27,-3934.2700000000004
India,Maize,16807,19996.0,-3189.0
India,Maize,16807,19996.0,-3189.0
India,Maize,16807,19996.0,-3189.0
India,Maize,16807,19996.0,-3189.0
India,Maize,16807,19996.0,-3189.0
India,Maize,16807,19996.0,-3189.0
India,Maize,16807,20669.155,-3862.154999999999
India,Maize,16807,19996.0,-3189.0
India,Maize,16807,20066.115,-3259.1150000000016
India,Maize,16807,19996.0,-3189.0
India,Maize,16807,19996.0,-3189.0
India,Maize,16807,19996.0,-3189.0
India,Maize,16807,19996.0,-3189.0
India,Maize,16807,19996.0,-3189.0
India,Maize,16807,19996.0,-3189.0
India,Maize,16807,20036.78,-3229.779999999999
India,Maize,16807,19996.0,-3189.0
India,Maize,16807,20249.485,-3442.4850000000006
India,Maize,16807,20249.485,-3442.4850000000006
India,Maize,16807,19996.0,-3189.0
India,Potatoes,194173,183627.0,10546.0
India,Potatoes,194173,182512.2,11660.799999999988
India,Potatoes,194173,183627.0,10546.0
India,Potatoes,194173,183587.425,10585.575000000012
India,Potatoes,194173,183627.0,10546.0
India,Potatoes,194173,183627.0,10546.0
India,Potatoes,194173,183627.0,10546.0
India,Potatoes,194173,183627.0,10546.0
India,Potatoes,194173,183139.43,11033.570000000007
India,Potatoes,194173,183627.0,10546.0
India,Potatoes,194173,183627.0,10546.0
India,Potatoes,194173,183627.0,10546.0
India,Potatoes,194173,183587.425,10585.575000000012
India,Potatoes,194173,183627.0,10546.0
India,Potatoes,194173,183627.0,10546.0
India,Potatoes,194173,183627.0,10546.0
India,Potatoes,194173,183627.0,10546.0
India,Potatoes,194173,183627.0,10546.0
India,Potatoes,194173,183587.425,10585.575000000012
India,Potatoes,194173,183641.08,10531.920000000013
India,Potatoes,194173,183641.08,10531.920000000013
India,Potatoes,194173,183627.0,10546.0
India,"Rice, paddy",26163,31158.0,-4995.0
India,"Rice, paddy",26163,31132.67,-4969.669999999998
India,"Rice, paddy",26163,31158.0,-4995.0
India,"Rice, paddy",26163,31158.0,-4995.0
India,"Rice, paddy",26163,31158.0,-4995.0
India,"Rice, paddy",26163,31158.0,-4995.0
India,"Rice, paddy",26163,31158.0,-4995.0
India,"Rice, paddy",26163,31158.0,-4995.0
India,"Rice, paddy",26163,31144.765,-4981.764999999999
India,"Rice, paddy",26163,31158.0,-4995.0
India,"Rice, paddy",26163,31158.0,-4995.0
India,"Rice, paddy",26163,31158.0,-4995.0
India,"Rice, paddy",26163,31158.0,-4995.0
India,"Rice, paddy",26163,31158.0,-4995.0
India,"Rice, paddy",26163,31158.0,-4995.0
India,"Rice, paddy",26163,31158.0,-4995.0
India,"Rice, paddy",26163,31158.0,-4995.0
India,"Rice, paddy",26163,31157.715,-4994.715
India,"Rice, paddy",26163,31158.0,-4995.0
India,"Rice, paddy",26163,31156.86,-4993.860000000001
India,"Rice, paddy",26163,31156.86,-4993.860000000001
India,"Rice, paddy",26163,31158.0,-4995.0
India,Sorghum,7602,7715.0,-113.0
India,Sorghum,7602,7707.295,-105.29500000000007
India,Sorghum,7602,7715.0,-113.0
India,Sorghum,7602,7701.52,-99.52000000000044
India,Sorghum,7602,7715.0,-113.0
India,Sorghum,7602,7715.0,-113.0
India,Sorghum,7602,7715.0,-113.0
India,Sorghum,7602,7715.0,-113.0
India,Sorghum,7602,7707.295,-105.29500000000007
India,Sorghum,7602,7715.0,-113.0
India,Sorghum,7602,7715.0,-113.0
India,Sorghum,7602,7715.0,-113.0
India,Sorghum,7602,7701.52,-99.52000000000044
India,Sorghum,7602,7715.0,-113.0
India,Sorghum,7602,7715.0,-113.0
India,Sorghum,7602,7715.0,-113.0
India,Sorghum,7602,7715.0,-113.0
India,Sorghum,7602,7707.675,-105.67500000000018
India,Sorghum,7602,7721.165,-119.16499999999996
India,Sorghum,7602,7707.295,-105.29500000000007
India,Sorghum,7602,7707.295,-105.29500000000007
India,Sorghum,7602,7715.0,-113.0
India,Soybeans,7624,9401.44,-1777.4400000000005
India,Soybeans,7624,9436.085,-1812.0849999999991
India,Soybeans,7624,9400.0,-1776.0
India,Soybeans,7624,9400.0,-1776.0
India,Soybeans,7624,9400.0,-1776.0
India,Soybeans,7624,9401.44,-1777.4400000000005
India,Soybeans,7624,9401.44,-1777.4400000000005
India,Soybeans,7624,9401.44,-1777.4400000000005
India,Soybeans,7624,9436.085,-1812.0849999999991
India,Soybeans,7624,9400.0,-1776.0
India,Soybeans,7624,9400.0,-1776.0
India,Soybeans,7624,9400.0,-1776.0
India,Soybeans,7624,9400.0,-1776.0
India,Soybeans,7624,9401.44,-1777.4400000000005
India,Soybeans,7624,9401.44,-1777.4400000000005
India,Soybeans,7624,9400.0,-1776.0
India,Soybeans,7624,9400.0,-1776.0
India,Soybeans,7624,9400.0,-1776.0
India,Soybeans,7624,9400.0,-1776.0
India,Soybeans,7624,9422.285,-1798.2849999999999
India,Soybeans,7624,9422.285,-1798.2849999999999
India,Soybeans,7624,9399.375,-1775.375
India,Sweet potatoes,85694,88368.0,-2674.0
India,Sweet potatoes,85694,88368.0,-2674.0
India,Sweet potatoes,85694,88368.0,-2674.0
India,Sweet potatoes,85694,88368.0,-2674.0
India,Sweet potatoes,85694,88368.0,-2674.0
India,Sweet potatoes,85694,88368.0,-2674.0
India,Sweet potatoes,85694,88368.0,-2674.0
India,Sweet potatoes,85694,88368.0,-2674.0
India,Sweet potatoes,85694,88368.0,-2674.0
India,Sweet potatoes,85694,88368.0,-2674.0
India,Sweet potatoes,85694,88368.0,-2674.0
India,Sweet potatoes,85694,88368.0,-2674.0
India,Sweet potatoes,85694,88368.0,-2674.0
India,Sweet potatoes,85694,88368.0,-2674.0
India,Sweet potatoes,85694,88368.0,-2674.0
India,Sweet potatoes,85694,88368.0,-2674.0
India,Sweet potatoes,85694,88368.0,-2674.0
India,Sweet potatoes,85694,88368.0,-2674.0
India,Sweet potatoes,85694,88368.0,-2674.0
India,Sweet potatoes,85694,88368.0,-2674.0
India,Sweet potatoes,85694,88368.0,-2674.0
India,Sweet potatoes,85694,88368.0,-2674.0
India,Wheat,27621,27081.0,540.0
India,Wheat,27621,26885.93,735.0699999999997
India,Wheat,27621,27081.0,540.0
India,Wheat,27621,27081.0,540.0
India,Wheat,27621,27081.0,540.0
India,Wheat,27621,27081.0,540.0
India,Wheat,27621,27081.0,540.0
India,Wheat,27621,27081.0,540.0
India,Wheat,27621,26939.54,681.4599999999991
India,Wheat,27621,27081.0,540.0
India,Wheat,27621,27115.69,505.3100000000013
India,Wheat,27621,27081.0,540.0
India,Wheat,27621,27081.0,540.0
India,Wheat,27621,27081.0,540.0
India,Wheat,27621,27081.0,540.0
India,Wheat,27621,27081.0,540.0
India,Wheat,27621,27081.0,540.0
India,Wheat,27621,27081.0,540.0
India,Wheat,27621,27081.0,540.0
India,Wheat,27621,27084.52,536.4799999999996
India,Wheat,27621,27084.52,536.4799999999996
India,Wheat,27621,27081.0,540.0
India,Cassava,270436,266998.0,3438.0
India,Cassava,270436,266998.0,3438.0
India,Cassava,270436,266998.0,3438.0
India,Cassava,270436,266998.0,3438.0
India,Cassava,270436,266998.0,3438.0
India,Cassava,270436,266998.0,3438.0
India,Cassava,270436,266998.0,3438.0
India,Cassava,270436,266998.0,3438.0
India,Cassava,270436,266998.0,3438.0
India,Cassava,270436,266998.0,3438.0
India,Cassava,270436,266998.0,3438.0
India,Cassava,270436,266998.0,3438.0
India,Cassava,270436,266998.0,3438.0
India,Cassava,270436,266998.0,3438.0
India,Cassava,270436,266998.0,3438.0
India,Cassava,270436,266998.0,3438.0
India,Cassava,270436,266998.0,3438.0
India,Cassava,270436,266998.0,3438.0
India,Cassava,270436,266998.0,3438.0
India,Cassava,270436,266998.0,3438.0
India,Cassava,270436,266998.0,3438.0
India,Cassava,270436,266998.0,3438.0
India,Maize,19073,20859.81,-1786.8100000000013
India,Maize,19073,21502.14,-2429.1399999999994
India,Maize,19073,20859.81,-1786.8100000000013
India,Maize,19073,20881.685,-1808.6850000000013
India,Maize,19073,20859.81,-1786.8100000000013
India,Maize,19073,20859.81,-1786.8100000000013
India,Maize,19073,20859.81,-1786.8100000000013
India,Maize,19073,20859.81,-1786.8100000000013
India,Maize,19073,21266.085,-2193.084999999999
India,Maize,19073,20859.81,-1786.8100000000013
India,Maize,19073,20859.81,-1786.8100000000013
India,Maize,19073,20859.81,-1786.8100000000013
India,Maize,19073,20881.685,-1808.6850000000013
India,Maize,19073,20859.81,-1786.8100000000013
India,Maize,19073,20859.81,-1786.8100000000013
India,Maize,19073,20859.81,-1786.8100000000013
India,Maize,19073,20859.81,-1786.8100000000013
India,Maize,19073,20918.375,-1845.375
India,Maize,19073,20881.685,-1808.6850000000013
India,Maize,19073,21179.465,-2106.465
India,Maize,19073,21179.465,-2106.465
India,Maize,19073,20859.81,-1786.8100000000013
India,Potatoes,188091,179867.235,8223.765000000014
India,Potatoes,188091,178897.925,9193.075000000012
India,Potatoes,188091,179867.235,8223.765000000014
India,Potatoes,188091,179827.66,8263.339999999997
India,Potatoes,188091,179827.66,8263.339999999997
India,Potatoes,188091,179867.235,8223.765000000014
India,Potatoes,188091,179867.235,8223.765000000014
India,Potatoes,188091,179867.235,8223.765000000014
India,Potatoes,188091,179867.235,8223.765000000014
India,Potatoes,188091,179867.235,8223.765000000014
India,Potatoes,188091,179867.235,8223.765000000014
India,Potatoes,188091,179867.235,8223.765000000014
India,Potatoes,188091,179827.66,8263.339999999997
India,Potatoes,188091,179867.235,8223.765000000014
India,Potatoes,188091,179867.235,8223.765000000014
India,Potatoes,188091,179867.235,8223.765000000014
India,Potatoes,188091,179867.235,8223.765000000014
India,Potatoes,188091,179867.235,8223.765000000014
India,Potatoes,188091,179867.235,8223.765000000014
India,Potatoes,188091,179689.805,8401.195000000007
India,Potatoes,188091,179689.805,8401.195000000007
India,Potatoes,188091,179867.235,8223.765000000014
India,"Rice, paddy",29756,40368.15,-10612.150000000001
India,"Rice, paddy",29756,39769.805,-10013.805
India,"Rice, paddy",29756,40329.15,-10573.150000000001
India,"Rice, paddy",29756,40758.86,-11002.86
India,"Rice, paddy",29756,40720.73,-10964.730000000003
India,"Rice, paddy",29756,40329.15,-10573.150000000001
India,"Rice, paddy",29756,40329.15,-10573.150000000001
India,"Rice, paddy",29756,40277.355,-10521.355000000003
India,"Rice, paddy",29756,40053.375,-10297.375
India,"Rice, paddy",29756,40778.64,-11022.64
India,"Rice, paddy",29756,40277.355,-10521.355000000003
India,"Rice, paddy",29756,40770.505,-11014.504999999997
India,"Rice, paddy",29756,40758.86,-11002.86
India,"Rice, paddy",29756,42127.09,-12371.089999999997
India,"Rice, paddy",29756,40329.15,-10573.150000000001
India,"Rice, paddy",29756,40770.505,-11014.504999999997
India,"Rice, paddy",29756,40720.73,-10964.730000000003
India,"Rice, paddy",29756,40025.855,-10269.855000000003
India,"Rice, paddy",29756,40758.86,-11002.86
India,"Rice, paddy",29756,40018.91,-10262.910000000003
India,"Rice, paddy",29756,40018.91,-10262.910000000003
India,"Rice, paddy",29756,40778.64,-11022.64
India,Sorghum,7161,7699.64,-538.6400000000003
India,Sorghum,7161,7691.935,-530.9350000000004
India,Sorghum,7161,7699.64,-538.6400000000003
India,Sorghum,7161,7714.135,-553.1350000000002
India,Sorghum,7161,7705.805,-544.8050000000003
India,Sorghum,7161,7699.64,-538.6400000000003
India,Sorghum,7161,7699.64,-538.6400000000003
India,Sorghum,7161,7699.64,-538.6400000000003
India,Sorghum,7161,7691.935,-530.9350000000004
India,Sorghum,7161,7699.64,-538.6400000000003
India,Sorghum,7161,7699.64,-538.6400000000003
India,Sorghum,7161,7699.64,-538.6400000000003
India,Sorghum,7161,7714.135,-553.1350000000002
India,Sorghum,7161,7699.64,-538.6400000000003
India,Sorghum,7161,7699.64,-538.6400000000003
India,Sorghum,7161,7699.64,-538.6400000000003
India,Sorghum,7161,7695.9,-534.8999999999996
India,Sorghum,7161,7692.315,-531.3149999999996
India,Sorghum,7161,7691.3,-530.3000000000002
India,Sorghum,7161,7691.935,-530.9350000000004
India,Sorghum,7161,7691.935,-530.9350000000004
India,Sorghum,7161,7703.325,-542.3249999999998
India,Soybeans,9082,10099.1,-1017.1000000000004
India,Soybeans,9082,10174.52,-1092.5200000000004
India,Soybeans,9082,10099.1,-1017.1000000000004
India,Soybeans,9082,10059.715,-977.7150000000001
India,Soybeans,9082,10059.715,-977.7150000000001
India,Soybeans,9082,10099.1,-1017.1000000000004
India,Soybeans,9082,10099.1,-1017.1000000000004
India,Soybeans,9082,10099.025,-1017.0249999999996
India,Soybeans,9082,10126.765,-1044.7649999999994
India,Soybeans,9082,10099.1,-1017.1000000000004
India,Soybeans,9082,10099.025,-1017.0249999999996
India,Soybeans,9082,10099.1,-1017.1000000000004
India,Soybeans,9082,10059.715,-977.7150000000001
India,Soybeans,9082,10096.96,-1014.9599999999991
India,Soybeans,9082,10099.1,-1017.1000000000004
India,Soybeans,9082,10099.1,-1017.1000000000004
India,Soybeans,9082,10059.715,-977.7150000000001
India,Soybeans,9082,10126.765,-1044.7649999999994
India,Soybeans,9082,10059.715,-977.7150000000001
India,Soybeans,9082,10160.01,-1078.0100000000002
India,Soybeans,9082,10160.01,-1078.0100000000002
India,Soybeans,9082,10099.1,-1017.1000000000004
India,Sweet potatoes,88588,87965.19,622.8099999999977
India,Sweet potatoes,88588,87992.585,595.4149999999936
India,Sweet potatoes,88588,87965.19,622.8099999999977
India,Sweet potatoes,88588,87965.19,622.8099999999977
India,Sweet potatoes,88588,87965.19,622.8099999999977
India,Sweet potatoes,88588,87965.19,622.8099999999977
India,Sweet potatoes,88588,87965.19,622.8099999999977
India,Sweet potatoes,88588,87992.585,595.4149999999936
India,Sweet potatoes,88588,87992.585,595.4149999999936
India,Sweet potatoes,88588,87965.19,622.8099999999977
India,Sweet potatoes,88588,87992.585,595.4149999999936
India,Sweet potatoes,88588,87965.19,622.8099999999977
India,Sweet potatoes,88588,87965.19,622.8099999999977
India,Sweet potatoes,88588,88001.49,586.5099999999948
India,Sweet potatoes,88588,87965.19,622.8099999999977
India,Sweet potatoes,88588,87965.19,622.8099999999977
India,Sweet potatoes,88588,87965.19,622.8099999999977
India,Sweet potatoes,88588,87992.585,595.4149999999936
India,Sweet potatoes,88588,87965.19,622.8099999999977
India,Sweet potatoes,88588,87992.585,595.4149999999936
India,Sweet potatoes,88588,87992.585,595.4149999999936
India,Sweet potatoes,88588,87965.19,622.8099999999977
India,Wheat,27132,26385.46,746.5400000000009
India,Wheat,27132,26390.97,741.0299999999988
India,Wheat,27132,26385.46,746.5400000000009
India,Wheat,27132,26385.46,746.5400000000009
India,Wheat,27132,26385.46,746.5400000000009
India,Wheat,27132,26385.46,746.5400000000009
India,Wheat,27132,26385.46,746.5400000000009
India,Wheat,27132,26385.46,746.5400000000009
India,Wheat,27132,26402.71,729.2900000000009
India,Wheat,27132,26385.46,746.5400000000009
India,Wheat,27132,26385.46,746.5400000000009
India,Wheat,27132,26385.46,746.5400000000009
India,Wheat,27132,26385.46,746.5400000000009
India,Wheat,27132,26385.46,746.5400000000009
India,Wheat,27132,26385.46,746.5400000000009
India,Wheat,27132,26385.46,746.5400000000009
India,Wheat,27132,26385.46,746.5400000000009
India,Wheat,27132,26399.19,732.8100000000013
India,Wheat,27132,26385.46,746.5400000000009
India,Wheat,27132,26402.71,729.2900000000009
India,Wheat,27132,26402.71,729.2900000000009
India,Wheat,27132,26385.46,746.5400000000009
India,Cassava,304978,266998.0,37980.0
India,Cassava,304978,266998.0,37980.0
India,Cassava,304978,266998.0,37980.0
India,Cassava,304978,266998.0,37980.0
India,Cassava,304978,266998.0,37980.0
India,Cassava,304978,266998.0,37980.0
India,Cassava,304978,266998.0,37980.0
India,Cassava,304978,266998.0,37980.0
India,Cassava,304978,266998.0,37980.0
India,Cassava,304978,266998.0,37980.0
India,Cassava,304978,266998.0,37980.0
India,Cassava,304978,266998.0,37980.0
India,Cassava,304978,266998.0,37980.0
India,Cassava,304978,266998.0,37980.0
India,Cassava,304978,266998.0,37980.0
India,Cassava,304978,266998.0,37980.0
India,Cassava,304978,266998.0,37980.0
India,Cassava,304978,266998.0,37980.0
India,Cassava,304978,266998.0,37980.0
India,Cassava,304978,266998.0,37980.0
India,Cassava,304978,266998.0,37980.0
India,Cassava,304978,266998.0,37980.0
India,Maize,19385,20772.31,-1387.3100000000013
India,Maize,19385,20772.31,-1387.3100000000013
India,Maize,19385,20772.31,-1387.3100000000013
India,Maize,19385,20794.185,-1409.1850000000013
India,Maize,19385,20772.31,-1387.3100000000013
India,Maize,19385,20772.31,-1387.3100000000013
India,Maize,19385,20772.31,-1387.3100000000013
India,Maize,19385,20772.31,-1387.3100000000013
India,Maize,19385,21144.73,-1759.7299999999996
India,Maize,19385,20772.31,-1387.3100000000013
India,Maize,19385,20772.31,-1387.3100000000013
India,Maize,19385,20772.31,-1387.3100000000013
India,Maize,19385,20794.185,-1409.1850000000013
India,Maize,19385,20772.31,-1387.3100000000013
India,Maize,19385,20772.31,-1387.3100000000013
India,Maize,19385,20772.31,-1387.3100000000013
India,Maize,19385,20772.31,-1387.3100000000013
India,Maize,19385,20772.31,-1387.3100000000013
India,Maize,19385,20772.31,-1387.3100000000013
India,Maize,19385,20772.31,-1387.3100000000013
India,Maize,19385,20772.31,-1387.3100000000013
India,Maize,19385,20772.31,-1387.3100000000013
India,Potatoes,188908,179867.235,9040.765000000014
India,Potatoes,188908,179867.235,9040.765000000014
India,Potatoes,188908,179867.235,9040.765000000014
India,Potatoes,188908,179196.75,9711.25
India,Potatoes,188908,179867.235,9040.765000000014
India,Potatoes,188908,179867.235,9040.765000000014
India,Potatoes,188908,179867.235,9040.765000000014
India,Potatoes,188908,179867.235,9040.765000000014
India,Potatoes,188908,179448.935,9459.065000000002
India,Potatoes,188908,179867.235,9040.765000000014
India,Potatoes,188908,179867.235,9040.765000000014
India,Potatoes,188908,179867.235,9040.765000000014
India,Potatoes,188908,179196.75,9711.25
India,Potatoes,188908,179867.235,9040.765000000014
India,Potatoes,188908,179867.235,9040.765000000014
India,Potatoes,188908,179867.235,9040.765000000014
India,Potatoes,188908,179827.66,9080.339999999997
India,Potatoes,188908,179867.235,9040.765000000014
India,Potatoes,188908,179827.66,9080.339999999997
India,Potatoes,188908,179867.235,9040.765000000014
India,Potatoes,188908,179867.235,9040.765000000014
India,Potatoes,188908,179867.235,9040.765000000014
India,"Rice, paddy",31537,40871.555,-9334.555
India,"Rice, paddy",31537,40570.52,-9033.519999999997
India,"Rice, paddy",31537,40328.11,-8791.11
India,"Rice, paddy",31537,40771.52,-9234.519999999997
India,"Rice, paddy",31537,40770.505,-9233.504999999997
India,"Rice, paddy",31537,40871.555,-9334.555
India,"Rice, paddy",31537,40765.985,-9228.985
India,"Rice, paddy",31537,40513.19,-8976.190000000002
India,"Rice, paddy",31537,39784.91,-8247.910000000003
India,"Rice, paddy",31537,40720.73,-9183.730000000003
India,"Rice, paddy",31537,40871.555,-9334.555
India,"Rice, paddy",31537,40770.505,-9233.504999999997
India,"Rice, paddy",31537,40771.52,-9234.519999999997
India,"Rice, paddy",31537,40329.15,-8792.150000000001
India,"Rice, paddy",31537,40765.985,-9228.985
India,"Rice, paddy",31537,40368.15,-8831.150000000001
India,"Rice, paddy",31537,40739.445,-9202.445
India,"Rice, paddy",31537,42818.875,-11281.875
India,"Rice, paddy",31537,40739.445,-9202.445
India,"Rice, paddy",31537,40513.19,-8976.190000000002
India,"Rice, paddy",31537,40513.19,-8976.190000000002
India,"Rice, paddy",31537,40328.11,-8791.11
India,Sorghum,7968,7699.64,268.3599999999997
India,Sorghum,7968,7699.64,268.3599999999997
India,Sorghum,7968,7699.64,268.3599999999997
India,Sorghum,7968,7667.635,300.3649999999998
India,Sorghum,7968,7695.9,272.10000000000036
India,Sorghum,7968,7699.64,268.3599999999997
India,Sorghum,7968,7699.64,268.3599999999997
India,Sorghum,7968,7699.64,268.3599999999997
India,Sorghum,7968,7691.935,276.0649999999996
India,Sorghum,7968,7688.42,279.5799999999999
India,Sorghum,7968,7699.64,268.3599999999997
India,Sorghum,7968,7699.64,268.3599999999997
India,Sorghum,7968,7667.635,300.3649999999998
India,Sorghum,7968,7699.64,268.3599999999997
India,Sorghum,7968,7699.64,268.3599999999997
India,Sorghum,7968,7699.64,268.3599999999997
India,Sorghum,7968,7705.805,262.1949999999997
India,Sorghum,7968,7699.64,268.3599999999997
India,Sorghum,7968,7705.805,262.1949999999997
India,Sorghum,7968,7699.64,268.3599999999997
India,Sorghum,7968,7699.64,268.3599999999997
India,Sorghum,7968,7699.64,268.3599999999997
India,Soybeans,10734,10099.1,634.8999999999996
India,Soybeans,10734,10112.175,621.8250000000007
India,Soybeans,10734,10099.1,634.8999999999996
India,Soybeans,10734,10104.81,629.1900000000005
India,Soybeans,10734,10099.1,634.8999999999996
India,Soybeans,10734,10099.1,634.8999999999996
India,Soybeans,10734,10099.1,634.8999999999996
India,Soybeans,10734,10099.025,634.9750000000004
India,Soybeans,10734,10199.705,534.2950000000001
India,Soybeans,10734,10059.715,674.2849999999999
India,Soybeans,10734,10099.1,634.8999999999996
India,Soybeans,10734,10099.1,634.8999999999996
India,Soybeans,10734,10104.81,629.1900000000005
India,Soybeans,10734,10099.1,634.8999999999996
India,Soybeans,10734,10099.1,634.8999999999996
India,Soybeans,10734,10099.1,634.8999999999996
India,Soybeans,10734,10059.715,674.2849999999999
India,Soybeans,10734,10096.96,637.0400000000009
India,Soybeans,10734,10059.715,674.2849999999999
India,Soybeans,10734,10099.025,634.9750000000004
India,Soybeans,10734,10099.025,634.9750000000004
India,Soybeans,10734,10099.1,634.8999999999996
India,Sweet potatoes,88477,88475.015,1.985000000000582
India,Sweet potatoes,88477,88475.015,1.985000000000582
India,Sweet potatoes,88477,88475.015,1.985000000000582
India,Sweet potatoes,88477,88359.87,117.13000000000466
India,Sweet potatoes,88477,88475.015,1.985000000000582
India,Sweet potatoes,88477,88475.015,1.985000000000582
India,Sweet potatoes,88477,88475.015,1.985000000000582
India,Sweet potatoes,88477,88475.015,1.985000000000582
India,Sweet potatoes,88477,88475.015,1.985000000000582
India,Sweet potatoes,88477,88475.015,1.985000000000582
India,Sweet potatoes,88477,88475.015,1.985000000000582
India,Sweet potatoes,88477,88475.015,1.985000000000582
India,Sweet potatoes,88477,88359.87,117.13000000000466
India,Sweet potatoes,88477,88475.015,1.985000000000582
India,Sweet potatoes,88477,88475.015,1.985000000000582
India,Sweet potatoes,88477,88475.015,1.985000000000582
India,Sweet potatoes,88477,88475.015,1.985000000000582
India,Sweet potatoes,88477,88475.015,1.985000000000582
India,Sweet potatoes,88477,88475.015,1.985000000000582
India,Sweet potatoes,88477,88475.015,1.985000000000582
India,Sweet potatoes,88477,88475.015,1.985000000000582
India,Sweet potatoes,88477,88475.015,1.985000000000582
India,Wheat,26016,26406.055,-390.0550000000003
India,Wheat,26016,26406.055,-390.0550000000003
India,Wheat,26016,26406.055,-390.0550000000003
India,Wheat,26016,26406.055,-390.0550000000003
India,Wheat,26016,26406.055,-390.0550000000003
India,Wheat,26016,26406.055,-390.0550000000003
India,Wheat,26016,26406.055,-390.0550000000003
India,Wheat,26016,26406.055,-390.0550000000003
India,Wheat,26016,26409.575,-393.5750000000007
India,Wheat,26016,26406.055,-390.0550000000003
India,Wheat,26016,26406.055,-390.0550000000003
India,Wheat,26016,26406.055,-390.0550000000003
India,Wheat,26016,26406.055,-390.0550000000003
India,Wheat,26016,26406.055,-390.0550000000003
India,Wheat,26016,26406.055,-390.0550000000003
India,Wheat,26016,26406.055,-390.0550000000003
India,Wheat,26016,26406.055,-390.0550000000003
India,Wheat,26016,26406.055,-390.0550000000003
India,Wheat,26016,26406.055,-390.0550000000003
India,Wheat,26016,26406.055,-390.0550000000003
India,Wheat,26016,26406.055,-390.0550000000003
India,Wheat,26016,26406.055,-390.0550000000003
India,Cassava,321132,266998.0,54134.0
India,Cassava,321132,266998.0,54134.0
India,Cassava,321132,266998.0,54134.0
India,Cassava,321132,266998.0,54134.0
India,Cassava,321132,266998.0,54134.0
India,Cassava,321132,266998.0,54134.0
India,Cassava,321132,266998.0,54134.0
India,Cassava,321132,266998.0,54134.0
India,Cassava,321132,266998.0,54134.0
India,Cassava,321132,266998.0,54134.0
India,Cassava,321132,266998.0,54134.0
India,Cassava,321132,266998.0,54134.0
India,Cassava,321132,266998.0,54134.0
India,Cassava,321132,266998.0,54134.0
India,Cassava,321132,266998.0,54134.0
India,Cassava,321132,266998.0,54134.0
India,Cassava,321132,266998.0,54134.0
India,Cassava,321132,266998.0,54134.0
India,Cassava,321132,266998.0,54134.0
India,Cassava,321132,266998.0,54134.0
India,Cassava,321132,266998.0,54134.0
India,Cassava,321132,266998.0,54134.0
India,Maize,19125,20601.165,-1476.1650000000009
India,Maize,19125,20939.215,-1814.2150000000001
India,Maize,19125,20601.165,-1476.1650000000009
India,Maize,19125,20623.04,-1498.0400000000009
India,Maize,19125,20601.165,-1476.1650000000009
India,Maize,19125,20601.165,-1476.1650000000009
India,Maize,19125,20601.165,-1476.1650000000009
India,Maize,19125,20601.165,-1476.1650000000009
India,Maize,19125,20964.57,-1839.5699999999997
India,Maize,19125,20601.165,-1476.1650000000009
India,Maize,19125,20601.165,-1476.1650000000009
India,Maize,19125,20601.165,-1476.1650000000009
India,Maize,19125,20623.04,-1498.0400000000009
India,Maize,19125,20601.165,-1476.1650000000009
India,Maize,19125,20601.165,-1476.1650000000009
India,Maize,19125,20601.165,-1476.1650000000009
India,Maize,19125,20601.165,-1476.1650000000009
India,Maize,19125,20601.165,-1476.1650000000009
India,Maize,19125,20601.165,-1476.1650000000009
India,Maize,19125,20703.48,-1578.4799999999996
India,Maize,19125,20703.48,-1578.4799999999996
India,Maize,19125,20601.165,-1476.1650000000009
India,Potatoes,185920,184105.425,1814.5750000000116
India,Potatoes,185920,184119.505,1800.4949999999953
India,Potatoes,185920,184105.425,1814.5750000000116
India,Potatoes,185920,184105.425,1814.5750000000116
India,Potatoes,185920,184105.425,1814.5750000000116
India,Potatoes,185920,184105.425,1814.5750000000116
India,Potatoes,185920,184105.425,1814.5750000000116
India,Potatoes,185920,184105.425,1814.5750000000116
India,Potatoes,185920,184060.435,1859.5650000000023
India,Potatoes,185920,184105.425,1814.5750000000116
India,Potatoes,185920,184105.425,1814.5750000000116
India,Potatoes,185920,184105.425,1814.5750000000116
India,Potatoes,185920,184105.425,1814.5750000000116
India,Potatoes,185920,184105.425,1814.5750000000116
India,Potatoes,185920,184105.425,1814.5750000000116
India,Potatoes,185920,184105.425,1814.5750000000116
India,Potatoes,185920,184105.425,1814.5750000000116
India,Potatoes,185920,184105.425,1814.5750000000116
India,Potatoes,185920,184065.85,1854.1499999999942
India,Potatoes,185920,184105.425,1814.5750000000116
India,Potatoes,185920,184105.425,1814.5750000000116
India,Potatoes,185920,184105.425,1814.5750000000116
India,"Rice, paddy",31759,35474.07,-3715.0699999999997
India,"Rice, paddy",31759,35342.41,-3583.4100000000035
India,"Rice, paddy",31759,36167.63,-4408.629999999997
India,"Rice, paddy",31759,35704.36,-3945.3600000000006
India,"Rice, paddy",31759,35666.23,-3907.230000000003
India,"Rice, paddy",31759,35654.27,-3895.269999999997
India,"Rice, paddy",31759,35598.435,-3839.4349999999977
India,"Rice, paddy",31759,35530.07,-3771.0699999999997
India,"Rice, paddy",31759,35366.27,-3607.269999999997
India,"Rice, paddy",31759,35753.715,-3994.7149999999965
India,"Rice, paddy",31759,36025.54,-4266.540000000001
India,"Rice, paddy",31759,35753.715,-3994.7149999999965
India,"Rice, paddy",31759,35704.36,-3945.3600000000006
India,"Rice, paddy",31759,35598.435,-3839.4349999999977
India,"Rice, paddy",31759,35598.435,-3839.4349999999977
India,"Rice, paddy",31759,35559.765,-3800.7649999999994
India,"Rice, paddy",31759,35666.23,-3907.230000000003
India,"Rice, paddy",31759,35592.48,-3833.480000000003
India,"Rice, paddy",31759,35704.36,-3945.3600000000006
India,"Rice, paddy",31759,35377.445,-3618.4449999999997
India,"Rice, paddy",31759,35377.445,-3618.4449999999997
India,"Rice, paddy",31759,35474.07,-3715.0699999999997
India,Sorghum,8803,7715.0,1088.0
India,Sorghum,8803,7707.295,1095.705
India,Sorghum,8803,7715.0,1088.0
India,Sorghum,8803,7702.685,1100.3149999999996
India,Sorghum,8803,7703.78,1099.2200000000003
India,Sorghum,8803,7715.0,1088.0
India,Sorghum,8803,7715.0,1088.0
India,Sorghum,8803,7715.0,1088.0
India,Sorghum,8803,7707.295,1095.705
India,Sorghum,8803,7715.0,1088.0
India,Sorghum,8803,7715.0,1088.0
India,Sorghum,8803,7715.0,1088.0
India,Sorghum,8803,7702.685,1100.3149999999996
India,Sorghum,8803,7715.0,1088.0
India,Sorghum,8803,7715.0,1088.0
India,Sorghum,8803,7715.0,1088.0
India,Sorghum,8803,7711.26,1091.7399999999998
India,Sorghum,8803,7715.0,1088.0
India,Sorghum,8803,7712.95,1090.0500000000002
India,Sorghum,8803,7707.675,1095.3249999999998
India,Sorghum,8803,7707.675,1095.3249999999998
India,Sorghum,8803,7715.0,1088.0
India,Soybeans,10628,9453.75,1174.25
India,Soybeans,10628,9468.03,1159.9699999999993
India,Soybeans,10628,9453.125,1174.875
India,Soybeans,10628,9453.75,1174.25
India,Soybeans,10628,9453.75,1174.25
India,Soybeans,10628,9453.75,1174.25
India,Soybeans,10628,9453.75,1174.25
India,Soybeans,10628,9453.75,1174.25
India,Soybeans,10628,9504.425,1123.5750000000007
India,Soybeans,10628,9453.75,1174.25
India,Soybeans,10628,9453.125,1174.875
India,Soybeans,10628,9453.75,1174.25
India,Soybeans,10628,9453.75,1174.25
India,Soybeans,10628,9453.75,1174.25
India,Soybeans,10628,9453.75,1174.25
India,Soybeans,10628,9453.75,1174.25
India,Soybeans,10628,9453.75,1174.25
India,Soybeans,10628,9453.75,1174.25
India,Soybeans,10628,9453.75,1174.25
India,Soybeans,10628,9453.75,1174.25
India,Soybeans,10628,9453.75,1174.25
India,Soybeans,10628,9453.75,1174.25
India,Sweet potatoes,86849,88368.0,-1519.0
India,Sweet potatoes,86849,88368.0,-1519.0
India,Sweet potatoes,86849,88368.0,-1519.0
India,Sweet potatoes,86849,88368.0,-1519.0
India,Sweet potatoes,86849,88368.0,-1519.0
India,Sweet potatoes,86849,88368.0,-1519.0
India,Sweet potatoes,86849,88368.0,-1519.0
India,Sweet potatoes,86849,88368.0,-1519.0
India,Sweet potatoes,86849,88368.0,-1519.0
India,Sweet potatoes,86849,88368.0,-1519.0
India,Sweet potatoes,86849,88368.0,-1519.0
India,Sweet potatoes,86849,88368.0,-1519.0
India,Sweet potatoes,86849,88368.0,-1519.0
India,Sweet potatoes,86849,88368.0,-1519.0
India,Sweet potatoes,86849,88368.0,-1519.0
India,Sweet potatoes,86849,88368.0,-1519.0
India,Sweet potatoes,86849,88368.0,-1519.0
India,Sweet potatoes,86849,88368.0,-1519.0
India,Sweet potatoes,86849,88368.0,-1519.0
India,Sweet potatoes,86849,88368.0,-1519.0
India,Sweet potatoes,86849,88368.0,-1519.0
India,Sweet potatoes,86849,88368.0,-1519.0
India,Wheat,26188,27132.22,-944.2200000000012
India,Wheat,26188,27135.74,-947.7400000000016
India,Wheat,26188,27132.22,-944.2200000000012
India,Wheat,26188,27132.22,-944.2200000000012
India,Wheat,26188,27132.22,-944.2200000000012
India,Wheat,26188,27132.22,-944.2200000000012
India,Wheat,26188,27132.22,-944.2200000000012
India,Wheat,26188,27132.22,-944.2200000000012
India,Wheat,26188,27135.74,-947.7400000000016
India,Wheat,26188,27132.22,-944.2200000000012
India,Wheat,26188,27132.22,-944.2200000000012
India,Wheat,26188,27132.22,-944.2200000000012
India,Wheat,26188,27132.22,-944.2200000000012
India,Wheat,26188,27132.22,-944.2200000000012
India,Wheat,26188,27132.22,-944.2200000000012
India,Wheat,26188,27132.22,-944.2200000000012
India,Wheat,26188,27132.22,-944.2200000000012
India,Wheat,26188,27132.22,-944.2200000000012
India,Wheat,26188,27132.22,-944.2200000000012
India,Wheat,26188,27132.22,-944.2200000000012
India,Wheat,26188,27132.22,-944.2200000000012
India,Wheat,26188,27132.22,-944.2200000000012
India,Cassava,322204,266998.0,55206.0
India,Cassava,322204,266998.0,55206.0
India,Cassava,322204,266998.0,55206.0
India,Cassava,322204,266998.0,55206.0
India,Cassava,322204,266998.0,55206.0
India,Cassava,322204,266998.0,55206.0
India,Cassava,322204,266998.0,55206.0
India,Cassava,322204,266998.0,55206.0
India,Cassava,322204,266998.0,55206.0
India,Cassava,322204,266998.0,55206.0
India,Cassava,322204,266998.0,55206.0
India,Cassava,322204,266998.0,55206.0
India,Cassava,322204,266998.0,55206.0
India,Cassava,322204,266998.0,55206.0
India,Cassava,322204,266998.0,55206.0
India,Cassava,322204,266998.0,55206.0
India,Cassava,322204,266998.0,55206.0
India,Cassava,322204,266998.0,55206.0
India,Cassava,322204,266998.0,55206.0
India,Cassava,322204,266998.0,55206.0
India,Cassava,322204,266998.0,55206.0
India,Cassava,322204,266998.0,55206.0
India,Maize,23352,22016.05,1335.9500000000007
India,Maize,23352,22464.485,887.5149999999994
India,Maize,23352,22016.05,1335.9500000000007
India,Maize,23352,22037.925,1314.0750000000007
India,Maize,23352,22016.05,1335.9500000000007
India,Maize,23352,22016.05,1335.9500000000007
India,Maize,23352,22016.05,1335.9500000000007
India,Maize,23352,22016.05,1335.9500000000007
India,Maize,23352,22498.855,853.1450000000004
India,Maize,23352,22016.05,1335.9500000000007
India,Maize,23352,22016.05,1335.9500000000007
India,Maize,23352,22016.05,1335.9500000000007
India,Maize,23352,22037.925,1314.0750000000007
India,Maize,23352,22016.05,1335.9500000000007
India,Maize,23352,22016.05,1335.9500000000007
India,Maize,23352,22016.05,1335.9500000000007
India,Maize,23352,22016.05,1335.9500000000007
India,Maize,23352,22390.42,961.5800000000017
India,Maize,23352,22037.925,1314.0750000000007
India,Maize,23352,22303.8,1048.2000000000007
India,Maize,23352,22303.8,1048.2000000000007
India,Maize,23352,22016.05,1335.9500000000007
India,Potatoes,164101,176146.955,-12045.954999999987
India,Potatoes,164101,175931.02,-11830.01999999999
India,Potatoes,164101,176146.955,-12045.954999999987
India,Potatoes,164101,176146.955,-12045.954999999987
India,Potatoes,164101,176146.955,-12045.954999999987
India,Potatoes,164101,176146.955,-12045.954999999987
India,Potatoes,164101,176146.955,-12045.954999999987
India,Potatoes,164101,176146.955,-12045.954999999987
India,Potatoes,164101,175931.02,-11830.01999999999
India,Potatoes,164101,176146.955,-12045.954999999987
India,Potatoes,164101,176146.955,-12045.954999999987
India,Potatoes,164101,176146.955,-12045.954999999987
India,Potatoes,164101,176146.955,-12045.954999999987
India,Potatoes,164101,176146.955,-12045.954999999987
India,Potatoes,164101,176146.955,-12045.954999999987
India,Potatoes,164101,176146.955,-12045.954999999987
India,Potatoes,164101,176146.955,-12045.954999999987
India,Potatoes,164101,176146.955,-12045.954999999987
India,Potatoes,164101,176146.955,-12045.954999999987
India,Potatoes,164101,175969.525,-11868.524999999994
India,Potatoes,164101,175969.525,-11868.524999999994
India,Potatoes,164101,176146.955,-12045.954999999987
India,"Rice, paddy",32924,38991.645,-6067.644999999997
India,"Rice, paddy",32924,38297.195,-5373.195
India,"Rice, paddy",32924,39205.305,-6281.305
India,"Rice, paddy",32924,39204.8,-6280.800000000003
India,"Rice, paddy",32924,39216.445,-6292.445
India,"Rice, paddy",32924,39205.305,-6281.305
India,"Rice, paddy",32924,38693.85,-5769.8499999999985
India,"Rice, paddy",32924,38767.225,-5843.2249999999985
India,"Rice, paddy",32924,38297.195,-5373.195
India,"Rice, paddy",32924,39216.445,-6292.445
India,"Rice, paddy",32924,38693.85,-5769.8499999999985
India,"Rice, paddy",32924,39216.445,-6292.445
India,"Rice, paddy",32924,39204.8,-6280.800000000003
India,"Rice, paddy",32924,40804.09,-7880.0899999999965
India,"Rice, paddy",32924,38693.85,-5769.8499999999985
India,"Rice, paddy",32924,39216.445,-6292.445
India,"Rice, paddy",32924,39216.445,-6292.445
India,"Rice, paddy",32924,38558.84,-5634.8399999999965
India,"Rice, paddy",32924,39204.8,-6280.800000000003
India,"Rice, paddy",32924,38524.375,-5600.375
India,"Rice, paddy",32924,38524.375,-5600.375
India,"Rice, paddy",32924,39302.075,-6378.074999999997
India,Sorghum,8443,7699.64,743.3599999999997
India,Sorghum,8443,7691.935,751.0649999999996
India,Sorghum,8443,7699.64,743.3599999999997
India,Sorghum,8443,7694.7,748.3000000000002
India,Sorghum,8443,7688.42,754.5799999999999
India,Sorghum,8443,7703.325,739.6750000000002
India,Sorghum,8443,7699.64,743.3599999999997
India,Sorghum,8443,7699.64,743.3599999999997
India,Sorghum,8443,7691.935,751.0649999999996
India,Sorghum,8443,7699.64,743.3599999999997
India,Sorghum,8443,7699.64,743.3599999999997
India,Sorghum,8443,7688.42,754.5799999999999
India,Sorghum,8443,7694.7,748.3000000000002
India,Sorghum,8443,7699.64,743.3599999999997
India,Sorghum,8443,7699.64,743.3599999999997
India,Sorghum,8443,7699.64,743.3599999999997
India,Sorghum,8443,7699.64,743.3599999999997
India,Sorghum,8443,7691.935,751.0649999999996
India,Sorghum,8443,7695.08,747.9200000000001
India,Sorghum,8443,7691.935,751.0649999999996
India,Sorghum,8443,7691.935,751.0649999999996
India,Sorghum,8443,7699.64,743.3599999999997
India,Soybeans,12351,10119.745,2231.254999999999
India,Soybeans,12351,10266.03,2084.9699999999993
India,Soybeans,12351,10119.745,2231.254999999999
India,Soybeans,12351,10080.36,2270.6399999999994
India,Soybeans,12351,10119.745,2231.254999999999
India,Soybeans,12351,10119.745,2231.254999999999
India,Soybeans,12351,10119.745,2231.254999999999
India,Soybeans,12351,10113.07,2237.9300000000003
India,Soybeans,12351,10227.045,2123.955
India,Soybeans,12351,10119.745,2231.254999999999
India,Soybeans,12351,10119.745,2231.254999999999
India,Soybeans,12351,10119.745,2231.254999999999
India,Soybeans,12351,10080.36,2270.6399999999994
India,Soybeans,12351,10111.005,2239.995000000001
India,Soybeans,12351,10119.745,2231.254999999999
India,Soybeans,12351,10119.745,2231.254999999999
India,Soybeans,12351,10119.745,2231.254999999999
India,Soybeans,12351,10164.7,2186.2999999999993
India,Soybeans,12351,10080.36,2270.6399999999994
India,Soybeans,12351,10197.945,2153.0550000000003
India,Soybeans,12351,10197.945,2153.0550000000003
India,Soybeans,12351,10119.745,2231.254999999999
India,Sweet potatoes,86976,85881.32,1094.679999999993
India,Sweet potatoes,86976,86019.42,956.5800000000017
India,Sweet potatoes,86976,85881.32,1094.679999999993
India,Sweet potatoes,86976,85870.24,1105.7599999999948
India,Sweet potatoes,86976,85884.16,1091.8399999999965
India,Sweet potatoes,86976,85881.32,1094.679999999993
India,Sweet potatoes,86976,85881.32,1094.679999999993
India,Sweet potatoes,86976,85969.205,1006.7949999999983
India,Sweet potatoes,86976,86019.42,956.5800000000017
India,Sweet potatoes,86976,85882.225,1093.7749999999942
India,Sweet potatoes,86976,85873.33,1102.6699999999983
India,Sweet potatoes,86976,85884.16,1091.8399999999965
India,Sweet potatoes,86976,85870.24,1105.7599999999948
India,Sweet potatoes,86976,85896.08,1079.9199999999983
India,Sweet potatoes,86976,85881.32,1094.679999999993
India,Sweet potatoes,86976,85882.225,1093.7749999999942
India,Sweet potatoes,86976,85882.225,1093.7749999999942
India,Sweet potatoes,86976,86019.42,956.5800000000017
India,Sweet potatoes,86976,85870.24,1105.7599999999948
India,Sweet potatoes,86976,86019.42,956.5800000000017
India,Sweet potatoes,86976,86019.42,956.5800000000017
India,Sweet potatoes,86976,85880.89,1095.1100000000006
India,Wheat,27079,25911.395,1167.6049999999996
India,Wheat,27079,26080.315,998.6850000000013
India,Wheat,27079,25911.395,1167.6049999999996
India,Wheat,27079,25911.395,1167.6049999999996
India,Wheat,27079,25911.395,1167.6049999999996
India,Wheat,27079,25911.395,1167.6049999999996
India,Wheat,27079,25911.395,1167.6049999999996
India,Wheat,27079,25911.395,1167.6049999999996
India,Wheat,27079,26114.685,964.3149999999987
India,Wheat,27079,25911.395,1167.6049999999996
India,Wheat,27079,25911.395,1167.6049999999996
India,Wheat,27079,25911.395,1167.6049999999996
India,Wheat,27079,25911.395,1167.6049999999996
India,Wheat,27079,25911.395,1167.6049999999996
India,Wheat,27079,25911.395,1167.6049999999996
India,Wheat,27079,25911.395,1167.6049999999996
India,Wheat,27079,25911.395,1167.6049999999996
India,Wheat,27079,25928.645,1150.3549999999996
India,Wheat,27079,25911.395,1167.6049999999996
India,Wheat,27079,25928.645,1150.3549999999996
India,Wheat,27079,25928.645,1150.3549999999996
India,Wheat,27079,25911.395,1167.6049999999996
India,Cassava,335407,266998.0,68409.0
India,Cassava,335407,266998.0,68409.0
India,Cassava,335407,266998.0,68409.0
India,Cassava,335407,266998.0,68409.0
India,Cassava,335407,266998.0,68409.0
India,Cassava,335407,266998.0,68409.0
India,Cassava,335407,266998.0,68409.0
India,Cassava,335407,266998.0,68409.0
India,Cassava,335407,266998.0,68409.0
India,Cassava,335407,266998.0,68409.0
India,Cassava,335407,266998.0,68409.0
India,Cassava,335407,266998.0,68409.0
India,Cassava,335407,266998.0,68409.0
India,Cassava,335407,266998.0,68409.0
India,Cassava,335407,266998.0,68409.0
India,Cassava,335407,266998.0,68409.0
India,Cassava,335407,266998.0,68409.0
India,Cassava,335407,266998.0,68409.0
India,Cassava,335407,266998.0,68409.0
India,Cassava,335407,266998.0,68409.0
India,Cassava,335407,266998.0,68409.0
India,Cassava,335407,266998.0,68409.0
India,Maize,24140,18446.705,5693.294999999998
India,Maize,24140,17674.195,6465.805
India,Maize,24140,18764.665,5375.334999999999
India,Maize,24140,16763.39,7376.610000000001
India,Maize,24140,18454.99,5685.009999999998
India,Maize,24140,18705.14,5434.860000000001
India,Maize,24140,18705.14,5434.860000000001
India,Maize,24140,17650.66,6489.34
India,Maize,24140,17727.62,6412.380000000001
India,Maize,24140,18454.99,5685.009999999998
India,Maize,24140,18704.82,5435.18
India,Maize,24140,18519.565,5620.435000000001
India,Maize,24140,16763.39,7376.610000000001
India,Maize,24140,17946.98,6193.02
India,Maize,24140,18705.14,5434.860000000001
India,Maize,24140,18440.88,5699.119999999999
India,Maize,24140,18551.115,5588.884999999998
India,Maize,24140,17631.26,6508.740000000002
India,Maize,24140,16885.68,7254.32
India,Maize,24140,17693.68,6446.32
India,Maize,24140,17693.68,6446.32
India,Maize,24140,18705.14,5434.860000000001
India,Potatoes,192973,168020.825,24952.17499999999
India,Potatoes,192973,167812.61,25160.390000000014
India,Potatoes,192973,168020.825,24952.17499999999
India,Potatoes,192973,167562.795,25410.204999999987
India,Potatoes,192973,167791.665,25181.334999999992
India,Potatoes,192973,168020.825,24952.17499999999
India,Potatoes,192973,168020.825,24952.17499999999
India,Potatoes,192973,167842.78,25130.22
India,Potatoes,192973,167946.145,25026.85500000001
India,Potatoes,192973,167791.665,25181.334999999992
India,Potatoes,192973,168020.825,24952.17499999999
India,Potatoes,192973,167893.565,25079.434999999998
India,Potatoes,192973,167562.795,25410.204999999987
India,Potatoes,192973,168020.825,24952.17499999999
India,Potatoes,192973,168020.825,24952.17499999999
India,Potatoes,192973,168020.825,24952.17499999999
India,Potatoes,192973,167752.09,25220.910000000003
India,Potatoes,192973,167842.78,25130.22
India,Potatoes,192973,167933.14,25039.859999999986
India,Potatoes,192973,167812.61,25160.390000000014
India,Potatoes,192973,167812.61,25160.390000000014
India,Potatoes,192973,168020.825,24952.17499999999
India,"Rice, paddy",32509,35622.88,-3113.8799999999974
India,"Rice, paddy",32509,35292.06,-2783.0599999999977
India,"Rice, paddy",32509,35735.275,-3226.2750000000015
India,"Rice, paddy",32509,35487.725,-2978.7249999999985
India,"Rice, paddy",32509,35573.105,-3064.105000000003
India,"Rice, paddy",32509,35622.88,-3113.8799999999974
India,"Rice, paddy",32509,35622.88,-3113.8799999999974
India,"Rice, paddy",32509,36189.885,-3680.885000000002
India,"Rice, paddy",32509,34519.89,-2010.8899999999994
India,"Rice, paddy",32509,35573.105,-3064.105000000003
India,"Rice, paddy",32509,35760.905,-3251.904999999999
India,"Rice, paddy",32509,35602.55,-3093.550000000003
India,"Rice, paddy",32509,35487.725,-2978.7249999999985
India,"Rice, paddy",32509,34973.305,-2464.3050000000003
India,"Rice, paddy",32509,35622.88,-3113.8799999999974
India,"Rice, paddy",32509,35622.88,-3113.8799999999974
India,"Rice, paddy",32509,35573.105,-3064.105000000003
India,"Rice, paddy",32509,37682.86,-5173.860000000001
India,"Rice, paddy",32509,35520.245,-3011.2450000000026
India,"Rice, paddy",32509,35451.38,-2942.3799999999974
India,"Rice, paddy",32509,35451.38,-2942.3799999999974
India,"Rice, paddy",32509,35622.88,-3113.8799999999974
India,Sorghum,10209,7986.345,2222.6549999999997
India,Sorghum,10209,8046.045,2162.955
India,Sorghum,10209,7986.345,2222.6549999999997
India,Sorghum,10209,7789.83,2419.17
India,Sorghum,10209,7983.35,2225.6499999999996
India,Sorghum,10209,7986.345,2222.6549999999997
India,Sorghum,10209,7986.345,2222.6549999999997
India,Sorghum,10209,7976.625,2232.375
India,Sorghum,10209,7971.1,2237.8999999999996
India,Sorghum,10209,7993.255,2215.745
India,Sorghum,10209,7986.345,2222.6549999999997
India,Sorghum,10209,7993.835,2215.165
India,Sorghum,10209,7789.83,2419.17
India,Sorghum,10209,7988.6,2220.3999999999996
India,Sorghum,10209,7986.345,2222.6549999999997
India,Sorghum,10209,7986.345,2222.6549999999997
India,Sorghum,10209,7986.705,2222.295
India,Sorghum,10209,7976.625,2232.375
India,Sorghum,10209,7835.58,2373.42
India,Sorghum,10209,8046.045,2162.955
India,Sorghum,10209,8046.045,2162.955
India,Sorghum,10209,7986.345,2222.6549999999997
India,Soybeans,10415,10266.57,148.4300000000003
India,Soybeans,10415,10224.51,190.48999999999978
India,Soybeans,10415,10266.57,148.4300000000003
India,Soybeans,10415,10068.0,347.0
India,Soybeans,10415,10260.195,154.8050000000003
India,Soybeans,10415,10266.57,148.4300000000003
India,Soybeans,10415,10266.57,148.4300000000003
India,Soybeans,10415,10159.835,255.16500000000087
India,Soybeans,10415,10208.855,206.14500000000044
India,Soybeans,10415,10260.195,154.8050000000003
India,Soybeans,10415,10266.57,148.4300000000003
India,Soybeans,10415,10238.355,176.64500000000044
India,Soybeans,10415,10068.0,347.0
India,Soybeans,10415,10217.08,197.92000000000007
India,Soybeans,10415,10266.57,148.4300000000003
India,Soybeans,10415,10266.57,148.4300000000003
India,Soybeans,10415,10260.195,154.8050000000003
India,Soybeans,10415,10159.835,255.16500000000087
India,Soybeans,10415,10107.155,307.84499999999935
India,Soybeans,10415,10196.295,218.70499999999993
India,Soybeans,10415,10196.295,218.70499999999993
India,Soybeans,10415,10266.57,148.4300000000003
India,Sweet potatoes,88943,83239.7,5703.300000000003
India,Sweet potatoes,88943,83166.68,5776.320000000007
India,Sweet potatoes,88943,83233.41,5709.5899999999965
India,Sweet potatoes,88943,83432.075,5510.925000000003
India,Sweet potatoes,88943,83241.635,5701.365000000005
India,Sweet potatoes,88943,83234.78,5708.220000000001
India,Sweet potatoes,88943,83234.78,5708.220000000001
India,Sweet potatoes,88943,83357.145,5585.854999999996
India,Sweet potatoes,88943,83176.005,5766.994999999995
India,Sweet potatoes,88943,83241.635,5701.365000000005
India,Sweet potatoes,88943,83234.27,5708.729999999996
India,Sweet potatoes,88943,83228.17,5714.830000000002
India,Sweet potatoes,88943,83432.075,5510.925000000003
India,Sweet potatoes,88943,83182.155,5760.845000000001
India,Sweet potatoes,88943,83234.78,5708.220000000001
India,Sweet potatoes,88943,83239.7,5703.300000000003
India,Sweet potatoes,88943,83227.715,5715.2850000000035
India,Sweet potatoes,88943,83357.145,5585.854999999996
India,Sweet potatoes,88943,83230.72,5712.279999999999
India,Sweet potatoes,88943,83165.375,5777.625
India,Sweet potatoes,88943,83165.375,5777.625
India,Sweet potatoes,88943,83234.78,5708.220000000001
India,Wheat,28022,21014.23,7007.77
India,Wheat,28022,20581.015,7440.985000000001
India,Wheat,28022,20998.935,7023.064999999999
India,Wheat,28022,20209.195,7812.805
India,Wheat,28022,20890.26,7131.740000000002
India,Wheat,28022,21014.23,7007.77
India,Wheat,28022,21014.23,7007.77
India,Wheat,28022,20554.025,7467.9749999999985
India,Wheat,28022,20186.46,7835.540000000001
India,Wheat,28022,20828.655,7193.345000000001
India,Wheat,28022,20998.935,7023.064999999999
India,Wheat,28022,20895.98,7126.02
India,Wheat,28022,20209.195,7812.805
India,Wheat,28022,20987.99,7034.009999999998
India,Wheat,28022,21014.23,7007.77
India,Wheat,28022,21014.23,7007.77
India,Wheat,28022,20870.28,7151.720000000001
India,Wheat,28022,20554.025,7467.9749999999985
India,Wheat,28022,20509.6,7512.4000000000015
India,Wheat,28022,20587.625,7434.375
India,Wheat,28022,20587.625,7434.375
India,Wheat,28022,21014.23,7007.77
India,Cassava,343433,266998.0,76435.0
India,Cassava,343433,266998.0,76435.0
India,Cassava,343433,266998.0,76435.0
India,Cassava,343433,266998.0,76435.0
India,Cassava,343433,266998.0,76435.0
India,Cassava,343433,266998.0,76435.0
India,Cassava,343433,266998.0,76435.0
India,Cassava,343433,266998.0,76435.0
India,Cassava,343433,266998.0,76435.0
India,Cassava,343433,266998.0,76435.0
India,Cassava,343433,266998.0,76435.0
India,Cassava,343433,266998.0,76435.0
India,Cassava,343433,266998.0,76435.0
India,Cassava,343433,266998.0,76435.0
India,Cassava,343433,266998.0,76435.0
India,Cassava,343433,266998.0,76435.0
India,Cassava,343433,266998.0,76435.0
India,Cassava,343433,266998.0,76435.0
India,Cassava,343433,266998.0,76435.0
India,Cassava,343433,266998.0,76435.0
India,Cassava,343433,266998.0,76435.0
India,Cassava,343433,266998.0,76435.0
India,Maize,20238,22070.78,-1832.7799999999988
India,Maize,20238,23065.665,-2827.665000000001
India,Maize,20238,22027.03,-1789.0299999999988
India,Maize,20238,22092.655,-1854.6549999999988
India,Maize,20238,22070.78,-1832.7799999999988
India,Maize,20238,22070.78,-1832.7799999999988
India,Maize,20238,22070.78,-1832.7799999999988
India,Maize,20238,22129.345,-1891.3450000000012
India,Maize,20238,23065.665,-2827.665000000001
India,Maize,20238,22070.78,-1832.7799999999988
India,Maize,20238,22027.03,-1789.0299999999988
India,Maize,20238,22070.78,-1832.7799999999988
India,Maize,20238,22092.655,-1854.6549999999988
India,Maize,20238,22129.345,-1891.3450000000012
India,Maize,20238,22070.78,-1832.7799999999988
India,Maize,20238,22070.78,-1832.7799999999988
India,Maize,20238,22070.78,-1832.7799999999988
India,Maize,20238,22510.2,-2272.2000000000007
India,Maize,20238,22070.78,-1832.7799999999988
India,Maize,20238,23119.135,-2881.1349999999984
India,Maize,20238,23119.135,-2881.1349999999984
India,Maize,20238,22070.78,-1832.7799999999988
India,Potatoes,188103,176621.17,11481.829999999987
India,Potatoes,188103,173564.73,14538.26999999999
India,Potatoes,188103,176621.17,11481.829999999987
India,Potatoes,188103,176581.595,11521.404999999999
India,Potatoes,188103,176621.17,11481.829999999987
India,Potatoes,188103,176621.17,11481.829999999987
India,Potatoes,188103,176621.17,11481.829999999987
India,Potatoes,188103,176621.17,11481.829999999987
India,Potatoes,188103,173564.73,14538.26999999999
India,Potatoes,188103,176621.17,11481.829999999987
India,Potatoes,188103,176621.17,11481.829999999987
India,Potatoes,188103,176621.17,11481.829999999987
India,Potatoes,188103,176581.595,11521.404999999999
India,Potatoes,188103,176621.17,11481.829999999987
India,Potatoes,188103,176621.17,11481.829999999987
India,Potatoes,188103,176621.17,11481.829999999987
India,Potatoes,188103,176621.17,11481.829999999987
India,Potatoes,188103,176656.96,11446.040000000008
India,Potatoes,188103,176621.17,11481.829999999987
India,Potatoes,188103,173223.95,14879.049999999988
India,Potatoes,188103,173223.95,14879.049999999988
India,Potatoes,188103,176621.17,11481.829999999987
India,"Rice, paddy",32366,39308.745,-6942.745000000003
India,"Rice, paddy",32366,38800.025,-6434.0250000000015
India,"Rice, paddy",32366,39621.51,-7255.510000000002
India,"Rice, paddy",32366,39759.21,-7393.209999999999
India,"Rice, paddy",32366,39799.545,-7433.544999999998
India,"Rice, paddy",32366,39415.33,-7049.330000000002
India,"Rice, paddy",32366,39308.745,-6942.745000000003
India,"Rice, paddy",32366,39085.73,-6719.730000000003
India,"Rice, paddy",32366,38800.025,-6434.0250000000015
India,"Rice, paddy",32366,41041.395,-8675.394999999997
India,"Rice, paddy",32366,39603.265,-7237.264999999999
India,"Rice, paddy",32366,39759.715,-7393.7149999999965
India,"Rice, paddy",32366,39759.21,-7393.209999999999
India,"Rice, paddy",32366,39085.73,-6719.730000000003
India,"Rice, paddy",32366,39308.745,-6942.745000000003
India,"Rice, paddy",32366,39247.22,-6881.220000000001
India,"Rice, paddy",32366,39870.115,-7504.114999999998
India,"Rice, paddy",32366,38820.925,-6454.925000000003
India,"Rice, paddy",32366,39721.08,-7355.080000000002
India,"Rice, paddy",32366,38831.55,-6465.550000000003
India,"Rice, paddy",32366,38831.55,-6465.550000000003
India,"Rice, paddy",32366,39308.745,-6942.745000000003
India,Sorghum,9621,7699.64,1921.3599999999997
India,Sorghum,9621,7735.215,1885.7849999999999
India,Sorghum,9621,7699.64,1921.3599999999997
India,Sorghum,9621,7707.585,1913.415
India,Sorghum,9621,7699.64,1921.3599999999997
India,Sorghum,9621,7699.64,1921.3599999999997
India,Sorghum,9621,7699.64,1921.3599999999997
India,Sorghum,9621,7692.315,1928.6850000000004
India,Sorghum,9621,7719.78,1901.2200000000003
India,Sorghum,9621,7699.64,1921.3599999999997
India,Sorghum,9621,7699.64,1921.3599999999997
India,Sorghum,9621,7699.64,1921.3599999999997
India,Sorghum,9621,7707.585,1913.415
India,Sorghum,9621,7692.315,1928.6850000000004
India,Sorghum,9621,7699.64,1921.3599999999997
India,Sorghum,9621,7699.64,1921.3599999999997
India,Sorghum,9621,7699.64,1921.3599999999997
India,Sorghum,9621,7691.935,1929.0649999999996
India,Sorghum,9621,7692.16,1928.8400000000001
India,Sorghum,9621,7691.935,1929.0649999999996
India,Sorghum,9621,7691.935,1929.0649999999996
India,Sorghum,9621,7699.64,1921.3599999999997
India,Soybeans,10236,10113.07,122.93000000000029
India,Soybeans,10236,10252.1,-16.100000000000364
India,Soybeans,10236,10127.66,108.34000000000015
India,Soybeans,10236,10080.36,155.63999999999942
India,Soybeans,10236,10119.745,116.2549999999992
India,Soybeans,10236,10113.07,122.93000000000029
India,Soybeans,10236,10113.07,122.93000000000029
India,Soybeans,10236,10164.7,71.29999999999927
India,Soybeans,10236,10252.1,-16.100000000000364
India,Soybeans,10236,10111.005,124.9950000000008
India,Soybeans,10236,10150.11,85.88999999999942
India,Soybeans,10236,10119.745,116.2549999999992
India,Soybeans,10236,10080.36,155.63999999999942
India,Soybeans,10236,10164.7,71.29999999999927
India,Soybeans,10236,10113.07,122.93000000000029
India,Soybeans,10236,10119.745,116.2549999999992
India,Soybeans,10236,10119.745,116.2549999999992
India,Soybeans,10236,10228.45,7.549999999999272
India,Soybeans,10236,10080.36,155.63999999999942
India,Soybeans,10236,10233.835,2.165000000000873
India,Soybeans,10236,10233.835,2.165000000000873
India,Soybeans,10236,10113.07,122.93000000000029
India,Sweet potatoes,90080,86839.19,3240.8099999999977
India,Sweet potatoes,90080,86889.405,3190.595000000001
India,Sweet potatoes,90080,86932.975,3147.024999999994
India,Sweet potatoes,90080,86740.225,3339.774999999994
India,Sweet potatoes,90080,86750.875,3329.125
India,Sweet potatoes,90080,86830.285,3249.7149999999965
India,Sweet potatoes,90080,86839.19,3240.8099999999977
India,Sweet potatoes,90080,86889.405,3190.595000000001
India,Sweet potatoes,90080,86889.405,3190.595000000001
India,Sweet potatoes,90080,86812.58,3267.4199999999983
India,Sweet potatoes,90080,86876.82,3203.179999999993
India,Sweet potatoes,90080,86751.305,3328.695000000007
India,Sweet potatoes,90080,86740.225,3339.774999999994
India,Sweet potatoes,90080,86889.405,3190.595000000001
India,Sweet potatoes,90080,86839.19,3240.8099999999977
India,Sweet potatoes,90080,86742.9,3337.100000000006
India,Sweet potatoes,90080,86751.305,3328.695000000007
India,Sweet potatoes,90080,86889.405,3190.595000000001
India,Sweet potatoes,90080,86754.145,3325.854999999996
India,Sweet potatoes,90080,86889.405,3190.595000000001
India,Sweet potatoes,90080,86889.405,3190.595000000001
India,Sweet potatoes,90080,86839.19,3240.8099999999977
India,Wheat,29071,25911.395,3159.6049999999996
India,Wheat,29071,25496.07,3574.9300000000003
India,Wheat,29071,25925.125,3145.875
India,Wheat,29071,25911.395,3159.6049999999996
India,Wheat,29071,25911.395,3159.6049999999996
India,Wheat,29071,25911.395,3159.6049999999996
India,Wheat,29071,25911.395,3159.6049999999996
India,Wheat,29071,25925.125,3145.875
India,Wheat,29071,25496.07,3574.9300000000003
India,Wheat,29071,25911.395,3159.6049999999996
India,Wheat,29071,25925.125,3145.875
India,Wheat,29071,25911.395,3159.6049999999996
India,Wheat,29071,25911.395,3159.6049999999996
India,Wheat,29071,25925.125,3145.875
India,Wheat,29071,25911.395,3159.6049999999996
India,Wheat,29071,25911.395,3159.6049999999996
India,Wheat,29071,25911.395,3159.6049999999996
India,Wheat,29071,26080.315,2990.6850000000013
India,Wheat,29071,25911.395,3159.6049999999996
India,Wheat,29071,25526.485,3544.5149999999994
India,Wheat,29071,25526.485,3544.5149999999994
India,Wheat,29071,25911.395,3159.6049999999996
India,Cassava,347555,266998.0,80557.0
India,Cassava,347555,266998.0,80557.0
India,Cassava,347555,266998.0,80557.0
India,Cassava,347555,266998.0,80557.0
India,Cassava,347555,266998.0,80557.0
India,Cassava,347555,266998.0,80557.0
India,Cassava,347555,266998.0,80557.0
India,Cassava,347555,266998.0,80557.0
India,Cassava,347555,266998.0,80557.0
India,Cassava,347555,266998.0,80557.0
India,Cassava,347555,266998.0,80557.0
India,Cassava,347555,266998.0,80557.0
India,Cassava,347555,266998.0,80557.0
India,Cassava,347555,266998.0,80557.0
India,Cassava,347555,266998.0,80557.0
India,Cassava,347555,266998.0,80557.0
India,Cassava,347555,266998.0,80557.0
India,Cassava,347555,266998.0,80557.0
India,Cassava,347555,266998.0,80557.0
India,Cassava,347555,266998.0,80557.0
India,Cassava,347555,266998.0,80557.0
India,Cassava,347555,266998.0,80557.0
India,Maize,25401,20601.165,4799.834999999999
India,Maize,25401,21299.84,4101.16
India,Maize,25401,20601.165,4799.834999999999
India,Maize,25401,20601.165,4799.834999999999
India,Maize,25401,20601.165,4799.834999999999
India,Maize,25401,20601.165,4799.834999999999
India,Maize,25401,20601.165,4799.834999999999
India,Maize,25401,20964.57,4436.43
India,Maize,25401,21357.51,4043.4900000000016
India,Maize,25401,20601.165,4799.834999999999
India,Maize,25401,20601.165,4799.834999999999
India,Maize,25401,20601.165,4799.834999999999
India,Maize,25401,20601.165,4799.834999999999
India,Maize,25401,20601.165,4799.834999999999
India,Maize,25401,20601.165,4799.834999999999
India,Maize,25401,20601.165,4799.834999999999
India,Maize,25401,20601.165,4799.834999999999
India,Maize,25401,20703.48,4697.52
India,Maize,25401,20601.165,4799.834999999999
India,Maize,25401,21270.845,4130.154999999999
India,Maize,25401,21270.845,4130.154999999999
India,Maize,25401,20601.165,4799.834999999999
India,Potatoes,199299,183627.0,15672.0
India,Potatoes,199299,180962.88,18336.119999999995
India,Potatoes,199299,183627.0,15672.0
India,Potatoes,199299,183587.425,15711.575000000012
India,Potatoes,199299,183627.0,15672.0
India,Potatoes,199299,183627.0,15672.0
India,Potatoes,199299,183627.0,15672.0
India,Potatoes,199299,183641.08,15657.920000000013
India,Potatoes,199299,182512.2,16786.79999999999
India,Potatoes,199299,183627.0,15672.0
India,Potatoes,199299,183627.0,15672.0
India,Potatoes,199299,183627.0,15672.0
India,Potatoes,199299,183587.425,15711.575000000012
India,Potatoes,199299,183627.0,15672.0
India,Potatoes,199299,183627.0,15672.0
India,Potatoes,199299,183627.0,15672.0
India,Potatoes,199299,183627.0,15672.0
India,Potatoes,199299,183627.0,15672.0
India,Potatoes,199299,183627.0,15672.0
India,Potatoes,199299,183139.43,16159.570000000007
India,Potatoes,199299,183139.43,16159.570000000007
India,Potatoes,199299,183627.0,15672.0
India,"Rice, paddy",33587,31151.16,2435.84
India,"Rice, paddy",33587,31125.83,2461.1699999999983
India,"Rice, paddy",33587,31151.16,2435.84
India,"Rice, paddy",33587,31151.16,2435.84
India,"Rice, paddy",33587,31151.16,2435.84
India,"Rice, paddy",33587,31151.16,2435.84
India,"Rice, paddy",33587,31151.16,2435.84
India,"Rice, paddy",33587,31150.02,2436.9799999999996
India,"Rice, paddy",33587,31125.83,2461.1699999999983
India,"Rice, paddy",33587,31151.16,2435.84
India,"Rice, paddy",33587,31151.16,2435.84
India,"Rice, paddy",33587,31151.16,2435.84
India,"Rice, paddy",33587,31151.16,2435.84
India,"Rice, paddy",33587,31151.16,2435.84
India,"Rice, paddy",33587,31151.16,2435.84
India,"Rice, paddy",33587,31151.16,2435.84
India,"Rice, paddy",33587,31151.16,2435.84
India,"Rice, paddy",33587,31150.875,2436.125
India,"Rice, paddy",33587,31151.16,2435.84
India,"Rice, paddy",33587,31137.925,2449.0750000000007
India,"Rice, paddy",33587,31137.925,2449.0750000000007
India,"Rice, paddy",33587,31151.16,2435.84
India,Sorghum,8602,7715.0,887.0
India,Sorghum,8602,7735.14,866.8599999999997
India,Sorghum,8602,7715.0,887.0
India,Sorghum,8602,7712.95,889.0500000000002
India,Sorghum,8602,7715.0,887.0
India,Sorghum,8602,7715.0,887.0
India,Sorghum,8602,7715.0,887.0
India,Sorghum,8602,7707.295,894.7049999999999
India,Sorghum,8602,7707.295,894.7049999999999
India,Sorghum,8602,7715.0,887.0
India,Sorghum,8602,7715.0,887.0
India,Sorghum,8602,7715.0,887.0
India,Sorghum,8602,7712.95,889.0500000000002
India,Sorghum,8602,7715.0,887.0
India,Sorghum,8602,7715.0,887.0
India,Sorghum,8602,7715.0,887.0
India,Sorghum,8602,7715.0,887.0
India,Sorghum,8602,7707.675,894.3249999999998
India,Sorghum,8602,7711.26,890.7399999999998
India,Sorghum,8602,7707.295,894.7049999999999
India,Sorghum,8602,7707.295,894.7049999999999
India,Sorghum,8602,7715.0,887.0
India,Soybeans,13330,9426.25,3903.75
India,Soybeans,13330,9481.225,3848.7749999999996
India,Soybeans,13330,9426.875,3903.125
India,Soybeans,13330,9426.875,3903.125
India,Soybeans,13330,9426.875,3903.125
India,Soybeans,13330,9428.315,3901.6849999999995
India,Soybeans,13330,9426.25,3903.75
India,Soybeans,13330,9441.155,3888.8449999999993
India,Soybeans,13330,9462.96,3867.040000000001
India,Soybeans,13330,9426.875,3903.125
India,Soybeans,13330,9426.875,3903.125
India,Soybeans,13330,9426.875,3903.125
India,Soybeans,13330,9426.875,3903.125
India,Soybeans,13330,9426.875,3903.125
India,Soybeans,13330,9426.25,3903.75
India,Soybeans,13330,9428.315,3901.6849999999995
India,Soybeans,13330,9426.875,3903.125
India,Soybeans,13330,9426.875,3903.125
India,Soybeans,13330,9426.875,3903.125
India,Soybeans,13330,9462.96,3867.040000000001
India,Soybeans,13330,9462.96,3867.040000000001
India,Soybeans,13330,9428.315,3901.6849999999995
India,Sweet potatoes,92069,88368.0,3701.0
India,Sweet potatoes,92069,88368.0,3701.0
India,Sweet potatoes,92069,88368.0,3701.0
India,Sweet potatoes,92069,88368.0,3701.0
India,Sweet potatoes,92069,88368.0,3701.0
India,Sweet potatoes,92069,88368.0,3701.0
India,Sweet potatoes,92069,88368.0,3701.0
India,Sweet potatoes,92069,88368.0,3701.0
India,Sweet potatoes,92069,88368.0,3701.0
India,Sweet potatoes,92069,88368.0,3701.0
India,Sweet potatoes,92069,88368.0,3701.0
India,Sweet potatoes,92069,88368.0,3701.0
India,Sweet potatoes,92069,88368.0,3701.0
India,Sweet potatoes,92069,88368.0,3701.0
India,Sweet potatoes,92069,88368.0,3701.0
India,Sweet potatoes,92069,88368.0,3701.0
India,Sweet potatoes,92069,88368.0,3701.0
India,Sweet potatoes,92069,88368.0,3701.0
India,Sweet potatoes,92069,88368.0,3701.0
India,Sweet potatoes,92069,88368.0,3701.0
India,Sweet potatoes,92069,88368.0,3701.0
India,Sweet potatoes,92069,88368.0,3701.0
India,Wheat,28395,27159.475,1235.5250000000015
India,Wheat,28395,26491.145,1903.8549999999996
India,Wheat,28395,27159.475,1235.5250000000015
India,Wheat,28395,27159.475,1235.5250000000015
India,Wheat,28395,27159.475,1235.5250000000015
India,Wheat,28395,27159.475,1235.5250000000015
India,Wheat,28395,27159.475,1235.5250000000015
India,Wheat,28395,27162.995,1232.005000000001
India,Wheat,28395,27048.125,1346.875
India,Wheat,28395,27159.475,1235.5250000000015
India,Wheat,28395,27159.475,1235.5250000000015
India,Wheat,28395,27159.475,1235.5250000000015
India,Wheat,28395,27159.475,1235.5250000000015
India,Wheat,28395,27159.475,1235.5250000000015
India,Wheat,28395,27159.475,1235.5250000000015
India,Wheat,28395,27159.475,1235.5250000000015
India,Wheat,28395,27159.475,1235.5250000000015
India,Wheat,28395,27159.475,1235.5250000000015
India,Wheat,28395,27159.475,1235.5250000000015
India,Wheat,28395,27048.125,1346.875
India,Wheat,28395,27048.125,1346.875
India,Wheat,28395,27159.475,1235.5250000000015
India,Cassava,364770,251574.815,113195.185
India,Cassava,364770,251758.875,113011.125
India,Cassava,364770,251666.845,113103.155
India,Cassava,364770,251487.76,113282.23999999999
India,Cassava,364770,251574.815,113195.185
India,Cassava,364770,251666.845,113103.155
India,Cassava,364770,251574.815,113195.185
India,Cassava,364770,251758.875,113011.125
India,Cassava,364770,251758.875,113011.125
India,Cassava,364770,251574.815,113195.185
India,Cassava,364770,251758.875,113011.125
India,Cassava,364770,251574.815,113195.185
India,Cassava,364770,251487.76,113282.23999999999
India,Cassava,364770,251758.875,113011.125
India,Cassava,364770,251574.815,113195.185
India,Cassava,364770,251574.815,113195.185
India,Cassava,364770,251574.815,113195.185
India,Cassava,364770,251758.875,113011.125
India,Cassava,364770,251487.76,113282.23999999999
India,Cassava,364770,251758.875,113011.125
India,Cassava,364770,251758.875,113011.125
India,Cassava,364770,251574.815,113195.185
India,Maize,24784,19440.885,5343.115000000002
India,Maize,24784,19576.775,5207.2249999999985
India,Maize,24784,19440.885,5343.115000000002
India,Maize,24784,19462.76,5321.240000000002
India,Maize,24784,19440.885,5343.115000000002
India,Maize,24784,19440.885,5343.115000000002
India,Maize,24784,19440.885,5343.115000000002
India,Maize,24784,19440.885,5343.115000000002
India,Maize,24784,19576.775,5207.2249999999985
India,Maize,24784,19440.885,5343.115000000002
India,Maize,24784,19440.885,5343.115000000002
India,Maize,24784,19440.885,5343.115000000002
India,Maize,24784,19462.76,5321.240000000002
India,Maize,24784,19440.885,5343.115000000002
India,Maize,24784,19440.885,5343.115000000002
India,Maize,24784,19440.885,5343.115000000002
India,Maize,24784,19440.885,5343.115000000002
India,Maize,24784,19440.885,5343.115000000002
India,Maize,24784,19462.76,5321.240000000002
India,Maize,24784,19511.0,5273.0
India,Maize,24784,19511.0,5273.0
India,Maize,24784,19440.885,5343.115000000002
India,Potatoes,227240,175537.585,51702.41500000001
India,Potatoes,227240,175658.685,51581.315
India,Potatoes,227240,175651.455,51588.54500000001
India,Potatoes,227240,175574.935,51665.065
India,Potatoes,227240,175537.585,51702.41500000001
India,Potatoes,227240,175606.155,51633.845
India,Potatoes,227240,175537.585,51702.41500000001
India,Potatoes,227240,175651.455,51588.54500000001
India,Potatoes,227240,175585.535,51654.465
India,Potatoes,227240,175537.585,51702.41500000001
India,Potatoes,227240,175651.455,51588.54500000001
India,Potatoes,227240,175574.935,51665.065
India,Potatoes,227240,175574.935,51665.065
India,Potatoes,227240,175651.455,51588.54500000001
India,Potatoes,227240,175537.585,51702.41500000001
India,Potatoes,227240,175537.585,51702.41500000001
India,Potatoes,227240,175574.935,51665.065
India,Potatoes,227240,175651.455,51588.54500000001
India,Potatoes,227240,175574.935,51665.065
India,Potatoes,227240,175651.455,51588.54500000001
India,Potatoes,227240,175651.455,51588.54500000001
India,Potatoes,227240,175537.585,51702.41500000001
India,"Rice, paddy",35878,30795.18,5082.82
India,"Rice, paddy",35878,30794.04,5083.959999999999
India,"Rice, paddy",35878,30795.18,5082.82
India,"Rice, paddy",35878,30795.18,5082.82
India,"Rice, paddy",35878,30795.18,5082.82
India,"Rice, paddy",35878,30795.18,5082.82
India,"Rice, paddy",35878,30795.18,5082.82
India,"Rice, paddy",35878,30795.18,5082.82
India,"Rice, paddy",35878,30794.04,5083.959999999999
India,"Rice, paddy",35878,30795.18,5082.82
India,"Rice, paddy",35878,30795.18,5082.82
India,"Rice, paddy",35878,30795.18,5082.82
India,"Rice, paddy",35878,30795.18,5082.82
India,"Rice, paddy",35878,30795.18,5082.82
India,"Rice, paddy",35878,30795.18,5082.82
India,"Rice, paddy",35878,30795.18,5082.82
India,"Rice, paddy",35878,30795.18,5082.82
India,"Rice, paddy",35878,30795.18,5082.82
India,"Rice, paddy",35878,30795.18,5082.82
India,"Rice, paddy",35878,30795.18,5082.82
India,"Rice, paddy",35878,30795.18,5082.82
India,"Rice, paddy",35878,30795.18,5082.82
India,Sorghum,9487,8102.4,1384.6000000000004
India,Sorghum,9487,8102.4,1384.6000000000004
India,Sorghum,9487,8102.4,1384.6000000000004
India,Sorghum,9487,8106.88,1380.12
India,Sorghum,9487,8102.4,1384.6000000000004
India,Sorghum,9487,8102.4,1384.6000000000004
India,Sorghum,9487,8102.4,1384.6000000000004
India,Sorghum,9487,8102.4,1384.6000000000004
India,Sorghum,9487,8102.4,1384.6000000000004
India,Sorghum,9487,8102.4,1384.6000000000004
India,Sorghum,9487,8102.4,1384.6000000000004
India,Sorghum,9487,8094.04,1392.96
India,Sorghum,9487,8106.88,1380.12
India,Sorghum,9487,8102.4,1384.6000000000004
India,Sorghum,9487,8102.4,1384.6000000000004
India,Sorghum,9487,8102.4,1384.6000000000004
India,Sorghum,9487,8090.445,1396.5550000000003
India,Sorghum,9487,8102.4,1384.6000000000004
India,Sorghum,9487,8085.175,1401.8249999999998
India,Sorghum,9487,8102.4,1384.6000000000004
India,Sorghum,9487,8102.4,1384.6000000000004
India,Sorghum,9487,8102.4,1384.6000000000004
India,Soybeans,11998,9423.82,2574.1800000000003
India,Soybeans,11998,9414.82,2583.1800000000003
India,Soybeans,11998,9423.82,2574.1800000000003
India,Soybeans,11998,9423.82,2574.1800000000003
India,Soybeans,11998,9423.82,2574.1800000000003
India,Soybeans,11998,9423.82,2574.1800000000003
India,Soybeans,11998,9423.82,2574.1800000000003
India,Soybeans,11998,9423.82,2574.1800000000003
India,Soybeans,11998,9427.42,2570.58
India,Soybeans,11998,9423.82,2574.1800000000003
India,Soybeans,11998,9423.82,2574.1800000000003
India,Soybeans,11998,9423.82,2574.1800000000003
India,Soybeans,11998,9423.82,2574.1800000000003
India,Soybeans,11998,9423.82,2574.1800000000003
India,Soybeans,11998,9423.82,2574.1800000000003
India,Soybeans,11998,9423.82,2574.1800000000003
India,Soybeans,11998,9423.82,2574.1800000000003
India,Soybeans,11998,9423.82,2574.1800000000003
India,Soybeans,11998,9423.82,2574.1800000000003
India,Soybeans,11998,9423.82,2574.1800000000003
India,Soybeans,11998,9423.82,2574.1800000000003
India,Soybeans,11998,9423.82,2574.1800000000003
India,Sweet potatoes,92456,87260.94,5195.059999999998
India,Sweet potatoes,92456,87260.94,5195.059999999998
India,Sweet potatoes,92456,87260.94,5195.059999999998
India,Sweet potatoes,92456,87260.94,5195.059999999998
India,Sweet potatoes,92456,87260.94,5195.059999999998
India,Sweet potatoes,92456,87260.94,5195.059999999998
India,Sweet potatoes,92456,87260.94,5195.059999999998
India,Sweet potatoes,92456,87260.94,5195.059999999998
India,Sweet potatoes,92456,87260.94,5195.059999999998
India,Sweet potatoes,92456,87260.94,5195.059999999998
India,Sweet potatoes,92456,87260.94,5195.059999999998
India,Sweet potatoes,92456,87260.94,5195.059999999998
India,Sweet potatoes,92456,87260.94,5195.059999999998
India,Sweet potatoes,92456,87260.94,5195.059999999998
India,Sweet potatoes,92456,87260.94,5195.059999999998
India,Sweet potatoes,92456,87260.94,5195.059999999998
India,Sweet potatoes,92456,87260.94,5195.059999999998
India,Sweet potatoes,92456,87260.94,5195.059999999998
India,Sweet potatoes,92456,87260.94,5195.059999999998
India,Sweet potatoes,92456,87260.94,5195.059999999998
India,Sweet potatoes,92456,87260.94,5195.059999999998
India,Sweet potatoes,92456,87260.94,5195.059999999998
India,Wheat,29886,26871.77,3014.2299999999996
India,Wheat,29886,26865.065,3020.9350000000013
India,Wheat,29886,26866.525,3019.4749999999985
India,Wheat,29886,26875.29,3010.709999999999
India,Wheat,29886,26871.77,3014.2299999999996
India,Wheat,29886,26871.77,3014.2299999999996
India,Wheat,29886,26871.77,3014.2299999999996
India,Wheat,29886,26866.525,3019.4749999999985
India,Wheat,29886,26865.065,3020.9350000000013
India,Wheat,29886,26871.77,3014.2299999999996
India,Wheat,29886,26866.525,3019.4749999999985
India,Wheat,29886,26880.535,3005.465
India,Wheat,29886,26875.29,3010.709999999999
India,Wheat,29886,26866.525,3019.4749999999985
India,Wheat,29886,26871.77,3014.2299999999996
India,Wheat,29886,26871.77,3014.2299999999996
India,Wheat,29886,26880.535,3005.465
India,Wheat,29886,26866.525,3019.4749999999985
India,Wheat,29886,26875.29,3010.709999999999
India,Wheat,29886,26889.95,2996.0499999999993
India,Wheat,29886,26889.95,2996.0499999999993
India,Wheat,29886,26871.77,3014.2299999999996
India,Cassava,385818,248799.005,137018.995
India,Cassava,385818,248799.005,137018.995
India,Cassava,385818,248799.005,137018.995
India,Cassava,385818,248614.945,137203.055
India,Cassava,385818,248799.005,137018.995
India,Cassava,385818,248706.975,137111.025
India,Cassava,385818,248799.005,137018.995
India,Cassava,385818,248799.005,137018.995
India,Cassava,385818,248799.005,137018.995
India,Cassava,385818,248614.945,137203.055
India,Cassava,385818,248799.005,137018.995
India,Cassava,385818,248614.945,137203.055
India,Cassava,385818,248614.945,137203.055
India,Cassava,385818,248799.005,137018.995
India,Cassava,385818,248799.005,137018.995
India,Cassava,385818,248799.005,137018.995
India,Cassava,385818,248614.945,137203.055
India,Cassava,385818,248799.005,137018.995
India,Cassava,385818,248614.945,137203.055
India,Cassava,385818,248799.005,137018.995
India,Cassava,385818,248799.005,137018.995
India,Cassava,385818,248799.005,137018.995
India,Maize,25557,19441.565,6115.435000000001
India,Maize,25557,19511.68,6045.32
India,Maize,25557,19441.565,6115.435000000001
India,Maize,25557,19463.44,6093.560000000001
India,Maize,25557,19441.565,6115.435000000001
India,Maize,25557,19441.565,6115.435000000001
India,Maize,25557,19441.565,6115.435000000001
India,Maize,25557,19441.565,6115.435000000001
India,Maize,25557,20164.26,5392.740000000002
India,Maize,25557,19441.565,6115.435000000001
India,Maize,25557,19441.565,6115.435000000001
India,Maize,25557,19441.565,6115.435000000001
India,Maize,25557,19463.44,6093.560000000001
India,Maize,25557,19441.565,6115.435000000001
India,Maize,25557,19441.565,6115.435000000001
India,Maize,25557,19441.565,6115.435000000001
India,Maize,25557,19441.565,6115.435000000001
India,Maize,25557,19441.565,6115.435000000001
India,Maize,25557,19441.565,6115.435000000001
India,Maize,25557,19441.565,6115.435000000001
India,Maize,25557,19441.565,6115.435000000001
India,Maize,25557,19441.565,6115.435000000001
India,Potatoes,217530,181176.23,36353.76999999999
India,Potatoes,217530,181415.695,36114.30499999999
India,Potatoes,217530,181176.23,36353.76999999999
India,Potatoes,217530,181339.71,36190.29000000001
India,Potatoes,217530,181176.23,36353.76999999999
India,Potatoes,217530,181176.23,36353.76999999999
India,Potatoes,217530,181176.23,36353.76999999999
India,Potatoes,217530,181415.695,36114.30499999999
India,Potatoes,217530,180671.04,36858.95999999999
India,Potatoes,217530,181302.36,36227.640000000014
India,Potatoes,217530,181176.23,36353.76999999999
India,Potatoes,217530,181302.36,36227.640000000014
India,Potatoes,217530,181339.71,36190.29000000001
India,Potatoes,217530,181176.23,36353.76999999999
India,Potatoes,217530,181176.23,36353.76999999999
India,Potatoes,217530,181176.23,36353.76999999999
India,Potatoes,217530,181302.36,36227.640000000014
India,Potatoes,217530,181415.695,36114.30499999999
India,Potatoes,217530,181339.71,36190.29000000001
India,Potatoes,217530,181415.695,36114.30499999999
India,Potatoes,217530,181415.695,36114.30499999999
India,Potatoes,217530,181176.23,36353.76999999999
India,"Rice, paddy",36909,30796.335,6112.665000000001
India,"Rice, paddy",36909,30796.335,6112.665000000001
India,"Rice, paddy",36909,30796.335,6112.665000000001
India,"Rice, paddy",36909,30796.335,6112.665000000001
India,"Rice, paddy",36909,30796.335,6112.665000000001
India,"Rice, paddy",36909,30796.335,6112.665000000001
India,"Rice, paddy",36909,30796.335,6112.665000000001
India,"Rice, paddy",36909,30796.335,6112.665000000001
India,"Rice, paddy",36909,30783.1,6125.9000000000015
India,"Rice, paddy",36909,30796.335,6112.665000000001
India,"Rice, paddy",36909,30796.335,6112.665000000001
India,"Rice, paddy",36909,30796.335,6112.665000000001
India,"Rice, paddy",36909,30796.335,6112.665000000001
India,"Rice, paddy",36909,30796.335,6112.665000000001
India,"Rice, paddy",36909,30796.335,6112.665000000001
India,"Rice, paddy",36909,30796.335,6112.665000000001
India,"Rice, paddy",36909,30796.335,6112.665000000001
India,"Rice, paddy",36909,30796.335,6112.665000000001
India,"Rice, paddy",36909,30796.335,6112.665000000001
India,"Rice, paddy",36909,30796.335,6112.665000000001
India,"Rice, paddy",36909,30796.335,6112.665000000001
India,"Rice, paddy",36909,30796.335,6112.665000000001
India,Sorghum,9568,7632.27,1935.7299999999996
India,Sorghum,9568,7632.27,1935.7299999999996
India,Sorghum,9568,7632.27,1935.7299999999996
India,Sorghum,9568,7640.795,1927.205
India,Sorghum,9568,7632.27,1935.7299999999996
India,Sorghum,9568,7632.27,1935.7299999999996
India,Sorghum,9568,7632.27,1935.7299999999996
India,Sorghum,9568,7632.27,1935.7299999999996
India,Sorghum,9568,7632.27,1935.7299999999996
India,Sorghum,9568,7632.27,1935.7299999999996
India,Sorghum,9568,7632.27,1935.7299999999996
India,Sorghum,9568,7632.27,1935.7299999999996
India,Sorghum,9568,7640.795,1927.205
India,Sorghum,9568,7632.27,1935.7299999999996
India,Sorghum,9568,7632.27,1935.7299999999996
India,Sorghum,9568,7632.27,1935.7299999999996
India,Sorghum,9568,7632.27,1935.7299999999996
India,Sorghum,9568,7632.27,1935.7299999999996
India,Sorghum,9568,7623.91,1944.0900000000001
India,Sorghum,9568,7632.27,1935.7299999999996
India,Sorghum,9568,7632.27,1935.7299999999996
India,Sorghum,9568,7632.27,1935.7299999999996
India,Soybeans,13530,9595.175,3934.8250000000007
India,Soybeans,13530,9595.175,3934.8250000000007
India,Soybeans,13530,9595.175,3934.8250000000007
India,Soybeans,13530,9595.175,3934.8250000000007
India,Soybeans,13530,9595.175,3934.8250000000007
India,Soybeans,13530,9595.175,3934.8250000000007
India,Soybeans,13530,9595.175,3934.8250000000007
India,Soybeans,13530,9595.175,3934.8250000000007
India,Soybeans,13530,9608.925,3921.0750000000007
India,Soybeans,13530,9595.175,3934.8250000000007
India,Soybeans,13530,9595.175,3934.8250000000007
India,Soybeans,13530,9595.175,3934.8250000000007
India,Soybeans,13530,9595.175,3934.8250000000007
India,Soybeans,13530,9595.175,3934.8250000000007
India,Soybeans,13530,9595.175,3934.8250000000007
India,Soybeans,13530,9595.175,3934.8250000000007
India,Soybeans,13530,9595.175,3934.8250000000007
India,Soybeans,13530,9595.175,3934.8250000000007
India,Soybeans,13530,9595.175,3934.8250000000007
India,Soybeans,13530,9595.175,3934.8250000000007
India,Soybeans,13530,9595.175,3934.8250000000007
India,Soybeans,13530,9595.175,3934.8250000000007
India,Sweet potatoes,97174,88489.28,8684.720000000001
India,Sweet potatoes,97174,88489.28,8684.720000000001
India,Sweet potatoes,97174,88489.28,8684.720000000001
India,Sweet potatoes,97174,88489.28,8684.720000000001
India,Sweet potatoes,97174,88489.28,8684.720000000001
India,Sweet potatoes,97174,88489.28,8684.720000000001
India,Sweet potatoes,97174,88489.28,8684.720000000001
India,Sweet potatoes,97174,88489.28,8684.720000000001
India,Sweet potatoes,97174,88489.28,8684.720000000001
India,Sweet potatoes,97174,88489.28,8684.720000000001
India,Sweet potatoes,97174,88489.28,8684.720000000001
India,Sweet potatoes,97174,88489.28,8684.720000000001
India,Sweet potatoes,97174,88489.28,8684.720000000001
India,Sweet potatoes,97174,88489.28,8684.720000000001
India,Sweet potatoes,97174,88489.28,8684.720000000001
India,Sweet potatoes,97174,88489.28,8684.720000000001
India,Sweet potatoes,97174,88489.28,8684.720000000001
India,Sweet potatoes,97174,88489.28,8684.720000000001
India,Sweet potatoes,97174,88489.28,8684.720000000001
India,Sweet potatoes,97174,88489.28,8684.720000000001
India,Sweet potatoes,97174,88489.28,8684.720000000001
India,Sweet potatoes,97174,88489.28,8684.720000000001
India,Wheat,31775,26967.355,4807.645
India,Wheat,31775,26990.78,4784.220000000001
India,Wheat,31775,26967.355,4807.645
India,Wheat,31775,26976.12,4798.880000000001
India,Wheat,31775,26967.355,4807.645
India,Wheat,31775,26967.355,4807.645
India,Wheat,31775,26967.355,4807.645
India,Wheat,31775,26956.09,4818.91
India,Wheat,31775,26300.405,5474.595000000001
India,Wheat,31775,26972.6,4802.4000000000015
India,Wheat,31775,26967.355,4807.645
India,Wheat,31775,26972.6,4802.4000000000015
India,Wheat,31775,26976.12,4798.880000000001
India,Wheat,31775,26967.355,4807.645
India,Wheat,31775,26967.355,4807.645
India,Wheat,31775,26967.355,4807.645
India,Wheat,31775,26976.12,4798.880000000001
India,Wheat,31775,26967.355,4807.645
India,Wheat,31775,26981.365,4793.634999999998
India,Wheat,31775,26967.355,4807.645
India,Wheat,31775,26967.355,4807.645
India,Wheat,31775,26967.355,4807.645
India,Cassava,349594,253001.87,96592.13
India,Cassava,349594,253001.87,96592.13
India,Cassava,349594,253001.87,96592.13
India,Cassava,349594,253001.87,96592.13
India,Cassava,349594,253001.87,96592.13
India,Cassava,349594,253001.87,96592.13
India,Cassava,349594,253001.87,96592.13
India,Cassava,349594,253001.87,96592.13
India,Cassava,349594,253001.87,96592.13
India,Cassava,349594,253001.87,96592.13
India,Cassava,349594,253001.87,96592.13
India,Cassava,349594,253001.87,96592.13
India,Cassava,349594,253001.87,96592.13
India,Cassava,349594,253001.87,96592.13
India,Cassava,349594,253001.87,96592.13
India,Cassava,349594,253001.87,96592.13
India,Cassava,349594,253001.87,96592.13
India,Cassava,349594,253001.87,96592.13
India,Cassava,349594,253001.87,96592.13
India,Cassava,349594,253001.87,96592.13
India,Cassava,349594,253001.87,96592.13
India,Cassava,349594,253001.87,96592.13
India,Maize,25726,19547.065,6178.935000000001
India,Maize,25726,19781.94,5944.060000000001
India,Maize,25726,19617.18,6108.82
India,Maize,25726,19547.065,6178.935000000001
India,Maize,25726,19547.065,6178.935000000001
India,Maize,25726,19547.065,6178.935000000001
India,Maize,25726,19547.065,6178.935000000001
India,Maize,25726,19735.25,5990.75
India,Maize,25726,20329.855,5396.145
India,Maize,25726,19547.065,6178.935000000001
India,Maize,25726,19547.065,6178.935000000001
India,Maize,25726,19547.065,6178.935000000001
India,Maize,25726,19547.065,6178.935000000001
India,Maize,25726,19617.18,6108.82
India,Maize,25726,19547.065,6178.935000000001
India,Maize,25726,19547.065,6178.935000000001
India,Maize,25726,19547.065,6178.935000000001
India,Maize,25726,19617.18,6108.82
India,Maize,25726,19547.065,6178.935000000001
India,Maize,25726,19735.25,5990.75
India,Maize,25726,19735.25,5990.75
India,Maize,25726,19547.065,6178.935000000001
India,Potatoes,227606,180346.43,47259.57000000001
India,Potatoes,227606,180137.465,47468.535
India,Potatoes,227606,180346.43,47259.57000000001
India,Potatoes,227606,180306.855,47299.14499999999
India,Potatoes,227606,180346.43,47259.57000000001
India,Potatoes,227606,180346.43,47259.57000000001
India,Potatoes,227606,180346.43,47259.57000000001
India,Potatoes,227606,180280.51,47325.48999999999
India,Potatoes,227606,177709.705,49896.29500000001
India,Potatoes,227606,180346.43,47259.57000000001
India,Potatoes,227606,180346.43,47259.57000000001
India,Potatoes,227606,180346.43,47259.57000000001
India,Potatoes,227606,180306.855,47299.14499999999
India,Potatoes,227606,180346.43,47259.57000000001
India,Potatoes,227606,180346.43,47259.57000000001
India,Potatoes,227606,180346.43,47259.57000000001
India,Potatoes,227606,180346.43,47259.57000000001
India,Potatoes,227606,180346.43,47259.57000000001
India,Potatoes,227606,180346.43,47259.57000000001
India,Potatoes,227606,180280.51,47325.48999999999
India,Potatoes,227606,180280.51,47325.48999999999
India,Potatoes,227606,180346.43,47259.57000000001
India,"Rice, paddy",36070,30819.61,5250.389999999999
India,"Rice, paddy",36070,30806.375,5263.625
India,"Rice, paddy",36070,30819.325,5250.674999999999
India,"Rice, paddy",36070,30819.61,5250.389999999999
India,"Rice, paddy",36070,30819.61,5250.389999999999
India,"Rice, paddy",36070,30819.61,5250.389999999999
India,"Rice, paddy",36070,30819.61,5250.389999999999
India,"Rice, paddy",36070,30818.47,5251.529999999999
India,"Rice, paddy",36070,30806.375,5263.625
India,"Rice, paddy",36070,30819.61,5250.389999999999
India,"Rice, paddy",36070,30819.61,5250.389999999999
India,"Rice, paddy",36070,30819.61,5250.389999999999
India,"Rice, paddy",36070,30819.61,5250.389999999999
India,"Rice, paddy",36070,30819.325,5250.674999999999
India,"Rice, paddy",36070,30819.61,5250.389999999999
India,"Rice, paddy",36070,30819.61,5250.389999999999
India,"Rice, paddy",36070,30819.61,5250.389999999999
India,"Rice, paddy",36070,30819.325,5250.674999999999
India,"Rice, paddy",36070,30819.61,5250.389999999999
India,"Rice, paddy",36070,30818.47,5251.529999999999
India,"Rice, paddy",36070,30818.47,5251.529999999999
India,"Rice, paddy",36070,30819.61,5250.389999999999
India,Sorghum,8502,8260.01,241.98999999999978
India,Sorghum,8502,8260.01,241.98999999999978
India,Sorghum,8502,8260.01,241.98999999999978
India,Sorghum,8502,8260.01,241.98999999999978
India,Sorghum,8502,8260.01,241.98999999999978
India,Sorghum,8502,8260.01,241.98999999999978
India,Sorghum,8502,8260.01,241.98999999999978
India,Sorghum,8502,8260.01,241.98999999999978
India,Sorghum,8502,8283.295,218.70499999999993
India,Sorghum,8502,8260.01,241.98999999999978
India,Sorghum,8502,8260.01,241.98999999999978
India,Sorghum,8502,8260.01,241.98999999999978
India,Sorghum,8502,8260.01,241.98999999999978
India,Sorghum,8502,8260.01,241.98999999999978
India,Sorghum,8502,8260.01,241.98999999999978
India,Sorghum,8502,8260.01,241.98999999999978
India,Sorghum,8502,8260.01,241.98999999999978
India,Sorghum,8502,8260.01,241.98999999999978
India,Sorghum,8502,8260.01,241.98999999999978
India,Sorghum,8502,8260.01,241.98999999999978
India,Sorghum,8502,8260.01,241.98999999999978
India,Sorghum,8502,8260.01,241.98999999999978
India,Soybeans,10123,9689.22,433.78000000000065
India,Soybeans,10123,9682.81,440.1900000000005
India,Soybeans,10123,9689.22,433.78000000000065
India,Soybeans,10123,9689.22,433.78000000000065
India,Soybeans,10123,9689.22,433.78000000000065
India,Soybeans,10123,9689.22,433.78000000000065
India,Soybeans,10123,9689.22,433.78000000000065
India,Soybeans,10123,9677.615,445.3850000000002
India,Soybeans,10123,9766.165,356.8349999999991
India,Soybeans,10123,9689.22,433.78000000000065
India,Soybeans,10123,9689.22,433.78000000000065
India,Soybeans,10123,9689.22,433.78000000000065
India,Soybeans,10123,9689.22,433.78000000000065
India,Soybeans,10123,9695.11,427.8899999999994
India,Soybeans,10123,9689.22,433.78000000000065
India,Soybeans,10123,9689.22,433.78000000000065
India,Soybeans,10123,9689.22,433.78000000000065
India,Soybeans,10123,9695.11,427.8899999999994
India,Soybeans,10123,9689.22,433.78000000000065
India,Soybeans,10123,9685.62,437.3799999999992
India,Soybeans,10123,9685.62,437.3799999999992
India,Soybeans,10123,9689.22,433.78000000000065
India,Sweet potatoes,101288,88520.885,12767.115000000005
India,Sweet potatoes,101288,88520.885,12767.115000000005
India,Sweet potatoes,101288,88520.885,12767.115000000005
India,Sweet potatoes,101288,88520.885,12767.115000000005
India,Sweet potatoes,101288,88520.885,12767.115000000005
India,Sweet potatoes,101288,88520.885,12767.115000000005
India,Sweet potatoes,101288,88520.885,12767.115000000005
India,Sweet potatoes,101288,88520.885,12767.115000000005
India,Sweet potatoes,101288,88520.885,12767.115000000005
India,Sweet potatoes,101288,88520.885,12767.115000000005
India,Sweet potatoes,101288,88520.885,12767.115000000005
India,Sweet potatoes,101288,88520.885,12767.115000000005
India,Sweet potatoes,101288,88520.885,12767.115000000005
India,Sweet potatoes,101288,88520.885,12767.115000000005
India,Sweet potatoes,101288,88520.885,12767.115000000005
India,Sweet potatoes,101288,88520.885,12767.115000000005
India,Sweet potatoes,101288,88520.885,12767.115000000005
India,Sweet potatoes,101288,88520.885,12767.115000000005
India,Sweet potatoes,101288,88520.885,12767.115000000005
India,Sweet potatoes,101288,88520.885,12767.115000000005
India,Sweet potatoes,101288,88520.885,12767.115000000005
India,Sweet potatoes,101288,88520.885,12767.115000000005
India,Wheat,31538,26968.94,4569.060000000001
India,Wheat,31538,26957.795,4580.205000000002
India,Wheat,31538,26992.365,4545.634999999998
India,Wheat,31538,26968.94,4569.060000000001
India,Wheat,31538,26968.94,4569.060000000001
India,Wheat,31538,26968.94,4569.060000000001
India,Wheat,31538,26968.94,4569.060000000001
India,Wheat,31538,26963.04,4574.959999999999
India,Wheat,31538,26287.06,5250.939999999999
India,Wheat,31538,26968.94,4569.060000000001
India,Wheat,31538,26968.94,4569.060000000001
India,Wheat,31538,26968.94,4569.060000000001
India,Wheat,31538,26968.94,4569.060000000001
India,Wheat,31538,26992.365,4545.634999999998
India,Wheat,31538,26968.94,4569.060000000001
India,Wheat,31538,26968.94,4569.060000000001
India,Wheat,31538,26968.94,4569.060000000001
India,Wheat,31538,26997.73,4540.27
India,Wheat,31538,26968.94,4569.060000000001
India,Wheat,31538,26963.04,4574.959999999999
India,Wheat,31538,26963.04,4574.959999999999
India,Wheat,31538,26957.675,4580.325000000001
Indonesia,Cassava,132491,129159.11,3331.8899999999994
Indonesia,Cassava,132491,129407.0,3084.0
Indonesia,Cassava,132491,129407.0,3084.0
Indonesia,Cassava,132491,129407.0,3084.0
Indonesia,Cassava,132491,129304.45,3186.550000000003
Indonesia,Cassava,132491,129220.63,3270.3699999999953
Indonesia,Maize,30655,28424.96,2230.040000000001
Indonesia,Maize,30655,28442.015,2212.9850000000006
Indonesia,Maize,30655,28442.015,2212.9850000000006
Indonesia,Maize,30655,28442.015,2212.9850000000006
Indonesia,Maize,30655,28434.045,2220.9550000000017
Indonesia,Maize,30655,28442.015,2212.9850000000006
Indonesia,Potatoes,155903,147906.145,7996.8550000000105
Indonesia,Potatoes,155903,147463.48,8439.51999999999
Indonesia,Potatoes,155903,147537.16,8365.839999999997
Indonesia,Potatoes,155903,147537.16,8365.839999999997
Indonesia,Potatoes,155903,147979.24,7923.760000000009
Indonesia,Potatoes,155903,147561.845,8341.154999999999
Indonesia,"Rice, paddy",44691,43871.29,819.7099999999991
Indonesia,"Rice, paddy",44691,43887.51,803.489999999998
Indonesia,"Rice, paddy",44691,43881.45,809.5500000000029
Indonesia,"Rice, paddy",44691,43881.45,809.5500000000029
Indonesia,"Rice, paddy",44691,43868.6,822.4000000000015
Indonesia,"Rice, paddy",44691,42682.855,2008.1449999999968
Indonesia,Soybeans,12360,12182.54,177.45999999999913
Indonesia,Soybeans,12360,12181.77,178.22999999999956
Indonesia,Soybeans,12360,12181.77,178.22999999999956
Indonesia,Soybeans,12360,12181.77,178.22999999999956
Indonesia,Soybeans,12360,12182.54,177.45999999999913
Indonesia,Soybeans,12360,12181.77,178.22999999999956
Indonesia,Sweet potatoes,99940,96285.025,3654.975000000006
Indonesia,Sweet potatoes,99940,96379.905,3560.095000000001
Indonesia,Sweet potatoes,99940,96520.625,3419.375
Indonesia,Sweet potatoes,99940,96520.625,3419.375
Indonesia,Sweet potatoes,99940,96756.67,3183.3300000000017
Indonesia,Sweet potatoes,99940,96431.38,3508.6199999999953
Indonesia,Cassava,154679,129159.11,25519.89
Indonesia,Cassava,154679,129407.0,25272.0
Indonesia,Cassava,154679,129369.59,25309.410000000003
Indonesia,Cassava,154679,129407.0,25272.0
Indonesia,Cassava,154679,129304.45,25374.550000000003
Indonesia,Cassava,154679,129220.63,25458.369999999995
Indonesia,Maize,33439,28424.96,5014.040000000001
Indonesia,Maize,33439,28442.015,4996.985000000001
Indonesia,Maize,33439,28442.015,4996.985000000001
Indonesia,Maize,33439,28442.015,4996.985000000001
Indonesia,Maize,33439,28434.045,5004.955000000002
Indonesia,Maize,33439,28442.015,4996.985000000001
Indonesia,Potatoes,163870,147788.69,16081.309999999998
Indonesia,Potatoes,163870,147463.48,16406.51999999999
Indonesia,Potatoes,163870,148200.28,15669.720000000001
Indonesia,Potatoes,163870,147561.845,16308.154999999999
Indonesia,Potatoes,163870,147905.56,15964.440000000002
Indonesia,Potatoes,163870,147561.845,16308.154999999999
Indonesia,"Rice, paddy",45365,43859.55,1505.449999999997
Indonesia,"Rice, paddy",45365,43885.295,1479.7050000000017
Indonesia,"Rice, paddy",45365,43853.08,1511.9199999999983
Indonesia,"Rice, paddy",45365,43250.54,2114.459999999999
Indonesia,"Rice, paddy",45365,43873.27,1491.7300000000032
Indonesia,"Rice, paddy",45365,42770.795,2594.2050000000017
Indonesia,Soybeans,12801,12182.54,618.4599999999991
Indonesia,Soybeans,12801,12181.77,619.2299999999996
Indonesia,Soybeans,12801,12181.77,619.2299999999996
Indonesia,Soybeans,12801,12181.77,619.2299999999996
Indonesia,Soybeans,12801,12182.54,618.4599999999991
Indonesia,Soybeans,12801,12181.77,619.2299999999996
Indonesia,Sweet potatoes,103053,96314.985,6738.014999999999
Indonesia,Sweet potatoes,103053,96379.905,6673.095000000001
Indonesia,Sweet potatoes,103053,96561.63,6491.369999999995
Indonesia,Sweet potatoes,103053,97221.275,5831.725000000006
Indonesia,Sweet potatoes,103053,96418.065,6634.934999999998
Indonesia,Sweet potatoes,103053,96419.2,6633.800000000003
Indonesia,Cassava,159224,129159.11,30064.89
Indonesia,Cassava,159224,129324.96,29899.039999999994
Indonesia,Cassava,159224,129407.0,29817.0
Indonesia,Cassava,159224,129407.0,29817.0
Indonesia,Cassava,159224,129304.45,29919.550000000003
Indonesia,Cassava,159224,129220.63,30003.369999999995
Indonesia,Maize,34539,28424.96,6114.040000000001
Indonesia,Maize,34539,28434.045,6104.955000000002
Indonesia,Maize,34539,28442.015,6096.985000000001
Indonesia,Maize,34539,28442.015,6096.985000000001
Indonesia,Maize,34539,28434.045,6104.955000000002
Indonesia,Maize,34539,28442.015,6096.985000000001
Indonesia,Potatoes,164014,147918.805,16095.195000000007
Indonesia,Potatoes,164014,148052.92,15961.079999999987
Indonesia,Potatoes,164014,147463.48,16550.51999999999
Indonesia,Potatoes,164014,147463.48,16550.51999999999
Indonesia,Potatoes,164014,147979.24,16034.76000000001
Indonesia,Potatoes,164014,147561.845,16452.155
Indonesia,"Rice, paddy",45739,43880.815,1858.1849999999977
Indonesia,"Rice, paddy",45739,43872.675,1866.324999999997
Indonesia,"Rice, paddy",45739,43885.295,1853.7050000000017
Indonesia,"Rice, paddy",45739,43885.935,1853.0650000000023
Indonesia,"Rice, paddy",45739,43872.675,1866.324999999997
Indonesia,"Rice, paddy",45739,42654.28,3084.720000000001
Indonesia,Soybeans,13006,12182.54,823.4599999999991
Indonesia,Soybeans,13006,12181.77,824.2299999999996
Indonesia,Soybeans,13006,12181.77,824.2299999999996
Indonesia,Soybeans,13006,12181.77,824.2299999999996
Indonesia,Soybeans,13006,12182.54,823.4599999999991
Indonesia,Soybeans,13006,12181.77,824.2299999999996
Indonesia,Sweet potatoes,104128,96216.755,7911.244999999995
Indonesia,Sweet potatoes,104128,96452.595,7675.404999999999
Indonesia,Sweet potatoes,104128,96379.905,7748.095000000001
Indonesia,Sweet potatoes,104128,96379.905,7748.095000000001
Indonesia,Sweet potatoes,104128,96428.365,7699.634999999995
Indonesia,Sweet potatoes,104128,96342.395,7785.604999999996
Indonesia,Cassava,162829,129159.11,33669.89
Indonesia,Cassava,162829,129407.0,33422.0
Indonesia,Cassava,162829,129184.92,33644.08
Indonesia,Cassava,162829,129407.0,33422.0
Indonesia,Cassava,162829,129304.45,33524.55
Indonesia,Cassava,162829,129407.0,33422.0
Indonesia,Maize,34699,28424.96,6274.040000000001
Indonesia,Maize,34699,28442.015,6256.985000000001
Indonesia,Maize,34699,28434.045,6264.955000000002
Indonesia,Maize,34699,28442.015,6256.985000000001
Indonesia,Maize,34699,28434.045,6264.955000000002
Indonesia,Maize,34699,28442.015,6256.985000000001
Indonesia,Potatoes,169363,147906.145,21456.85500000001
Indonesia,Potatoes,169363,147463.48,21899.51999999999
Indonesia,Potatoes,169363,147979.24,21383.76000000001
Indonesia,Potatoes,169363,147537.16,21825.839999999997
Indonesia,Potatoes,169363,147905.56,21457.440000000002
Indonesia,Potatoes,169363,147537.16,21825.839999999997
Indonesia,"Rice, paddy",46201,43871.29,2329.709999999999
Indonesia,"Rice, paddy",46201,43886.87,2314.1299999999974
Indonesia,"Rice, paddy",46201,43872.675,2328.324999999997
Indonesia,"Rice, paddy",46201,43852.18,2348.8199999999997
Indonesia,"Rice, paddy",46201,43873.27,2327.730000000003
Indonesia,"Rice, paddy",46201,43852.18,2348.8199999999997
Indonesia,Soybeans,12878,12182.54,695.4599999999991
Indonesia,Soybeans,12878,12181.77,696.2299999999996
Indonesia,Soybeans,12878,12181.77,696.2299999999996
Indonesia,Soybeans,12878,12181.77,696.2299999999996
Indonesia,Soybeans,12878,12182.54,695.4599999999991
Indonesia,Soybeans,12878,12181.77,696.2299999999996
Indonesia,Sweet potatoes,105267,96314.985,8952.015
Indonesia,Sweet potatoes,105267,96379.905,8887.095000000001
Indonesia,Sweet potatoes,105267,96452.595,8814.404999999999
Indonesia,Sweet potatoes,105267,97848.59,7418.4100000000035
Indonesia,Sweet potatoes,105267,96418.065,8848.934999999998
Indonesia,Sweet potatoes,105267,97848.59,7418.4100000000035
Indonesia,Cassava,166362,129159.11,37202.89
Indonesia,Cassava,166362,129184.92,37177.08
Indonesia,Cassava,166362,129304.45,37057.55
Indonesia,Cassava,166362,129369.59,36992.41
Indonesia,Cassava,166362,129272.8,37089.2
Indonesia,Cassava,166362,129407.0,36955.0
Indonesia,Maize,36601,28424.96,8176.040000000001
Indonesia,Maize,36601,28434.045,8166.955000000002
Indonesia,Maize,36601,28434.045,8166.955000000002
Indonesia,Maize,36601,28442.015,8158.985000000001
Indonesia,Maize,36601,28434.045,8166.955000000002
Indonesia,Maize,36601,28442.015,8158.985000000001
Indonesia,Potatoes,160919,148066.03,12852.970000000001
Indonesia,Potatoes,160919,147979.24,12939.76000000001
Indonesia,Potatoes,160919,148126.6,12792.399999999994
Indonesia,Potatoes,160919,148200.28,12718.720000000001
Indonesia,Potatoes,160919,147940.97,12978.029999999999
Indonesia,Potatoes,160919,147537.16,13381.839999999997
Indonesia,"Rice, paddy",47052,43880.815,3171.1849999999977
Indonesia,"Rice, paddy",47052,43872.675,3179.324999999997
Indonesia,"Rice, paddy",47052,43871.395,3180.605000000003
Indonesia,"Rice, paddy",47052,43809.53,3242.470000000001
Indonesia,"Rice, paddy",47052,43874.755,3177.2450000000026
Indonesia,"Rice, paddy",47052,43881.45,3170.550000000003
Indonesia,Soybeans,12908,12182.54,725.4599999999991
Indonesia,Soybeans,12908,12181.77,726.2299999999996
Indonesia,Soybeans,12908,12181.77,726.2299999999996
Indonesia,Soybeans,12908,12181.77,726.2299999999996
Indonesia,Soybeans,12908,12182.54,725.4599999999991
Indonesia,Soybeans,12908,12181.77,726.2299999999996
Indonesia,Sweet potatoes,106643,96218.08,10424.919999999998
Indonesia,Sweet potatoes,106643,96452.595,10190.404999999999
Indonesia,Sweet potatoes,106643,96549.515,10093.485
Indonesia,Sweet potatoes,106643,96561.63,10081.369999999995
Indonesia,Sweet potatoes,106643,96390.8,10252.199999999997
Indonesia,Sweet potatoes,106643,96520.625,10122.375
Indonesia,Cassava,180950,129220.64,51729.36
Indonesia,Cassava,180950,129304.45,51645.55
Indonesia,Cassava,180950,129304.45,51645.55
Indonesia,Cassava,180950,129324.96,51625.03999999999
Indonesia,Cassava,180950,129159.11,51790.89
Indonesia,Cassava,180950,129369.59,51580.41
Indonesia,Maize,40776,28424.96,12351.04
Indonesia,Maize,40776,28434.045,12341.955000000002
Indonesia,Maize,40776,28434.045,12341.955000000002
Indonesia,Maize,40776,28434.045,12341.955000000002
Indonesia,Maize,40776,28424.96,12351.04
Indonesia,Maize,40776,28442.015,12333.985
Indonesia,Potatoes,166719,147978.81,18740.190000000002
Indonesia,Potatoes,166719,147905.56,18813.440000000002
Indonesia,Potatoes,166719,147979.24,18739.76000000001
Indonesia,Potatoes,166719,148126.6,18592.399999999994
Indonesia,Potatoes,166719,147580.41,19138.589999999997
Indonesia,Potatoes,166719,148200.28,18518.72
Indonesia,"Rice, paddy",48948,43841.89,5106.110000000001
Indonesia,"Rice, paddy",48948,43873.27,5074.730000000003
Indonesia,"Rice, paddy",48948,43875.4,5072.5999999999985
Indonesia,"Rice, paddy",48948,43871.395,5076.605000000003
Indonesia,"Rice, paddy",48948,43865.64,5082.360000000001
Indonesia,"Rice, paddy",48948,43853.08,5094.919999999998
Indonesia,Soybeans,13119,12181.77,937.2299999999996
Indonesia,Soybeans,13119,12182.54,936.4599999999991
Indonesia,Soybeans,13119,12182.54,936.4599999999991
Indonesia,Soybeans,13119,12181.77,937.2299999999996
Indonesia,Soybeans,13119,12184.08,934.9200000000001
Indonesia,Soybeans,13119,12181.77,937.2299999999996
Indonesia,Sweet potatoes,107743,97474.645,10268.354999999996
Indonesia,Sweet potatoes,107743,96418.065,11324.934999999998
Indonesia,Sweet potatoes,107743,96471.005,11271.994999999995
Indonesia,Sweet potatoes,107743,96513.49,11229.509999999995
Indonesia,Sweet potatoes,107743,96414.725,11328.274999999994
Indonesia,Sweet potatoes,107743,96561.63,11181.369999999995
Indonesia,Cassava,187461,129159.11,58301.89
Indonesia,Cassava,187461,129369.59,58091.41
Indonesia,Cassava,187461,129369.59,58091.41
Indonesia,Cassava,187461,129407.0,58054.0
Indonesia,Cassava,187461,129304.45,58156.55
Indonesia,Cassava,187461,129220.63,58240.369999999995
Indonesia,Maize,42372,28424.96,13947.04
Indonesia,Maize,42372,28442.015,13929.985
Indonesia,Maize,42372,28442.015,13929.985
Indonesia,Maize,42372,28442.015,13929.985
Indonesia,Maize,42372,28434.045,13937.955000000002
Indonesia,Maize,42372,28442.015,13929.985
Indonesia,Potatoes,165123,147918.805,17204.195000000007
Indonesia,Potatoes,165123,148200.28,16922.72
Indonesia,Potatoes,165123,148200.28,16922.72
Indonesia,Potatoes,165123,147561.845,17561.155
Indonesia,Potatoes,165123,147905.56,17217.440000000002
Indonesia,Potatoes,165123,147561.845,17561.155
Indonesia,"Rice, paddy",49985,43880.815,6104.184999999998
Indonesia,"Rice, paddy",49985,43853.08,6131.919999999998
Indonesia,"Rice, paddy",49985,43809.53,6175.470000000001
Indonesia,"Rice, paddy",49985,43159.72,6825.279999999999
Indonesia,"Rice, paddy",49985,43873.27,6111.730000000003
Indonesia,"Rice, paddy",49985,42770.795,7214.205000000002
Indonesia,Soybeans,13483,12182.54,1300.4599999999991
Indonesia,Soybeans,13483,12181.77,1301.2299999999996
Indonesia,Soybeans,13483,12181.77,1301.2299999999996
Indonesia,Soybeans,13483,12181.77,1301.2299999999996
Indonesia,Soybeans,13483,12182.54,1300.4599999999991
Indonesia,Soybeans,13483,12181.77,1301.2299999999996
Indonesia,Sweet potatoes,111920,96216.755,15703.244999999995
Indonesia,Sweet potatoes,111920,96561.63,15358.369999999995
Indonesia,Sweet potatoes,111920,96561.63,15358.369999999995
Indonesia,Sweet potatoes,111920,96667.885,15252.115000000005
Indonesia,Sweet potatoes,111920,96418.065,15501.934999999998
Indonesia,Sweet potatoes,111920,96419.2,15500.800000000003
Indonesia,Cassava,202174,129159.11,73014.89
Indonesia,Cassava,202174,129369.59,72804.41
Indonesia,Cassava,202174,129220.63,72953.37
Indonesia,Cassava,202174,129407.0,72767.0
Indonesia,Cassava,202174,129272.8,72901.2
Indonesia,Cassava,202174,129407.0,72767.0
Indonesia,Maize,44359,28424.96,15934.04
Indonesia,Maize,44359,28438.03,15920.970000000001
Indonesia,Maize,44359,28442.015,15916.985
Indonesia,Maize,44359,28442.015,15916.985
Indonesia,Maize,44359,28434.045,15924.955000000002
Indonesia,Maize,44359,28442.015,15916.985
Indonesia,Potatoes,159445,147918.805,11526.195000000007
Indonesia,Potatoes,159445,148126.6,11318.399999999994
Indonesia,Potatoes,159445,147561.845,11883.154999999999
Indonesia,Potatoes,159445,147463.48,11981.51999999999
Indonesia,Potatoes,159445,147805.94,11639.059999999998
Indonesia,Potatoes,159445,147537.16,11907.839999999997
Indonesia,"Rice, paddy",50153,43880.815,6272.184999999998
Indonesia,"Rice, paddy",50153,43870.115,6282.885000000002
Indonesia,"Rice, paddy",50153,42770.795,7382.205000000002
Indonesia,"Rice, paddy",50153,43885.295,6267.705000000002
Indonesia,"Rice, paddy",50153,43873.27,6279.730000000003
Indonesia,"Rice, paddy",50153,43852.18,6300.82
Indonesia,Soybeans,13726,12182.54,1543.4599999999991
Indonesia,Soybeans,13726,12181.77,1544.2299999999996
Indonesia,Soybeans,13726,12181.77,1544.2299999999996
Indonesia,Soybeans,13726,12181.77,1544.2299999999996
Indonesia,Soybeans,13726,12182.54,1543.4599999999991
Indonesia,Soybeans,13726,12181.77,1544.2299999999996
Indonesia,Sweet potatoes,113272,96216.755,17055.244999999995
Indonesia,Sweet potatoes,113272,96524.965,16747.035000000003
Indonesia,Sweet potatoes,113272,96419.2,16852.800000000003
Indonesia,Sweet potatoes,113272,96379.905,16892.095
Indonesia,Sweet potatoes,113272,96418.065,16853.934999999998
Indonesia,Sweet potatoes,113272,97848.59,15423.410000000003
Indonesia,Cassava,202955,129220.64,73734.36
Indonesia,Cassava,202955,129324.96,73630.04
Indonesia,Cassava,202955,129324.96,73630.04
Indonesia,Cassava,202955,129407.0,73548.0
Indonesia,Cassava,202955,129159.11,73795.89
Indonesia,Cassava,202955,129324.96,73630.04
Indonesia,Maize,45652,28424.96,17227.04
Indonesia,Maize,45652,28438.03,17213.97
Indonesia,Maize,45652,28434.045,17217.955
Indonesia,Maize,45652,28442.015,17209.985
Indonesia,Maize,45652,28424.96,17227.04
Indonesia,Maize,45652,28434.045,17217.955
Indonesia,Potatoes,159562,147978.81,11583.190000000002
Indonesia,Potatoes,159562,148052.92,11509.079999999987
Indonesia,Potatoes,159562,147979.24,11582.76000000001
Indonesia,Potatoes,159562,147463.48,12098.51999999999
Indonesia,Potatoes,159562,147580.41,11981.589999999997
Indonesia,Potatoes,159562,147979.24,11582.76000000001
Indonesia,"Rice, paddy",49802,43848.69,5953.309999999998
Indonesia,"Rice, paddy",49802,43872.035,5929.9649999999965
Indonesia,"Rice, paddy",49802,43871.395,5930.605000000003
Indonesia,"Rice, paddy",49802,43886.87,5915.129999999997
Indonesia,"Rice, paddy",49802,43865.64,5936.360000000001
Indonesia,"Rice, paddy",49802,43871.395,5930.605000000003
Indonesia,Soybeans,13681,12181.77,1499.2299999999996
Indonesia,Soybeans,13681,12181.77,1499.2299999999996
Indonesia,Soybeans,13681,12181.77,1499.2299999999996
Indonesia,Soybeans,13681,12181.77,1499.2299999999996
Indonesia,Soybeans,13681,12184.08,1496.92
Indonesia,Soybeans,13681,12181.77,1499.2299999999996
Indonesia,Sweet potatoes,123289,98446.145,24842.854999999996
Indonesia,Sweet potatoes,123289,96452.595,26836.405
Indonesia,Sweet potatoes,123289,96489.26,26799.740000000005
Indonesia,Sweet potatoes,123289,96379.905,26909.095
Indonesia,Sweet potatoes,123289,96414.725,26874.274999999994
Indonesia,Sweet potatoes,123289,96489.26,26799.740000000005
Indonesia,Cassava,214018,129159.11,84858.89
Indonesia,Cassava,214018,129407.0,84611.0
Indonesia,Cassava,214018,129407.0,84611.0
Indonesia,Cassava,214018,129407.0,84611.0
Indonesia,Cassava,214018,129272.8,84745.2
Indonesia,Cassava,214018,129407.0,84611.0
Indonesia,Maize,48987,28424.96,20562.04
Indonesia,Maize,48987,28442.015,20544.985
Indonesia,Maize,48987,28442.015,20544.985
Indonesia,Maize,48987,28442.015,20544.985
Indonesia,Maize,48987,28434.045,20552.955
Indonesia,Maize,48987,28442.015,20544.985
Indonesia,Potatoes,165820,147918.805,17901.195000000007
Indonesia,Potatoes,165820,148200.28,17619.72
Indonesia,Potatoes,165820,148200.28,17619.72
Indonesia,Potatoes,165820,147537.16,18282.839999999997
Indonesia,Potatoes,165820,147940.97,17879.03
Indonesia,Potatoes,165820,147463.48,18356.51999999999
Indonesia,"Rice, paddy",51360,43880.815,7479.184999999998
Indonesia,"Rice, paddy",51360,43885.59,7474.4100000000035
Indonesia,"Rice, paddy",51360,43885.59,7474.4100000000035
Indonesia,"Rice, paddy",51360,43881.45,7478.550000000003
Indonesia,"Rice, paddy",51360,43874.755,7485.245000000003
Indonesia,"Rice, paddy",51360,43885.295,7474.705000000002
Indonesia,Soybeans,14854,12182.54,2671.459999999999
Indonesia,Soybeans,14854,12181.77,2672.2299999999996
Indonesia,Soybeans,14854,12181.77,2672.2299999999996
Indonesia,Soybeans,14854,12181.77,2672.2299999999996
Indonesia,Soybeans,14854,12182.54,2671.459999999999
Indonesia,Soybeans,14854,12181.77,2672.2299999999996
Indonesia,Sweet potatoes,139290,96216.755,43073.244999999995
Indonesia,Sweet potatoes,139290,96549.515,42740.485
Indonesia,Sweet potatoes,139290,96549.515,42740.485
Indonesia,Sweet potatoes,139290,96520.625,42769.375
Indonesia,Sweet potatoes,139290,96390.8,42899.2
Indonesia,Sweet potatoes,139290,96379.905,42910.095
Indonesia,Cassava,224601,129159.11,95441.89
Indonesia,Cassava,224601,129407.0,95194.0
Indonesia,Cassava,224601,129465.83,95135.17
Indonesia,Cassava,224601,129369.59,95231.41
Indonesia,Cassava,224601,129159.11,95441.89
Indonesia,Cassava,224601,129369.59,95231.41
Indonesia,Maize,48441,28424.96,20016.04
Indonesia,Maize,48441,28442.015,19998.985
Indonesia,Maize,48441,28442.015,19998.985
Indonesia,Maize,48441,28442.015,19998.985
Indonesia,Maize,48441,28424.96,20016.04
Indonesia,Maize,48441,28442.015,19998.985
Indonesia,Potatoes,160184,148066.03,12117.970000000001
Indonesia,Potatoes,160184,148200.28,11983.720000000001
Indonesia,Potatoes,160184,147561.845,12622.154999999999
Indonesia,Potatoes,160184,148200.28,11983.720000000001
Indonesia,Potatoes,160184,147433.05,12750.950000000012
Indonesia,Potatoes,160184,148200.28,11983.720000000001
Indonesia,"Rice, paddy",51520,43878.6,7641.4000000000015
Indonesia,"Rice, paddy",51520,43885.59,7634.4100000000035
Indonesia,"Rice, paddy",51520,42654.28,8865.720000000001
Indonesia,"Rice, paddy",51520,43853.08,7666.919999999998
Indonesia,"Rice, paddy",51520,43871.8,7648.199999999997
Indonesia,"Rice, paddy",51520,43809.53,7710.470000000001
Indonesia,Soybeans,14161,12182.54,1978.4599999999991
Indonesia,Soybeans,14161,12181.77,1979.2299999999996
Indonesia,Soybeans,14161,12181.77,1979.2299999999996
Indonesia,Soybeans,14161,12181.77,1979.2299999999996
Indonesia,Soybeans,14161,12184.08,1976.92
Indonesia,Soybeans,14161,12181.77,1979.2299999999996
Indonesia,Sweet potatoes,147465,96213.265,51251.735
Indonesia,Sweet potatoes,147465,96549.515,50915.485
Indonesia,Sweet potatoes,147465,96342.395,51122.604999999996
Indonesia,Sweet potatoes,147465,96561.63,50903.369999999995
Indonesia,Sweet potatoes,147465,96332.99,51132.009999999995
Indonesia,Sweet potatoes,147465,96561.63,50903.369999999995
Iraq,Maize,24433,20460.38,3972.619999999999
Iraq,Maize,24433,21724.605,2708.3950000000004
Iraq,Potatoes,170047,153994.09,16052.910000000003
Iraq,Potatoes,170047,150850.595,19196.405
Iraq,"Rice, paddy",25000,14071.845,10928.155
Iraq,"Rice, paddy",25000,14865.52,10134.48
Iraq,Sorghum,3333,4904.85,-1571.8500000000004
Iraq,Sorghum,3333,4857.77,-1524.7700000000004
Iraq,Soybeans,10000,11710.6,-1710.6000000000004
Iraq,Soybeans,10000,12126.48,-2126.4799999999996
Iraq,Wheat,15703,7350.37,8352.630000000001
Iraq,Wheat,15703,7820.835,7882.165
Iraq,Maize,22486,20963.565,1522.4350000000013
Iraq,Maize,22486,22015.05,470.9500000000007
Iraq,Potatoes,162581,159643.105,2937.8949999999895
Iraq,Potatoes,162581,159721.04,2859.959999999992
Iraq,"Rice, paddy",28409,13674.63,14734.37
Iraq,"Rice, paddy",28409,14380.73,14028.27
Iraq,Sorghum,10556,4402.675,6153.325
Iraq,Sorghum,10556,4665.565,5890.435
Iraq,Soybeans,10000,11670.6,-1670.6000000000004
Iraq,Soybeans,10000,12127.92,-2127.92
Iraq,Wheat,11898,7236.76,4661.24
Iraq,Wheat,11898,7845.23,4052.7700000000004
Iraq,Maize,23079,20816.255,2262.744999999999
Iraq,Maize,23079,21799.585,1279.4150000000009
Iraq,Potatoes,158431,156635.07,1795.929999999993
Iraq,Potatoes,158431,154089.12,4341.880000000005
Iraq,"Rice, paddy",28879,13993.505,14885.495
Iraq,"Rice, paddy",28879,14758.145,14120.855
Iraq,Sorghum,9750,4976.5,4773.5
Iraq,Sorghum,9750,4894.61,4855.39
Iraq,Soybeans,9214,11838.81,-2624.8099999999995
Iraq,Soybeans,9214,12161.67,-2947.67
Iraq,Wheat,8738,7405.735,1332.2650000000003
Iraq,Wheat,8738,7919.535,818.4650000000001
Iraq,Maize,24255,20429.685,3825.3149999999987
Iraq,Maize,24255,21596.105,2658.8950000000004
Iraq,Potatoes,176444,159607.485,16836.515000000014
Iraq,Potatoes,176444,159442.275,17001.725000000006
Iraq,"Rice, paddy",28867,13813.39,15053.61
Iraq,"Rice, paddy",28867,14524.44,14342.56
Iraq,Sorghum,10000,4927.935,5072.065
Iraq,Sorghum,10000,4867.135,5132.865
Iraq,Soybeans,9095,11666.505,-2571.504999999999
Iraq,Soybeans,9095,12112.385,-3017.385
Iraq,Wheat,13783,7423.74,6359.26
Iraq,Wheat,13783,7938.92,5844.08
Iraq,Maize,24774,18681.935,6092.064999999999
Iraq,Maize,24774,19201.385,5572.615000000002
Iraq,Potatoes,179580,162503.635,17076.36499999999
Iraq,Potatoes,179580,158543.465,21036.535000000003
Iraq,"Rice, paddy",31630,15519.465,16110.535
Iraq,"Rice, paddy",31630,16319.325,15310.675
Iraq,Sorghum,9722,4856.985,4865.015
Iraq,Sorghum,9722,5218.375,4503.625
Iraq,Soybeans,9187,11649.145,-2462.1450000000004
Iraq,Soybeans,9187,12247.28,-3060.2800000000007
Iraq,Wheat,14031,8742.885,5288.115
Iraq,Wheat,14031,8836.935,5194.0650000000005
Iraq,Maize,23492,18292.855,5199.145
Iraq,Maize,23492,19193.17,4298.830000000002
Iraq,Potatoes,105689,162628.435,-56939.435
Iraq,Potatoes,105689,163028.495,-57339.494999999995
Iraq,"Rice, paddy",29281,18724.12,10556.880000000001
Iraq,"Rice, paddy",29281,18024.985,11256.015
Iraq,Sorghum,9791,4979.425,4811.575
Iraq,Sorghum,9791,4733.915,5057.085
Iraq,Soybeans,9016,11611.705,-2595.705
Iraq,Soybeans,9016,11708.025,-2692.0249999999996
Iraq,Wheat,13678,8728.345,4949.655000000001
Iraq,Wheat,13678,8947.56,4730.4400000000005
Iraq,Maize,20878,18445.15,2432.8499999999985
Iraq,Maize,20878,18963.415,1914.5849999999991
Iraq,Potatoes,113307,161784.83,-48477.82999999999
Iraq,Potatoes,113307,163718.11,-50411.109999999986
Iraq,"Rice, paddy",31511,19206.745,12304.255000000001
Iraq,"Rice, paddy",31511,18595.555,12915.445
Iraq,Sorghum,14279,4868.615,9410.385
Iraq,Sorghum,14279,4803.475,9475.525
Iraq,Soybeans,8846,11715.0,-2869.0
Iraq,Soybeans,8846,11518.83,-2672.83
Iraq,Wheat,18756,9097.14,9658.86
Iraq,Wheat,18756,8690.975,10065.025
Iraq,Maize,23586,18048.49,5537.509999999998
Iraq,Maize,23586,19077.805,4508.195
Iraq,Potatoes,157177,158132.055,-955.054999999993
Iraq,Potatoes,157177,155342.685,1834.3150000000023
Iraq,"Rice, paddy",32482,29433.32,3048.6800000000003
Iraq,"Rice, paddy",32482,29338.73,3143.2700000000004
Iraq,Sorghum,29960,4650.47,25309.53
Iraq,Sorghum,29960,4757.56,25202.44
Iraq,Soybeans,8675,11716.855,-3041.8549999999996
Iraq,Soybeans,8675,11535.52,-2860.5200000000004
Iraq,Wheat,19872,12580.17,7291.83
Iraq,Wheat,19872,11609.375,8262.625
Iraq,Maize,26077,18368.86,7708.139999999999
Iraq,Maize,26077,19162.37,6914.630000000001
Iraq,Potatoes,137820,154044.725,-16224.725000000006
Iraq,Potatoes,137820,154442.865,-16622.86499999999
Iraq,"Rice, paddy",35762,30330.295,5431.705000000002
Iraq,"Rice, paddy",35762,29999.805,5762.195
Iraq,Sorghum,31873,4950.02,26922.98
Iraq,Sorghum,31873,5071.63,26801.37
Iraq,Soybeans,8504,11873.115,-3369.115
Iraq,Soybeans,8504,11629.97,-3125.9699999999993
Iraq,Wheat,19552,10642.48,8909.52
Iraq,Wheat,19552,10613.885,8938.115
Iraq,Maize,33444,18271.575,15172.425
Iraq,Maize,33444,19222.675,14221.325
Iraq,Potatoes,134713,155368.775,-20655.774999999994
Iraq,Potatoes,134713,155674.995,-20961.994999999995
Iraq,"Rice, paddy",45468,30412.645,15055.355
Iraq,"Rice, paddy",45468,30302.915,15165.085
Iraq,Sorghum,7314,4968.755,2345.245
Iraq,Sorghum,7314,4627.915,2686.085
Iraq,Soybeans,8334,11668.08,-3334.08
Iraq,Soybeans,8334,11531.555,-3197.5550000000003
Iraq,Wheat,24181,10401.295,13779.705
Iraq,Wheat,24181,10858.22,13322.78
Iraq,Maize,42214,18013.235,24200.765
Iraq,Maize,42214,18543.335,23670.665
Iraq,Potatoes,170599,154661.79,15937.209999999992
Iraq,Potatoes,170599,151855.515,18743.484999999986
Iraq,"Rice, paddy",47162,30250.56,16911.44
Iraq,"Rice, paddy",47162,30270.62,16891.38
Iraq,Sorghum,19215,4639.745,14575.255000000001
Iraq,Sorghum,19215,4680.525,14534.475
Iraq,Soybeans,8163,11759.255,-3596.254999999999
Iraq,Soybeans,8163,11615.39,-3452.3899999999994
Iraq,Wheat,23068,11743.87,11324.13
Iraq,Wheat,23068,10745.965,12322.035
Ireland,Potatoes,336753,313097.715,23655.284999999974
Ireland,Wheat,84440,86271.38,-1831.3800000000047
Ireland,Potatoes,415188,313179.24,102008.76000000001
Ireland,Wheat,99241,86175.745,13065.255000000005
Ireland,Potatoes,346780,311112.41,35667.590000000026
Ireland,Wheat,84317,85683.38,-1366.3800000000047
Ireland,Potatoes,332957,309286.945,23670.054999999993
Ireland,Wheat,91543,85683.38,5859.619999999995
Ireland,Potatoes,341026,306842.6,34183.40000000002
Ireland,Wheat,84626,85388.015,-762.0149999999994
Ireland,Potatoes,307946,319366.21,-11420.210000000021
Ireland,Wheat,89684,87713.01,1970.9900000000052
Ireland,Potatoes,275492,318911.78,-43419.78000000003
Ireland,Wheat,81669,86981.84,-5312.8399999999965
Ireland,Potatoes,343934,318832.4,25101.599999999977
Ireland,Wheat,86015,82474.62,3540.3800000000047
Ireland,Potatoes,342404,312925.565,29478.434999999998
Ireland,Wheat,98641,86029.46,12611.539999999994
Ireland,Potatoes,257778,321463.46,-63685.46000000002
Ireland,Wheat,72235,86696.845,-14461.845000000001
Ireland,Potatoes,383271,321256.665,62014.33500000002
Ireland,Wheat,89983,86696.845,3286.154999999999
Italy,Maize,94918,94116.645,801.3549999999959
Italy,Maize,94918,93948.04,969.9600000000064
Italy,Potatoes,240997,245271.275,-4274.274999999994
Italy,Potatoes,240997,246955.23,-5958.2300000000105
Italy,"Rice, paddy",62700,58961.97,3738.029999999999
Italy,"Rice, paddy",62700,59900.98,2799.019999999997
Italy,Sorghum,63110,60729.905,2380.095000000001
Italy,Sorghum,63110,60701.24,2408.760000000002
Italy,Soybeans,38613,36147.065,2465.9349999999977
Italy,Soybeans,38613,36076.42,2536.5800000000017
Italy,Sweet potatoes,113661,175438.19,-61777.19
Italy,Sweet potatoes,113661,179144.045,-65483.04500000001
Italy,Wheat,31247,31215.34,31.659999999999854
Italy,Wheat,31247,31340.36,-93.36000000000058
Italy,Maize,94975,94670.63,304.36999999999534
Italy,Maize,94975,95680.06,-705.0599999999977
Italy,Potatoes,251485,247775.375,3709.625
Italy,Potatoes,251485,247620.655,3864.345000000001
Italy,"Rice, paddy",66317,59832.48,6484.519999999997
Italy,"Rice, paddy",66317,60441.24,5875.760000000002
Italy,Sorghum,62847,61081.785,1765.2149999999965
Italy,Sorghum,62847,61096.805,1750.1949999999997
Italy,Soybeans,34458,36656.405,-2198.404999999999
Italy,Soybeans,34458,36604.195,-2146.1949999999997
Italy,Sweet potatoes,159900,118093.315,41806.685
Italy,Sweet potatoes,159900,123926.865,35973.134999999995
Italy,Wheat,36698,32863.46,3834.540000000001
Italy,Wheat,36698,32547.92,4150.080000000002
Italy,Maize,93678,94976.96,-1298.9600000000064
Italy,Maize,93678,95145.38,-1467.3800000000047
Italy,Potatoes,250819,246224.075,4594.924999999988
Italy,Potatoes,250819,246905.39,3913.609999999986
Italy,"Rice, paddy",63074,59929.27,3144.730000000003
Italy,"Rice, paddy",63074,59720.43,3353.5699999999997
Italy,Sorghum,58558,61563.81,-3005.8099999999977
Italy,Sorghum,58558,61038.15,-2480.1500000000015
Italy,Soybeans,36303,36943.96,-640.9599999999991
Italy,Soybeans,36303,37065.57,-762.5699999999997
Italy,Sweet potatoes,141516,167910.745,-26394.744999999995
Italy,Sweet potatoes,141516,171519.8,-30003.79999999999
Italy,Wheat,36352,32178.645,4173.355
Italy,Wheat,36352,32596.76,3755.2400000000016
Italy,Maize,87285,94868.03,-7583.029999999999
Italy,Maize,87285,95241.005,-7956.005000000005
Italy,Potatoes,246070,250229.52,-4159.5199999999895
Italy,Potatoes,246070,249971.525,-3901.524999999994
Italy,"Rice, paddy",62772,58419.38,4352.620000000003
Italy,"Rice, paddy",62772,59305.21,3466.790000000001
Italy,Sorghum,57296,61689.33,-4393.330000000002
Italy,Sorghum,57296,61544.185,-4248.184999999998
Italy,Soybeans,30987,37629.345,-6642.345000000001
Italy,Soybeans,30987,37492.84,-6505.8399999999965
Italy,Sweet potatoes,144453,158893.79,-14440.790000000008
Italy,Sweet potatoes,144453,160687.285,-16234.285000000003
Italy,Wheat,37295,31120.805,6174.195
Italy,Wheat,37295,31079.745,6215.255000000001
Italy,Maize,93120,95170.23,-2050.229999999996
Italy,Maize,93120,93354.765,-234.76499999999942
Italy,Potatoes,256304,249948.225,6355.774999999994
Italy,Potatoes,256304,250340.385,5963.614999999991
Italy,"Rice, paddy",66240,58643.57,7596.43
Italy,"Rice, paddy",66240,59156.4,7083.5999999999985
Italy,Sorghum,56759,62293.495,-5534.495000000003
Italy,Sorghum,56759,62059.48,-5300.480000000003
Italy,Soybeans,31342,36831.365,-5489.364999999998
Italy,Soybeans,31342,36790.485,-5448.485000000001
Italy,Sweet potatoes,185605,139077.095,46527.905
Italy,Sweet potatoes,185605,146135.17,39469.82999999999
Italy,Wheat,34137,31862.68,2274.3199999999997
Italy,Wheat,34137,31165.4,2971.5999999999985
Italy,Maize,95726,95026.33,699.6699999999983
Italy,Maize,95726,95181.455,544.5449999999983
Italy,Potatoes,227242,250177.115,-22935.11499999999
Italy,Potatoes,227242,249798.945,-22556.945000000007
Italy,"Rice, paddy",61949,58435.46,3513.540000000001
Italy,"Rice, paddy",61949,59669.145,2279.855000000003
Italy,Sorghum,57960,61882.895,-3922.894999999997
Italy,Sorghum,57960,61975.755,-4015.7549999999974
Italy,Soybeans,32121,36847.735,-4726.735000000001
Italy,Soybeans,32121,36724.0,-4603.0
Italy,Sweet potatoes,200936,122899.605,78036.395
Italy,Sweet potatoes,200936,135099.075,65836.92499999999
Italy,Wheat,38689,30852.295,7836.705000000002
Italy,Wheat,38689,32010.28,6678.720000000001
Italy,Maize,86048,94868.03,-8820.029999999999
Italy,Maize,86048,93341.785,-7293.7850000000035
Italy,Potatoes,248352,250314.12,-1962.1199999999953
Italy,Potatoes,248352,250573.465,-2221.4649999999965
Italy,"Rice, paddy",67941,58419.38,9521.620000000003
Italy,"Rice, paddy",67941,58768.98,9172.019999999997
Italy,Sorghum,61003,61689.33,-686.3300000000017
Italy,Sorghum,61003,61616.45,-613.4499999999971
Italy,Soybeans,34759,37629.345,-2870.345000000001
Italy,Soybeans,34759,37573.315,-2814.3150000000023
Italy,Sweet potatoes,177016,157133.495,19882.505000000005
Italy,Sweet potatoes,177016,161561.75,15454.25
Italy,Wheat,35859,31120.805,4738.195
Italy,Wheat,35859,30344.135,5514.865000000002
Italy,Maize,91672,94753.415,-3081.4149999999936
Italy,Maize,91672,95195.49,-3523.4900000000052
Italy,Potatoes,249684,249083.85,600.1499999999942
Italy,Potatoes,249684,249798.88,-114.88000000000466
Italy,"Rice, paddy",61219,59031.47,2187.529999999999
Italy,"Rice, paddy",61219,59320.815,1898.1849999999977
Italy,Sorghum,66683,61613.345,5069.654999999999
Italy,Sorghum,66683,61461.255,5221.745000000003
Italy,Soybeans,34639,37508.36,-2869.3600000000006
Italy,Soybeans,34639,37563.72,-2924.720000000001
Italy,Sweet potatoes,189956,154834.43,35121.57000000001
Italy,Sweet potatoes,189956,160969.39,28986.609999999986
Italy,Wheat,37421,32081.125,5339.875
Italy,Wheat,37421,31174.06,6246.939999999999
Italy,Maize,98033,94829.14,3203.8600000000006
Italy,Maize,98033,90839.995,7193.005000000005
Italy,Potatoes,249158,250444.93,-1286.929999999993
Italy,Potatoes,249158,250499.31,-1341.3099999999977
Italy,"Rice, paddy",60452,58353.78,2098.220000000001
Italy,"Rice, paddy",60452,58316.52,2135.480000000003
Italy,Sorghum,70972,59396.755,11575.245000000003
Italy,Sorghum,70972,59276.93,11695.07
Italy,Soybeans,34024,37635.295,-3611.2949999999983
Italy,Soybeans,34024,37491.185,-3467.1849999999977
Italy,Sweet potatoes,207114,162561.505,44552.494999999995
Italy,Sweet potatoes,207114,165891.045,41222.95499999999
Italy,Wheat,38335,32850.42,5484.580000000002
Italy,Wheat,38335,31703.05,6631.950000000001
Italy,Maize,80325,94852.765,-14527.765
Italy,Maize,80325,90922.075,-10597.074999999997
Italy,Potatoes,254511,250528.29,3982.709999999992
Italy,Potatoes,254511,250713.48,3797.5199999999895
Italy,"Rice, paddy",68133,58096.265,10036.735
Italy,"Rice, paddy",68133,58233.075,9899.925000000003
Italy,Sorghum,41979,58720.695,-16741.695
Italy,Sorghum,41979,58864.945,-16885.945
Italy,Soybeans,27591,37629.345,-10038.345000000001
Italy,Soybeans,27591,37491.185,-9900.184999999998
Italy,Sweet potatoes,195236,172405.73,22830.26999999999
Italy,Sweet potatoes,195236,180665.965,14570.035000000003
Italy,Wheat,41293,30694.885,10598.115000000002
Italy,Wheat,41293,31703.05,9589.95
Italy,Maize,86989,94879.785,-7890.7850000000035
Italy,Maize,86989,89175.52,-2186.520000000004
Italy,Potatoes,252483,250879.785,1603.2149999999965
Italy,Potatoes,252483,250929.095,1553.9049999999988
Italy,"Rice, paddy",66342,58615.44,7726.559999999998
Italy,"Rice, paddy",66342,58581.395,7760.605000000003
Italy,Sorghum,62061,58685.03,3375.970000000001
Italy,Sorghum,62061,58057.95,4003.050000000003
Italy,Soybeans,33906,37629.345,-3723.345000000001
Italy,Soybeans,33906,37491.185,-3585.1849999999977
Italy,Sweet potatoes,227753,174563.48,53189.51999999999
Italy,Sweet potatoes,227753,183343.485,44409.515000000014
Italy,Wheat,38441,31195.785,7245.215
Italy,Wheat,38441,32133.105,6307.895
Jamaica,Cassava,188575,190111.27,-1536.2699999999895
Jamaica,Maize,11818,12701.575,-883.5750000000007
Jamaica,Plantains and others,177133,180331.835,-3198.834999999992
Jamaica,Potatoes,148595,147174.585,1420.4150000000081
Jamaica,"Rice, paddy",9091,14408.755,-5317.754999999999
Jamaica,Sweet potatoes,161648,161154.26,493.7399999999907
Jamaica,Yams,164815,162007.025,2807.975000000006
Jamaica,Cassava,184154,190111.27,-5957.2699999999895
Jamaica,Maize,11842,12596.08,-754.0799999999999
Jamaica,Plantains and others,172093,180331.835,-8238.834999999992
Jamaica,Potatoes,156346,147076.855,9269.14499999999
Jamaica,"Rice, paddy",14286,14408.755,-122.7549999999992
Jamaica,Sweet potatoes,160959,161154.26,-195.2600000000093
Jamaica,Yams,159018,162007.025,-2989.024999999994
Jamaica,Cassava,176320,189271.06,-12951.059999999998
Jamaica,Maize,12547,12553.45,-6.450000000000728
Jamaica,Plantains and others,172173,180521.775,-8348.774999999994
Jamaica,Potatoes,156141,147263.675,8877.325000000012
Jamaica,"Rice, paddy",30000,13518.68,16481.32
Jamaica,Sweet potatoes,164410,161984.31,2425.6900000000023
Jamaica,Yams,150928,162680.085,-11752.084999999992
Jamaica,Cassava,186213,190727.98,-4514.9800000000105
Jamaica,Maize,12284,12573.005,-289.0049999999992
Jamaica,Plantains and others,174995,180162.36,-5167.359999999986
Jamaica,Potatoes,166966,147397.945,19568.054999999993
Jamaica,"Rice, paddy",20000,15435.82,4564.18
Jamaica,Sweet potatoes,166159,159817.225,6341.774999999994
Jamaica,Yams,165532,161910.4,3621.600000000006
Jamaica,Cassava,186683,190727.98,-4044.9800000000105
Jamaica,Maize,11950,12558.035,-608.0349999999999
Jamaica,Plantains and others,173834,179273.425,-5439.424999999988
Jamaica,Potatoes,164330,147476.995,16853.005000000005
Jamaica,"Rice, paddy",29545,15408.03,14136.97
Jamaica,Sweet potatoes,165324,159789.425,5534.575000000012
Jamaica,Yams,156357,161601.605,-5244.6050000000105
Jamaica,Cassava,185993,188169.65,-2176.649999999994
Jamaica,Maize,12538,12599.745,-61.7450000000008
Jamaica,Plantains and others,171829,180357.795,-8528.795000000013
Jamaica,Potatoes,164849,148197.435,16651.565000000002
Jamaica,"Rice, paddy",33333,12541.98,20791.02
Jamaica,Sweet potatoes,168278,162834.23,5443.7699999999895
Jamaica,Yams,153372,161693.195,-8321.195000000007
Jamaica,Cassava,186352,190156.045,-3804.045000000013
Jamaica,Maize,12615,12581.84,33.159999999999854
Jamaica,Plantains and others,185819,180391.105,5427.8949999999895
Jamaica,Potatoes,169416,147149.115,22266.88500000001
Jamaica,"Rice, paddy",40541,13732.78,26808.22
Jamaica,Sweet potatoes,170803,161322.73,9480.26999999999
Jamaica,Yams,167203,162398.255,4804.744999999995
Jamaica,Cassava,185271,187439.17,-2168.170000000013
Jamaica,Maize,11710,12555.875,-845.875
Jamaica,Plantains and others,188295,179728.73,8566.26999999999
Jamaica,Potatoes,142411,148469.1,-6058.100000000006
Jamaica,"Rice, paddy",47397,12302.86,35094.14
Jamaica,Sweet potatoes,162639,162897.565,-258.5650000000023
Jamaica,Yams,168102,162085.055,6016.945000000007
Jamaica,Cassava,188896,188169.65,726.3500000000058
Jamaica,Maize,12747,12599.745,147.2549999999992
Jamaica,Plantains and others,204013,180357.795,23655.204999999987
Jamaica,Potatoes,190236,148197.435,42038.565
Jamaica,"Rice, paddy",53341,12541.98,40799.020000000004
Jamaica,Sweet potatoes,182528,162834.23,19693.76999999999
Jamaica,Yams,161745,161693.195,51.804999999993015
Jamaica,Cassava,188866,190111.27,-1245.2699999999895
Jamaica,Maize,11891,12701.575,-810.5750000000007
Jamaica,Plantains and others,180025,180331.835,-306.83499999999185
Jamaica,Potatoes,165440,147174.585,18265.415000000008
Jamaica,"Rice, paddy",49023,14408.755,34614.245
Jamaica,Sweet potatoes,170818,161154.26,9663.73999999999
Jamaica,Yams,171042,162007.025,9034.975000000006
Jamaica,Cassava,187795,190107.195,-2312.195000000007
Jamaica,Maize,11883,12628.705,-745.7049999999999
Jamaica,Plantains and others,184149,180453.795,3695.204999999987
Jamaica,Potatoes,165914,147149.115,18764.88500000001
Jamaica,"Rice, paddy",42000,13732.78,28267.22
Jamaica,Sweet potatoes,172683,161327.245,11355.755000000005
Jamaica,Yams,165476,162414.78,3061.220000000001
Japan,Maize,24615,24870.02,-255.02000000000044
Japan,Maize,24615,24917.35,-302.34999999999854
Japan,Maize,24615,24723.705,-108.70500000000175
Japan,Maize,24615,24755.36,-140.36000000000058
Japan,Maize,24615,24751.795,-136.79499999999825
Japan,Maize,24615,24917.35,-302.34999999999854
Japan,Potatoes,334130,316520.875,17609.125
Japan,Potatoes,334130,316368.03,17761.969999999972
Japan,Potatoes,334130,316837.795,17292.205000000016
Japan,Potatoes,334130,317830.245,16299.755000000005
Japan,Potatoes,334130,317830.245,16299.755000000005
Japan,Potatoes,334130,316368.03,17761.969999999972
Japan,"Rice, paddy",65823,66244.175,-421.1750000000029
Japan,"Rice, paddy",65823,65542.58,280.41999999999825
Japan,"Rice, paddy",65823,66410.585,-587.5850000000064
Japan,"Rice, paddy",65823,66387.06,-564.0599999999977
Japan,"Rice, paddy",65823,66376.005,-553.0050000000047
Japan,"Rice, paddy",65823,65542.58,280.41999999999825
Japan,Soybeans,18025,19396.73,-1371.7299999999996
Japan,Soybeans,18025,20026.38,-2001.380000000001
Japan,Soybeans,18025,20020.385,-1995.3849999999984
Japan,Soybeans,18025,20156.915,-2131.915000000001
Japan,Soybeans,18025,20156.915,-2131.915000000001
Japan,Soybeans,18025,20026.38,-2001.380000000001
Japan,Sweet potatoes,254321,242670.435,11650.565000000002
Japan,Sweet potatoes,254321,242243.495,12077.505000000005
Japan,Sweet potatoes,254321,242675.1,11645.899999999994
Japan,Sweet potatoes,254321,243244.765,11076.234999999986
Japan,Sweet potatoes,254321,243244.765,11076.234999999986
Japan,Sweet potatoes,254321,242243.495,12077.505000000005
Japan,Wheat,40010,35163.33,4846.669999999998
Japan,Wheat,40010,34892.44,5117.559999999998
Japan,Wheat,40010,35204.41,4805.5899999999965
Japan,Wheat,40010,35135.155,4874.845000000001
Japan,Wheat,40010,35078.405,4931.595000000001
Japan,Wheat,40010,34892.44,5117.559999999998
Japan,Yams,206243,208260.925,-2017.9249999999884
Japan,Yams,206243,208177.24,-1934.2399999999907
Japan,Yams,206243,208260.925,-2017.9249999999884
Japan,Yams,206243,208260.925,-2017.9249999999884
Japan,Yams,206243,208260.925,-2017.9249999999884
Japan,Yams,206243,208177.24,-1934.2399999999907
Japan,Maize,25000,24983.265,16.735000000000582
Japan,Maize,25000,24952.27,47.72999999999956
Japan,Maize,25000,24994.46,5.540000000000873
Japan,Maize,25000,24920.345,79.65499999999884
Japan,Maize,25000,24941.265,58.73500000000058
Japan,Maize,25000,24952.27,47.72999999999956
Japan,Potatoes,330734,305385.585,25348.41499999998
Japan,Potatoes,330734,316568.505,14165.494999999995
Japan,Potatoes,330734,305385.585,25348.41499999998
Japan,Potatoes,330734,313888.665,16845.33500000002
Japan,Potatoes,330734,312886.0,17848.0
Japan,Potatoes,330734,316568.505,14165.494999999995
Japan,"Rice, paddy",64150,65823.455,-1673.4550000000017
Japan,"Rice, paddy",64150,66228.81,-2078.8099999999977
Japan,"Rice, paddy",64150,65823.455,-1673.4550000000017
Japan,"Rice, paddy",64150,66209.26,-2059.2599999999948
Japan,"Rice, paddy",64150,66173.845,-2023.8450000000012
Japan,"Rice, paddy",64150,66228.81,-2078.8099999999977
Japan,Soybeans,11930,19131.435,-7201.435000000001
Japan,Soybeans,11930,19820.82,-7890.82
Japan,Soybeans,11930,19177.275,-7247.2750000000015
Japan,Soybeans,11930,19252.55,-7322.549999999999
Japan,Soybeans,11930,19199.45,-7269.450000000001
Japan,Soybeans,11930,19820.82,-7890.82
Japan,Sweet potatoes,250372,242681.315,7690.684999999998
Japan,Sweet potatoes,250372,242446.585,7925.415000000008
Japan,Sweet potatoes,250372,242681.315,7690.684999999998
Japan,Sweet potatoes,250372,242002.965,8369.035000000003
Japan,Sweet potatoes,250372,242681.315,7690.684999999998
Japan,Sweet potatoes,250372,242446.585,7925.415000000008
Japan,Wheat,40466,34914.575,5551.425000000003
Japan,Wheat,40466,34949.295,5516.705000000002
Japan,Wheat,40466,35025.745,5440.254999999997
Japan,Wheat,40466,35056.205,5409.794999999998
Japan,Wheat,40466,35054.03,5411.970000000001
Japan,Wheat,40466,34949.295,5516.705000000002
Japan,Yams,229051,208224.945,20826.054999999993
Japan,Yams,229051,208235.99,20815.01000000001
Japan,Yams,229051,208224.945,20826.054999999993
Japan,Yams,229051,208224.945,20826.054999999993
Japan,Yams,229051,208224.945,20826.054999999993
Japan,Yams,229051,208235.99,20815.01000000001
Japan,Maize,25260,24810.355,449.64500000000044
Japan,Maize,25260,24929.96,330.0400000000009
Japan,Maize,25260,24810.355,449.64500000000044
Japan,Maize,25260,24854.525,405.47499999999854
Japan,Maize,25260,24854.525,405.47499999999854
Japan,Maize,25260,24929.96,330.0400000000009
Japan,Potatoes,316341,317830.245,-1489.2449999999953
Japan,Potatoes,316341,317989.805,-1648.804999999993
Japan,Potatoes,316341,317830.245,-1489.2449999999953
Japan,Potatoes,316341,318086.665,-1745.664999999979
Japan,Potatoes,316341,318086.665,-1745.664999999979
Japan,Potatoes,316341,317989.805,-1648.804999999993
Japan,"Rice, paddy",66483,66376.005,106.99499999999534
Japan,"Rice, paddy",66483,65573.8,909.1999999999971
Japan,"Rice, paddy",66483,66376.005,106.99499999999534
Japan,"Rice, paddy",66483,66326.34,156.6600000000035
Japan,"Rice, paddy",66483,66326.34,156.6600000000035
Japan,"Rice, paddy",66483,65573.8,909.1999999999971
Japan,Soybeans,16791,20156.915,-3365.915000000001
Japan,Soybeans,16791,20101.13,-3310.130000000001
Japan,Soybeans,16791,20156.915,-3365.915000000001
Japan,Soybeans,16791,20159.095,-3368.095000000001
Japan,Soybeans,16791,20159.095,-3368.095000000001
Japan,Soybeans,16791,20101.13,-3310.130000000001
Japan,Sweet potatoes,258088,242580.215,15507.785000000003
Japan,Sweet potatoes,258088,241821.445,16266.554999999993
Japan,Sweet potatoes,258088,242580.215,15507.785000000003
Japan,Sweet potatoes,258088,242659.675,15428.325000000012
Japan,Sweet potatoes,258088,242659.675,15428.325000000012
Japan,Sweet potatoes,258088,241821.445,16266.554999999993
Japan,Wheat,40970,35081.925,5888.074999999997
Japan,Wheat,40970,33674.21,7295.790000000001
Japan,Wheat,40970,35081.925,5888.074999999997
Japan,Wheat,40970,34540.625,6429.375
Japan,Wheat,40970,34540.625,6429.375
Japan,Wheat,40970,33674.21,7295.790000000001
Japan,Yams,233257,208260.925,24996.07500000001
Japan,Yams,233257,208084.265,25172.734999999986
Japan,Yams,233257,208260.925,24996.07500000001
Japan,Yams,233257,208135.14,25121.859999999986
Japan,Yams,233257,208135.14,25121.859999999986
Japan,Yams,233257,208084.265,25172.734999999986
Japan,Maize,25324,24801.095,522.9049999999988
Japan,Maize,25324,24957.375,366.625
Japan,Maize,25324,24793.295,530.7050000000017
Japan,Maize,25324,24825.615,498.3849999999984
Japan,Maize,25324,24825.615,498.3849999999984
Japan,Maize,25324,24957.375,366.625
Japan,Potatoes,304273,317830.245,-13557.244999999995
Japan,Potatoes,304273,317858.39,-13585.390000000014
Japan,Potatoes,304273,317711.945,-13438.945000000007
Japan,Potatoes,304273,318112.85,-13839.849999999977
Japan,Potatoes,304273,318112.85,-13839.849999999977
Japan,Potatoes,304273,317858.39,-13585.390000000014
Japan,"Rice, paddy",63359,66387.06,-3028.0599999999977
Japan,"Rice, paddy",63359,65384.335,-2025.3349999999991
Japan,"Rice, paddy",63359,66410.475,-3051.475000000006
Japan,"Rice, paddy",63359,66337.295,-2978.2949999999983
Japan,"Rice, paddy",63359,66333.95,-2974.949999999997
Japan,"Rice, paddy",63359,65384.335,-2025.3349999999991
Japan,Soybeans,16129,20156.915,-4027.915000000001
Japan,Soybeans,16129,20101.23,-3972.2299999999996
Japan,Soybeans,16129,20151.86,-4022.8600000000006
Japan,Soybeans,16129,20187.245,-4058.244999999999
Japan,Soybeans,16129,20187.245,-4058.244999999999
Japan,Soybeans,16129,20101.23,-3972.2299999999996
Japan,Sweet potatoes,242377,241998.28,378.72000000000116
Japan,Sweet potatoes,242377,241821.445,555.554999999993
Japan,Sweet potatoes,242377,241750.45,626.5499999999884
Japan,Sweet potatoes,242377,242659.675,-282.67499999998836
Japan,Sweet potatoes,242377,242659.675,-282.67499999998836
Japan,Sweet potatoes,242377,241821.445,555.554999999993
Japan,Wheat,38351,35127.485,3223.5149999999994
Japan,Wheat,38351,34112.545,4238.455000000002
Japan,Wheat,38351,35184.875,3166.125
Japan,Wheat,38351,34705.565,3645.4349999999977
Japan,Wheat,38351,34684.54,3666.459999999999
Japan,Wheat,38351,34112.545,4238.455000000002
Japan,Yams,225059,208260.925,16798.07500000001
Japan,Yams,225059,208084.265,16974.734999999986
Japan,Yams,225059,208353.9,16705.100000000006
Japan,Yams,225059,208177.24,16881.76000000001
Japan,Yams,225059,208177.24,16881.76000000001
Japan,Yams,225059,208084.265,16974.734999999986
Japan,Maize,25395,24580.555,814.4449999999997
Japan,Maize,25395,25275.87,119.13000000000102
Japan,Maize,25395,24569.36,825.6399999999994
Japan,Maize,25395,24359.48,1035.5200000000004
Japan,Maize,25395,24375.51,1019.4900000000016
Japan,Maize,25395,25275.87,119.13000000000102
Japan,Potatoes,340000,302090.395,37909.60499999998
Japan,Potatoes,340000,316493.115,23506.88500000001
Japan,Potatoes,340000,302090.395,37909.60499999998
Japan,Potatoes,340000,316784.975,23215.025000000023
Japan,Potatoes,340000,317480.775,22519.224999999977
Japan,Potatoes,340000,316493.115,23506.88500000001
Japan,"Rice, paddy",65111,65700.71,-589.7100000000064
Japan,"Rice, paddy",65111,65390.5,-279.5
Japan,"Rice, paddy",65111,65700.71,-589.7100000000064
Japan,"Rice, paddy",65111,66328.31,-1217.3099999999977
Japan,"Rice, paddy",65111,66273.33,-1162.3300000000017
Japan,"Rice, paddy",65111,65390.5,-279.5
Japan,Soybeans,16392,19176.135,-2784.1349999999984
Japan,Soybeans,16392,19697.66,-3305.66
Japan,Soybeans,16392,19176.135,-2784.1349999999984
Japan,Soybeans,16392,19531.695,-3139.6949999999997
Japan,Soybeans,16392,20150.72,-3758.720000000001
Japan,Soybeans,16392,19697.66,-3305.66
Japan,Sweet potatoes,237936,243933.62,-5997.619999999995
Japan,Sweet potatoes,237936,243718.755,-5782.755000000005
Japan,Sweet potatoes,237936,243933.62,-5997.619999999995
Japan,Sweet potatoes,237936,243258.19,-5322.190000000002
Japan,Sweet potatoes,237936,242878.84,-4942.8399999999965
Japan,Sweet potatoes,237936,243718.755,-5782.755000000005
Japan,Wheat,43400,34954.44,8445.559999999998
Japan,Wheat,43400,35255.995,8144.004999999997
Japan,Wheat,43400,34941.96,8458.04
Japan,Wheat,43400,35124.49,8275.510000000002
Japan,Wheat,43400,35045.965,8354.035000000003
Japan,Wheat,43400,35255.995,8144.004999999997
Japan,Yams,230788,208224.945,22563.054999999993
Japan,Yams,230788,208069.3,22718.70000000001
Japan,Yams,230788,208224.945,22563.054999999993
Japan,Yams,230788,208260.925,22527.07500000001
Japan,Yams,230788,208353.9,22434.100000000006
Japan,Yams,230788,208069.3,22718.70000000001
Japan,Maize,25456,24401.065,1054.9350000000013
Japan,Maize,25456,24909.425,546.5750000000007
Japan,Maize,25456,24401.065,1054.9350000000013
Japan,Maize,25456,24413.865,1042.1349999999984
Japan,Maize,25456,24413.865,1042.1349999999984
Japan,Maize,25456,24909.425,546.5750000000007
Japan,Potatoes,323086,317413.31,5672.690000000002
Japan,Potatoes,323086,317618.525,5467.474999999977
Japan,Potatoes,323086,316928.3,6157.700000000012
Japan,Potatoes,323086,318076.885,5009.114999999991
Japan,Potatoes,323086,318076.885,5009.114999999991
Japan,Potatoes,323086,317618.525,5467.474999999977
Japan,"Rice, paddy",67786,66291.075,1494.925000000003
Japan,"Rice, paddy",67786,65185.985,2600.0149999999994
Japan,"Rice, paddy",67786,66274.35,1511.6499999999942
Japan,"Rice, paddy",67786,66247.59,1538.4100000000035
Japan,"Rice, paddy",67786,66247.59,1538.4100000000035
Japan,"Rice, paddy",67786,65185.985,2600.0149999999994
Japan,Soybeans,17791,20150.72,-2359.720000000001
Japan,Soybeans,17791,20101.23,-2310.2299999999996
Japan,Soybeans,17791,20081.935,-2290.9350000000013
Japan,Soybeans,17791,20160.83,-2369.8300000000017
Japan,Soybeans,17791,20160.83,-2369.8300000000017
Japan,Soybeans,17791,20101.23,-2310.2299999999996
Japan,Sweet potatoes,248403,242987.615,5415.385000000009
Japan,Sweet potatoes,248403,243073.75,5329.25
Japan,Sweet potatoes,248403,243146.535,5256.4649999999965
Japan,Sweet potatoes,248403,243852.385,4550.614999999991
Japan,Sweet potatoes,248403,243852.385,4550.614999999991
Japan,Sweet potatoes,248403,243073.75,5329.25
Japan,Wheat,42203,35094.895,7108.105000000003
Japan,Wheat,42203,34090.365,8112.635000000002
Japan,Wheat,42203,35075.1,7127.9000000000015
Japan,Wheat,42203,35086.405,7116.595000000001
Japan,Wheat,42203,35096.405,7106.595000000001
Japan,Wheat,42203,34090.365,8112.635000000002
Japan,Yams,225093,208353.9,16739.100000000006
Japan,Yams,225093,208084.265,17008.734999999986
Japan,Yams,225093,208260.925,16832.07500000001
Japan,Yams,225093,208270.215,16822.785000000003
Japan,Yams,225093,208270.215,16822.785000000003
Japan,Yams,225093,208084.265,17008.734999999986
Japan,Maize,25385,24375.51,1009.4900000000016
Japan,Maize,25385,24872.155,512.8450000000012
Japan,Maize,25385,24359.48,1025.5200000000004
Japan,Maize,25385,24395.44,989.5600000000013
Japan,Maize,25385,24389.005,995.994999999999
Japan,Maize,25385,24872.155,512.8450000000012
Japan,Potatoes,295909,317652.795,-21743.794999999984
Japan,Potatoes,295909,316257.335,-20348.33500000002
Japan,Potatoes,295909,316837.795,-20928.794999999984
Japan,Potatoes,295909,318076.885,-22167.88500000001
Japan,Potatoes,295909,318053.7,-22144.70000000001
Japan,Potatoes,295909,316257.335,-20348.33500000002
Japan,"Rice, paddy",65222,66273.33,-1051.3300000000017
Japan,"Rice, paddy",65222,65734.085,-512.0850000000064
Japan,"Rice, paddy",65222,66328.31,-1106.3099999999977
Japan,"Rice, paddy",65222,66257.625,-1035.625
Japan,"Rice, paddy",65222,66257.625,-1035.625
Japan,"Rice, paddy",65222,65734.085,-512.0850000000064
Japan,Soybeans,15812,20150.72,-4338.720000000001
Japan,Soybeans,15812,20044.42,-4232.419999999998
Japan,Soybeans,15812,19531.695,-3719.6949999999997
Japan,Soybeans,15812,20160.83,-4348.830000000002
Japan,Soybeans,15812,20155.775,-4343.7750000000015
Japan,Soybeans,15812,20044.42,-4232.419999999998
Japan,Sweet potatoes,253333,242878.84,10454.160000000003
Japan,Sweet potatoes,253333,243718.755,9614.244999999995
Japan,Sweet potatoes,253333,243258.19,10074.809999999998
Japan,Sweet potatoes,253333,243832.52,9500.48000000001
Japan,Sweet potatoes,253333,243832.52,9500.48000000001
Japan,Sweet potatoes,253333,243718.755,9614.244999999995
Japan,Wheat,32367,35045.965,-2678.9649999999965
Japan,Wheat,32367,35775.805,-3408.8050000000003
Japan,Wheat,32367,35124.49,-2757.489999999998
Japan,Wheat,32367,35054.72,-2687.720000000001
Japan,Wheat,32367,35121.3,-2754.300000000003
Japan,Wheat,32367,35775.805,-3408.8050000000003
Japan,Yams,211519,208353.9,3165.100000000006
Japan,Yams,211519,208177.24,3341.7600000000093
Japan,Yams,211519,208260.925,3258.0750000000116
Japan,Yams,211519,208270.215,3248.7850000000035
Japan,Yams,211519,208308.29,3210.709999999992
Japan,Yams,211519,208177.24,3341.7600000000093
Japan,Maize,25642,24649.855,992.1450000000004
Japan,Maize,25642,24473.55,1168.4500000000007
Japan,Maize,25642,24604.415,1037.5849999999991
Japan,Maize,25642,24633.56,1008.4399999999987
Japan,Maize,25642,24633.56,1008.4399999999987
Japan,Maize,25642,24473.55,1168.4500000000007
Japan,Potatoes,277576,300066.435,-22490.434999999998
Japan,Potatoes,277576,318396.145,-40820.14500000002
Japan,Potatoes,277576,303101.86,-25525.859999999986
Japan,Potatoes,277576,310425.53,-32849.53000000003
Japan,Potatoes,277576,310425.53,-32849.53000000003
Japan,Potatoes,277576,318396.145,-40820.14500000002
Japan,"Rice, paddy",65135,65979.315,-844.3150000000023
Japan,"Rice, paddy",65135,65697.9,-562.8999999999942
Japan,"Rice, paddy",65135,66170.505,-1035.5050000000047
Japan,"Rice, paddy",65135,66069.62,-934.6199999999953
Japan,"Rice, paddy",65135,66080.675,-945.6750000000029
Japan,"Rice, paddy",65135,65697.9,-562.8999999999942
Japan,Soybeans,16158,19154.925,-2996.9249999999993
Japan,Soybeans,16158,19720.71,-3562.709999999999
Japan,Soybeans,16158,19683.455,-3525.4550000000017
Japan,Soybeans,16158,19972.49,-3814.4900000000016
Japan,Soybeans,16158,19972.49,-3814.4900000000016
Japan,Soybeans,16158,19720.71,-3562.709999999999
Japan,Sweet potatoes,217531,244549.385,-27018.38500000001
Japan,Sweet potatoes,217531,244990.085,-27459.084999999992
Japan,Sweet potatoes,217531,244549.385,-27018.38500000001
Japan,Sweet potatoes,217531,244979.935,-27448.934999999998
Japan,Sweet potatoes,217531,244541.78,-27010.78
Japan,Sweet potatoes,217531,244990.085,-27459.084999999992
Japan,Wheat,27612,35142.715,-7530.7149999999965
Japan,Wheat,27612,35434.975,-7822.9749999999985
Japan,Wheat,27612,35119.37,-7507.370000000003
Japan,Wheat,27612,34935.34,-7323.3399999999965
Japan,Wheat,27612,35003.35,-7391.3499999999985
Japan,Wheat,27612,35434.975,-7822.9749999999985
Japan,Yams,226963,208260.925,18702.07500000001
Japan,Yams,226963,208235.99,18727.01000000001
Japan,Yams,226963,208260.925,18702.07500000001
Japan,Yams,226963,208260.925,18702.07500000001
Japan,Yams,226963,208260.925,18702.07500000001
Japan,Yams,226963,208235.99,18727.01000000001
Japan,Maize,25797,24646.89,1150.1100000000006
Japan,Maize,25797,24880.44,916.5600000000013
Japan,Maize,25797,24653.79,1143.2099999999991
Japan,Maize,25797,24718.105,1078.8950000000004
Japan,Maize,25797,24699.89,1097.1100000000006
Japan,Maize,25797,24880.44,916.5600000000013
Japan,Potatoes,294691,306780.945,-12089.945000000007
Japan,Potatoes,294691,326772.89,-32081.890000000014
Japan,Potatoes,294691,309398.05,-14707.049999999988
Japan,Potatoes,294691,309380.9,-14689.900000000023
Japan,Potatoes,294691,309434.015,-14743.015000000014
Japan,Potatoes,294691,326772.89,-32081.890000000014
Japan,"Rice, paddy",66624,65859.215,764.7850000000035
Japan,"Rice, paddy",66624,64981.025,1642.9749999999985
Japan,"Rice, paddy",66624,65852.525,771.4750000000058
Japan,"Rice, paddy",66624,65798.495,825.5050000000047
Japan,"Rice, paddy",66624,65809.45,814.5500000000029
Japan,"Rice, paddy",66624,64981.025,1642.9749999999985
Japan,Soybeans,16006,19901.79,-3895.790000000001
Japan,Soybeans,16006,19904.905,-3898.904999999999
Japan,Soybeans,16006,19906.845,-3900.845000000001
Japan,Soybeans,16006,19915.58,-3909.5800000000017
Japan,Soybeans,16006,19927.065,-3921.0649999999987
Japan,Soybeans,16006,19904.905,-3898.904999999999
Japan,Sweet potatoes,227738,244936.335,-17198.334999999992
Japan,Sweet potatoes,227738,244137.835,-16399.834999999992
Japan,Sweet potatoes,227738,244936.335,-17198.334999999992
Japan,Sweet potatoes,227738,245015.795,-17277.795000000013
Japan,Sweet potatoes,227738,245015.795,-17277.795000000013
Japan,Sweet potatoes,227738,244137.835,-16399.834999999992
Japan,Wheat,35286,35579.525,-293.52500000000146
Japan,Wheat,35286,34805.58,480.41999999999825
Japan,Wheat,35286,35621.38,-335.3799999999974
Japan,Wheat,35286,35166.475,119.52500000000146
Japan,Wheat,35286,35209.425,76.57499999999709
Japan,Wheat,35286,34805.58,480.41999999999825
Japan,Yams,220905,208260.925,12644.075000000012
Japan,Yams,220905,208177.24,12727.76000000001
Japan,Yams,220905,208270.215,12634.785000000003
Japan,Yams,220905,208135.14,12769.859999999986
Japan,Yams,220905,208177.24,12727.76000000001
Japan,Yams,220905,208177.24,12727.76000000001
Japan,Maize,26154,24649.58,1504.4199999999983
Japan,Maize,26154,24919.085,1234.9150000000009
Japan,Maize,26154,24645.46,1508.5400000000009
Japan,Maize,26154,24697.79,1456.2099999999991
Japan,Maize,26154,24683.81,1470.1899999999987
Japan,Maize,26154,24919.085,1234.9150000000009
Japan,Potatoes,307882,309398.05,-1516.0499999999884
Japan,Potatoes,307882,327062.66,-19180.659999999974
Japan,Potatoes,307882,309398.05,-1516.0499999999884
Japan,Potatoes,307882,311079.475,-3197.4749999999767
Japan,Potatoes,307882,311264.105,-3382.1049999999814
Japan,Potatoes,307882,327062.66,-19180.659999999974
Japan,"Rice, paddy",67388,66046.31,1341.6900000000023
Japan,"Rice, paddy",67388,65533.94,1854.0599999999977
Japan,"Rice, paddy",67388,66046.31,1341.6900000000023
Japan,"Rice, paddy",67388,65997.555,1390.445000000007
Japan,"Rice, paddy",67388,65997.555,1390.445000000007
Japan,"Rice, paddy",67388,65533.94,1854.0599999999977
Japan,Soybeans,17994,19982.6,-1988.5999999999985
Japan,Soybeans,17994,20013.33,-2019.3300000000017
Japan,Soybeans,17994,19977.545,-1983.5449999999983
Japan,Soybeans,17994,19987.03,-1993.0299999999988
Japan,Soybeans,17994,19987.03,-1993.0299999999988
Japan,Soybeans,17994,20013.33,-2019.3300000000017
Japan,Sweet potatoes,225747,245143.58,-19396.579999999987
Japan,Sweet potatoes,225747,244443.375,-18696.375
Japan,Sweet potatoes,225747,245143.58,-19396.579999999987
Japan,Sweet potatoes,225747,244807.18,-19060.179999999993
Japan,Sweet potatoes,225747,244807.18,-19060.179999999993
Japan,Sweet potatoes,225747,244443.375,-18696.375
Japan,Wheat,41004,35025.835,5978.165000000001
Japan,Wheat,41004,34266.45,6737.550000000003
Japan,Wheat,41004,35253.145,5750.855000000003
Japan,Wheat,41004,33743.03,7260.970000000001
Japan,Wheat,41004,33769.94,7234.059999999998
Japan,Wheat,41004,34266.45,6737.550000000003
Japan,Yams,222059,208270.215,13788.785000000003
Japan,Yams,222059,208084.265,13974.734999999986
Japan,Yams,222059,208270.215,13788.785000000003
Japan,Yams,222059,208144.43,13914.570000000007
Japan,Yams,222059,208144.43,13914.570000000007
Japan,Yams,222059,208084.265,13974.734999999986
Japan,Maize,27273,24532.415,2740.584999999999
Japan,Maize,27273,24827.135,2445.8650000000016
Japan,Maize,27273,24664.7,2608.2999999999993
Japan,Maize,27273,24613.485,2659.5149999999994
Japan,Maize,27273,24614.18,2658.8199999999997
Japan,Maize,27273,24827.135,2445.8650000000016
Japan,Potatoes,302133,293670.345,8462.655000000028
Japan,Potatoes,302133,324296.1,-22163.099999999977
Japan,Potatoes,302133,296139.06,5993.940000000002
Japan,Potatoes,302133,299381.385,2751.6149999999907
Japan,Potatoes,302133,299381.385,2751.6149999999907
Japan,Potatoes,302133,324296.1,-22163.099999999977
Japan,"Rice, paddy",67280,65350.4,1929.5999999999985
Japan,"Rice, paddy",67280,65491.805,1788.1949999999997
Japan,"Rice, paddy",67280,65722.125,1557.875
Japan,"Rice, paddy",67280,65949.045,1330.9550000000017
Japan,"Rice, paddy",67280,65982.77,1297.229999999996
Japan,"Rice, paddy",67280,65491.805,1788.1949999999997
Japan,Soybeans,15520,19005.35,-3485.3499999999985
Japan,Soybeans,15520,19687.395,-4167.395
Japan,Soybeans,15520,19010.07,-3490.0699999999997
Japan,Soybeans,15520,19772.665,-4252.665000000001
Japan,Soybeans,15520,19327.475,-3807.4749999999985
Japan,Soybeans,15520,19687.395,-4167.395
Japan,Sweet potatoes,244119,244277.365,-158.3649999999907
Japan,Sweet potatoes,244119,244802.705,-683.7049999999872
Japan,Sweet potatoes,244119,244277.365,-158.3649999999907
Japan,Sweet potatoes,244119,244411.235,-292.23499999998603
Japan,Sweet potatoes,244119,244406.57,-287.570000000007
Japan,Sweet potatoes,244119,244802.705,-683.7049999999872
Japan,Wheat,38616,35598.53,3017.470000000001
Japan,Wheat,38616,36251.665,2364.334999999999
Japan,Wheat,38616,35607.81,3008.1900000000023
Japan,Wheat,38616,35694.42,2921.5800000000017
Japan,Wheat,38616,35681.47,2934.529999999999
Japan,Wheat,38616,36251.665,2364.334999999999
Japan,Yams,217415,208224.945,9190.054999999993
Japan,Yams,217415,208235.99,9179.01000000001
Japan,Yams,217415,208224.945,9190.054999999993
Japan,Yams,217415,208260.925,9154.075000000012
Japan,Yams,217415,208260.925,9154.075000000012
Japan,Yams,217415,208235.99,9179.01000000001
Kazakhstan,Maize,41370,35148.675,6221.324999999997
Kazakhstan,Maize,41370,34469.095,6900.904999999999
Kazakhstan,Potatoes,139278,120038.82,19239.179999999993
Kazakhstan,Potatoes,139278,119823.735,19454.265
Kazakhstan,"Rice, paddy",30288,29904.935,383.0649999999987
Kazakhstan,"Rice, paddy",30288,29308.11,979.8899999999994
Kazakhstan,Sorghum,14316,44474.905,-30158.905
Kazakhstan,Sorghum,14316,43987.575,-29671.574999999997
Kazakhstan,Soybeans,14955,11967.285,2987.715
Kazakhstan,Soybeans,14955,12850.64,2104.3600000000006
Kazakhstan,Wheat,10895,10794.075,100.92499999999927
Kazakhstan,Wheat,10895,11635.975,-740.9750000000004
Kazakhstan,Maize,44575,34979.71,9595.29
Kazakhstan,Maize,44575,34633.735,9941.265
Kazakhstan,Potatoes,134485,120682.365,13802.634999999995
Kazakhstan,Potatoes,134485,120626.32,13858.679999999993
Kazakhstan,"Rice, paddy",34182,29918.915,4263.084999999999
Kazakhstan,"Rice, paddy",34182,29332.635,4849.365000000002
Kazakhstan,Sorghum,17500,44474.905,-26974.905
Kazakhstan,Sorghum,17500,43987.575,-26487.574999999997
Kazakhstan,Soybeans,14630,11968.52,2661.4799999999996
Kazakhstan,Soybeans,14630,12866.2,1763.7999999999993
Kazakhstan,Wheat,8432,10794.075,-2362.0750000000007
Kazakhstan,Wheat,8432,11652.745,-3220.745000000001
Kazakhstan,Maize,41546,34743.49,6802.510000000002
Kazakhstan,Maize,41546,34777.53,6768.470000000001
Kazakhstan,Potatoes,150135,120541.805,29593.195000000007
Kazakhstan,Potatoes,150135,120465.73,29669.270000000004
Kazakhstan,"Rice, paddy",33518,29424.39,4093.6100000000006
Kazakhstan,"Rice, paddy",33518,29357.57,4160.43
Kazakhstan,Sorghum,20000,43623.535,-23623.535000000003
Kazakhstan,Sorghum,20000,43987.575,-23987.574999999997
Kazakhstan,Soybeans,16438,12892.33,3545.67
Kazakhstan,Soybeans,16438,12867.905,3570.0949999999993
Kazakhstan,Wheat,9480,11554.515,-2074.5149999999994
Kazakhstan,Wheat,9480,11685.76,-2205.76
Kazakhstan,Maize,46317,34666.995,11650.004999999997
Kazakhstan,Maize,46317,33228.305,13088.695
Kazakhstan,Potatoes,153851,119221.035,34629.965
Kazakhstan,Potatoes,153851,119310.4,34540.600000000006
Kazakhstan,"Rice, paddy",32966,29534.265,3431.7350000000006
Kazakhstan,"Rice, paddy",32966,29002.88,3963.119999999999
Kazakhstan,Sorghum,24128,43903.3,-19775.300000000003
Kazakhstan,Sorghum,24128,43717.775,-19589.775
Kazakhstan,Soybeans,16578,12033.94,4544.0599999999995
Kazakhstan,Soybeans,16578,12841.99,3736.01
Kazakhstan,Wheat,11348,11243.15,104.85000000000036
Kazakhstan,Wheat,11348,12413.375,-1065.375
Kazakhstan,Maize,45636,35022.1,10613.900000000001
Kazakhstan,Maize,45636,31581.06,14054.939999999999
Kazakhstan,Potatoes,155792,111190.145,44601.854999999996
Kazakhstan,Potatoes,155792,108452.525,47339.475000000006
Kazakhstan,"Rice, paddy",33678,30105.81,3572.1899999999987
Kazakhstan,"Rice, paddy",33678,29559.98,4118.02
Kazakhstan,Sorghum,4800,42527.29,-37727.29
Kazakhstan,Sorghum,4800,42259.75,-37459.75
Kazakhstan,Soybeans,16959,12220.19,4738.8099999999995
Kazakhstan,Soybeans,16959,12999.495,3959.504999999999
Kazakhstan,Wheat,12983,10643.46,2339.540000000001
Kazakhstan,Wheat,12983,11666.735,1316.2649999999994
Kazakhstan,Maize,44042,32650.23,11391.77
Kazakhstan,Maize,44042,31233.945,12808.055
Kazakhstan,Potatoes,144356,108088.425,36267.575
Kazakhstan,Potatoes,144356,107412.495,36943.505000000005
Kazakhstan,"Rice, paddy",33736,30209.765,3526.2350000000006
Kazakhstan,"Rice, paddy",33736,29626.99,4109.009999999998
Kazakhstan,Sorghum,3871,42639.4,-38768.4
Kazakhstan,Sorghum,3871,41968.9,-38097.9
Kazakhstan,Soybeans,17326,12240.855,5085.145
Kazakhstan,Soybeans,17326,12875.04,4450.959999999999
Kazakhstan,Wheat,9715,10558.185,-843.1849999999995
Kazakhstan,Wheat,9715,11556.47,-1841.4699999999993
Kazakhstan,Maize,47500,31033.08,16466.92
Kazakhstan,Maize,47500,32313.1,15186.900000000001
Kazakhstan,Potatoes,162092,110213.63,51878.369999999995
Kazakhstan,Potatoes,162092,109730.335,52361.66499999999
Kazakhstan,"Rice, paddy",35323,29929.81,5393.189999999999
Kazakhstan,"Rice, paddy",35323,30032.865,5290.134999999998
Kazakhstan,Sorghum,5000,41296.745,-36296.745
Kazakhstan,Sorghum,5000,45898.35,-40898.35
Kazakhstan,Soybeans,18002,12229.99,5772.01
Kazakhstan,Soybeans,18002,11714.79,6287.209999999999
Kazakhstan,Wheat,11941,11419.83,521.1700000000001
Kazakhstan,Wheat,11941,13118.48,-1177.4799999999996
Kazakhstan,Maize,48331,31556.66,16774.34
Kazakhstan,Maize,48331,32963.455,15367.544999999998
Kazakhstan,Potatoes,143194,107983.685,35210.315
Kazakhstan,Potatoes,143194,107513.475,35680.524999999994
Kazakhstan,"Rice, paddy",39697,29984.255,9712.744999999999
Kazakhstan,"Rice, paddy",39697,30378.91,9318.09
Kazakhstan,Sorghum,4500,41325.515,-36825.515
Kazakhstan,Sorghum,4500,45897.495,-41397.495
Kazakhstan,Soybeans,18489,13125.61,5363.389999999999
Kazakhstan,Soybeans,18489,12536.405,5952.594999999999
Kazakhstan,Wheat,7336,11321.925,-3985.9249999999993
Kazakhstan,Wheat,7336,12994.24,-5658.24
Kazakhstan,Maize,49864,30374.815,19489.185
Kazakhstan,Maize,49864,31789.095,18074.905
Kazakhstan,Potatoes,167176,108943.53,58232.47
Kazakhstan,Potatoes,167176,108783.62,58392.380000000005
Kazakhstan,"Rice, paddy",37152,29621.78,7530.220000000001
Kazakhstan,"Rice, paddy",37152,30000.89,7151.110000000001
Kazakhstan,Sorghum,13000,40878.485,-27878.485
Kazakhstan,Sorghum,13000,45605.6,-32605.6
Kazakhstan,Soybeans,19001,11624.355,7376.645
Kazakhstan,Soybeans,19001,11230.935,7770.0650000000005
Kazakhstan,Wheat,16609,11410.96,5198.040000000001
Kazakhstan,Wheat,16609,13145.065,3463.9349999999995
Kazakhstan,Maize,51877,30752.675,21124.325
Kazakhstan,Maize,51877,32340.5,19536.5
Kazakhstan,Potatoes,165927,110342.385,55584.615000000005
Kazakhstan,Potatoes,165927,109933.565,55993.435
Kazakhstan,"Rice, paddy",37712,29781.375,7930.625
Kazakhstan,"Rice, paddy",37712,30333.915,7378.084999999999
Kazakhstan,Sorghum,2750,41090.765,-38340.765
Kazakhstan,Sorghum,2750,45898.35,-43148.35
Kazakhstan,Soybeans,20128,12146.53,7981.469999999999
Kazakhstan,Soybeans,20128,11714.79,8413.21
Kazakhstan,Wheat,7929,11428.005,-3499.004999999999
Kazakhstan,Wheat,7929,13118.48,-5189.48
Kazakhstan,Maize,52779,35990.115,16788.885000000002
Kazakhstan,Maize,52779,30491.005,22287.995
Kazakhstan,Potatoes,181522,111279.415,70242.585
Kazakhstan,Potatoes,181522,110022.045,71499.955
Kazakhstan,"Rice, paddy",38500,30271.105,8228.895
Kazakhstan,"Rice, paddy",38500,29577.58,8922.419999999998
Kazakhstan,Sorghum,2258,41489.155,-39231.155
Kazakhstan,Sorghum,2258,40654.64,-38396.64
Kazakhstan,Soybeans,19727,11527.995,8199.005
Kazakhstan,Soybeans,19727,12082.495,7644.504999999999
Kazakhstan,Wheat,10762,10848.77,-86.77000000000044
Kazakhstan,Wheat,10762,11492.16,-730.1599999999999
Kenya,Cassava,73441,79651.325,-6210.324999999997
Kenya,Maize,15126,17832.985,-2706.9850000000006
Kenya,Plantains and others,121739,125819.845,-4080.845000000001
Kenya,Potatoes,77113,100234.695,-23121.695000000007
Kenya,"Rice, paddy",34615,38602.535,-3987.5350000000035
Kenya,Sorghum,8010,8163.965,-153.96500000000015
Kenya,Soybeans,8611,9143.59,-532.5900000000001
Kenya,Sweet potatoes,85000,90993.24,-5993.240000000005
Kenya,Wheat,21217,19324.055,1892.9449999999997
Kenya,Yams,54886,75955.345,-21069.345
Kenya,Cassava,111000,78824.24,32175.759999999995
Kenya,Maize,19293,16089.62,3203.379999999999
Kenya,Plantains and others,123810,125973.47,-2163.470000000001
Kenya,Potatoes,84401,99911.0,-15510.0
Kenya,"Rice, paddy",37280,37186.26,93.73999999999796
Kenya,Sorghum,5644,8501.48,-2857.4799999999996
Kenya,Soybeans,8607,9299.995,-692.9950000000008
Kenya,Sweet potatoes,94116,89660.035,4455.9649999999965
Kenya,Wheat,24827,16787.04,8039.959999999999
Kenya,Yams,83525,66129.81,17395.190000000002
Kenya,Cassava,91009,78566.39,12442.61
Kenya,Maize,16405,17621.22,-1216.2200000000012
Kenya,Plantains and others,123810,124066.9,-256.8999999999942
Kenya,Potatoes,200000,109894.595,90105.405
Kenya,"Rice, paddy",39321,37940.575,1380.425000000003
Kenya,Sorghum,12230,9597.81,2632.1900000000005
Kenya,Soybeans,8591,9536.585,-945.5849999999991
Kenya,Sweet potatoes,109577,88326.85,21250.149999999994
Kenya,Wheat,23131,16677.775,6453.2249999999985
Kenya,Yams,86683,66129.81,20553.190000000002
Kenya,Cassava,95856,78824.24,17031.759999999995
Kenya,Maize,17197,16089.62,1107.3799999999992
Kenya,Plantains and others,121739,125973.47,-4234.470000000001
Kenya,Potatoes,200000,99911.0,100089.0
Kenya,"Rice, paddy",28062,37186.26,-9124.260000000002
Kenya,Sorghum,8006,8501.48,-495.47999999999956
Kenya,Soybeans,8265,9299.995,-1034.9950000000008
Kenya,Sweet potatoes,96701,89660.035,7040.9649999999965
Kenya,Wheat,21875,16787.04,5087.959999999999
Kenya,Yams,95024,66129.81,28894.190000000002
Kenya,Cassava,74185,79651.325,-5466.324999999997
Kenya,Maize,18132,17832.985,299.0149999999994
Kenya,Plantains and others,123810,125819.845,-2009.8450000000012
Kenya,Potatoes,200000,100234.695,99765.305
Kenya,"Rice, paddy",28715,38602.535,-9887.535000000003
Kenya,Sorghum,9474,8163.965,1310.0349999999999
Kenya,Soybeans,8400,9143.59,-743.5900000000001
Kenya,Sweet potatoes,132796,90993.24,41802.759999999995
Kenya,Wheat,30940,19363.855,11576.145
Kenya,Yams,74649,75955.345,-1306.3450000000012
Kenya,Cassava,137358,79490.695,57867.30499999999
Kenya,Maize,13925,16134.53,-2209.5300000000007
Kenya,Plantains and others,124000,126146.485,-2146.4850000000006
Kenya,Potatoes,214815,99584.14,115230.86
Kenya,"Rice, paddy",13076,36929.74,-23853.739999999998
Kenya,Sorghum,5221,8002.135,-2781.135
Kenya,Soybeans,8160,9144.275,-984.2749999999996
Kenya,Sweet potatoes,142515,92966.22,49548.78
Kenya,Wheat,25845,16959.98,8885.02
Kenya,Yams,75874,77251.94,-1377.9400000000023
Kenya,Cassava,116431,78566.39,37864.61
Kenya,Maize,12943,17618.98,-4675.98
Kenya,Plantains and others,123077,123970.475,-893.4750000000058
Kenya,Potatoes,191199,109981.22,81217.78
Kenya,"Rice, paddy",19333,37938.335,-18605.335
Kenya,Sorghum,5717,9597.81,-3880.8099999999995
Kenya,Soybeans,7153,9525.265,-2372.2649999999994
Kenya,Sweet potatoes,132895,86872.555,46022.44500000001
Kenya,Wheat,16665,16677.775,-12.775000000001455
Kenya,Yams,45170,66129.81,-20959.809999999998
Kenya,Cassava,52521,78824.24,-26303.240000000005
Kenya,Maize,17251,16025.49,1225.5100000000002
Kenya,Plantains and others,125000,126073.535,-1073.5350000000035
Kenya,Potatoes,224279,97179.79,127099.21
Kenya,"Rice, paddy",42384,36985.86,5398.139999999999
Kenya,Sorghum,7267,8158.065,-891.0649999999996
Kenya,Soybeans,9500,9253.31,246.6900000000005
Kenya,Sweet potatoes,99739,93078.455,6660.544999999998
Kenya,Wheat,31991,16842.35,15148.650000000001
Kenya,Yams,65645,66129.81,-484.8099999999977
Kenya,Cassava,112309,78824.24,33484.759999999995
Kenya,Maize,15840,16089.62,-249.6200000000008
Kenya,Plantains and others,124000,125973.47,-1973.4700000000012
Kenya,Potatoes,191690,98966.095,92723.905
Kenya,"Rice, paddy",39676,37186.26,2489.739999999998
Kenya,Sorghum,6291,8351.585,-2060.584999999999
Kenya,Soybeans,12578,9329.945,3248.0550000000003
Kenya,Sweet potatoes,122689,89660.035,33028.965
Kenya,Wheat,20415,16787.04,3627.959999999999
Kenya,Yams,91154,66129.81,25024.190000000002
Kenya,Cassava,127273,78824.24,48448.759999999995
Kenya,Maize,17366,16025.49,1340.5100000000002
Kenya,Plantains and others,120000,126073.535,-6073.5350000000035
Kenya,Potatoes,203389,97465.49,105923.51
Kenya,"Rice, paddy",46643,36985.86,9657.14
Kenya,Sorghum,7445,8321.08,-876.0799999999999
Kenya,Soybeans,14997,9260.27,5736.73
Kenya,Sweet potatoes,128346,92910.65,35435.350000000006
Kenya,Wheat,29720,16802.175,12917.825
Kenya,Yams,116053,66129.81,49923.19
Kenya,Cassava,142470,78824.24,63645.759999999995
Kenya,Maize,16922,16089.62,832.3799999999992
Kenya,Plantains and others,119231,125973.47,-6742.470000000001
Kenya,Potatoes,144262,99911.0,44351.0
Kenya,"Rice, paddy",39955,37186.26,2768.739999999998
Kenya,Sorghum,7550,8501.48,-951.4799999999996
Kenya,Soybeans,12231,9329.945,2901.0550000000003
Kenya,Sweet potatoes,124706,89660.035,35045.965
Kenya,Wheat,27602,16787.04,10814.96
Kenya,Yams,135962,66129.81,69832.19
Latvia,Potatoes,143358,139836.155,3521.845000000001
Latvia,Wheat,33844,26306.44,7537.560000000001
Latvia,Potatoes,128507,128257.425,249.5749999999971
Latvia,Wheat,29423,27202.175,2220.8250000000007
Latvia,Potatoes,145942,117990.15,27951.850000000006
Latvia,Wheat,36099,27563.235,8535.765
Latvia,Potatoes,122151,121219.72,931.2799999999988
Latvia,Wheat,27815,27680.235,134.76499999999942
Latvia,Potatoes,159330,126398.855,32931.145000000004
Latvia,Wheat,35944,25632.555,10311.445
Latvia,Potatoes,178148,127469.875,50678.125
Latvia,Wheat,38566,26083.51,12482.490000000002
Latvia,Potatoes,175133,124950.075,50182.925
Latvia,Wheat,36276,27721.455,8554.544999999998
Latvia,Potatoes,160797,140471.115,20325.88500000001
Latvia,Wheat,32849,25642.905,7206.095000000001
Latvia,Potatoes,168013,125902.18,42110.82000000001
Latvia,Wheat,30613,25632.555,4980.445
Latvia,Potatoes,191099,128210.465,62888.535
Latvia,Wheat,43695,25687.655,18007.345
Latvia,Potatoes,181648,126388.57,55259.42999999999
Latvia,Wheat,38857,25726.49,13130.509999999998
Lebanon,Maize,32435,38629.235,-6194.235000000001
Lebanon,Potatoes,234970,214928.74,20041.26000000001
Lebanon,Sorghum,14286,16158.84,-1872.8400000000001
Lebanon,Wheat,27356,26918.64,437.3600000000006
Lebanon,Maize,60000,38664.395,21335.605000000003
Lebanon,Potatoes,255504,215050.975,40453.024999999994
Lebanon,Sorghum,17030,16246.39,783.6100000000006
Lebanon,Wheat,29344,27043.15,2300.8499999999985
Lebanon,Maize,37778,38664.395,-886.3949999999968
Lebanon,Potatoes,259594,218350.98,41243.01999999999
Lebanon,Sorghum,18269,16246.39,2022.6100000000006
Lebanon,Wheat,29030,27087.23,1942.7700000000004
Lebanon,Maize,29524,38188.43,-8664.43
Lebanon,Potatoes,200000,220566.98,-20566.98000000001
Lebanon,Sorghum,17917,16265.55,1651.4500000000007
Lebanon,Wheat,28998,27113.36,1884.6399999999994
Lebanon,Maize,34444,43250.32,-8806.32
Lebanon,Potatoes,256020,212658.905,43361.095
Lebanon,Sorghum,18780,16343.755,2436.245000000001
Lebanon,Wheat,22008,27090.705,-5082.705000000002
Lebanon,Maize,37778,47196.955,-9418.955000000002
Lebanon,Potatoes,256020,208657.915,47362.08499999999
Lebanon,Sorghum,18649,16277.635,2371.365
Lebanon,Wheat,28798,28192.57,605.4300000000003
Lebanon,Maize,36210,45199.55,-8989.550000000003
Lebanon,Potatoes,224868,209521.105,15346.89499999999
Lebanon,Sorghum,20000,16389.515,3610.4850000000006
Lebanon,Wheat,27990,27042.01,947.9900000000016
Lebanon,Maize,37199,40631.315,-3432.3150000000023
Lebanon,Potatoes,238514,200764.515,37749.484999999986
Lebanon,Sorghum,19298,15485.005,3812.995000000001
Lebanon,Wheat,27815,32915.99,-5100.989999999998
Lebanon,Maize,36468,38664.395,-2196.394999999997
Lebanon,Potatoes,239130,218350.98,20779.01999999999
Lebanon,Sorghum,19565,16246.39,3318.6100000000006
Lebanon,Wheat,29667,27087.23,2579.7700000000004
Lebanon,Maize,36025,45199.55,-9174.550000000003
Lebanon,Potatoes,233333,209521.105,23811.89499999999
Lebanon,Sorghum,19167,16389.515,2777.4850000000006
Lebanon,Wheat,31012,27042.01,3969.9900000000016
Lebanon,Maize,35621,44412.52,-8791.519999999997
Lebanon,Potatoes,260759,210576.075,50182.92499999999
Lebanon,Sorghum,20000,16397.595,3602.404999999999
Lebanon,Wheat,32122,27079.34,5042.66
Lesotho,Maize,8088,10105.765,-2017.7649999999994
Lesotho,Potatoes,162858,163193.34,-335.3399999999965
Lesotho,Sorghum,4225,9822.13,-5597.129999999999
Lesotho,Wheat,7172,15933.835,-8761.835
Lesotho,Maize,6347,10951.925,-4604.924999999999
Lesotho,Potatoes,163654,161255.83,2398.170000000013
Lesotho,Sorghum,3933,11629.74,-7696.74
Lesotho,Wheat,6401,16209.535,-9808.535
Lesotho,Maize,7011,10983.135,-3972.135
Lesotho,Potatoes,164086,161327.4,2758.600000000006
Lesotho,Sorghum,6240,11642.325,-5402.325000000001
Lesotho,Wheat,7234,16209.535,-8975.535
Lesotho,Maize,5974,22415.64,-16441.64
Lesotho,Potatoes,164720,162444.115,2275.8850000000093
Lesotho,Sorghum,3290,14167.025,-10877.025
Lesotho,Wheat,2685,19815.01,-17130.01
Lesotho,Maize,4877,14953.795,-10076.795
Lesotho,Potatoes,166071,157234.965,8836.035000000003
Lesotho,Sorghum,2436,12645.195,-10209.195
Lesotho,Wheat,4316,17091.12,-12775.119999999999
Lesotho,Maize,4349,15067.115,-10718.115
Lesotho,Potatoes,166379,157916.695,8462.304999999993
Lesotho,Sorghum,2866,12327.195,-9461.195
Lesotho,Wheat,2415,17127.445,-14712.445
Lesotho,Maize,4159,15102.41,-10943.41
Lesotho,Potatoes,159649,154852.765,4796.234999999986
Lesotho,Sorghum,5773,11250.99,-5477.99
Lesotho,Wheat,3473,17048.555,-13575.555
Lesotho,Maize,9071,15446.365,-6375.365
Lesotho,Potatoes,165000,152270.76,12729.23999999999
Lesotho,Sorghum,7189,11816.49,-4627.49
Lesotho,Wheat,14693,15897.785,-1204.7849999999999
Lesotho,Maize,6344,17174.005,-10830.005000000001
Lesotho,Potatoes,164706,158773.205,5932.795000000013
Lesotho,Sorghum,5092,13239.765,-8147.764999999999
Lesotho,Wheat,9965,17072.555,-7107.555
Lesotho,Maize,6712,19382.14,-12670.14
Lesotho,Potatoes,164286,160468.88,3817.1199999999953
Lesotho,Sorghum,1343,14871.525,-13528.525
Lesotho,Wheat,8641,18663.245,-10022.244999999999
Lesotho,Maize,8227,25434.62,-17207.62
Lesotho,Potatoes,173611,156350.405,17260.595
Lesotho,Sorghum,3051,15494.15,-12443.15
Lesotho,Wheat,12345,20679.58,-8334.580000000002
Libya,Maize,15000,21835.5,-6835.5
Libya,Maize,15000,22082.14,-7082.139999999999
Libya,Potatoes,195000,207608.09,-12608.089999999997
Libya,Potatoes,195000,214119.345,-19119.345
Libya,Wheat,7966,9551.275,-1585.2749999999996
Libya,Wheat,7966,9663.955,-1697.955
Libya,Maize,24000,21548.435,2451.5649999999987
Libya,Maize,24000,21593.115,2406.8849999999984
Libya,Potatoes,195000,207773.155,-12773.154999999999
Libya,Potatoes,195000,211654.275,-16654.274999999994
Libya,Wheat,7841,10548.57,-2707.5699999999997
Libya,Wheat,7841,10478.585,-2637.584999999999
Libya,Maize,24000,21235.35,2764.6500000000015
Libya,Maize,24000,20747.775,3252.2249999999985
Libya,Potatoes,157629,207159.535,-49530.535
Libya,Potatoes,157629,209411.69,-51782.69
Libya,Wheat,7576,11627.295,-4051.295
Libya,Wheat,7576,11359.255,-3783.254999999999
Libya,Maize,22246,22820.14,-574.1399999999994
Libya,Maize,22246,22354.75,-108.75
Libya,Potatoes,195440,207832.24,-12392.23999999999
Libya,Potatoes,195440,213753.01,-18313.01000000001
Libya,Wheat,7879,9875.285,-1996.2849999999999
Libya,Wheat,7879,9668.455,-1789.455
Libya,Maize,22246,23396.37,-1150.369999999999
Libya,Maize,22246,24050.085,-1804.0849999999991
Libya,Potatoes,193333,206803.32,-13470.320000000007
Libya,Potatoes,193333,214015.885,-20682.88500000001
Libya,Wheat,7879,8781.27,-902.2700000000004
Libya,Wheat,7879,8990.555,-1111.5550000000003
Libya,Maize,22129,22096.525,32.474999999998545
Libya,Maize,22129,22511.33,-382.33000000000175
Libya,Potatoes,193333,198525.14,-5192.140000000014
Libya,Potatoes,193333,204252.39,-10919.390000000014
Libya,Wheat,7879,8437.255,-558.2549999999992
Libya,Wheat,7879,8580.83,-701.8299999999999
Libya,Maize,24790,21932.345,2857.654999999999
Libya,Maize,24790,22457.36,2332.6399999999994
Libya,Potatoes,194380,207012.755,-12632.755000000005
Libya,Potatoes,194380,211918.695,-17538.695000000007
Libya,Wheat,7895,9621.095,-1726.0949999999993
Libya,Wheat,7895,9741.285,-1846.2849999999999
Libya,Maize,19333,23950.78,-4617.779999999999
Libya,Maize,19333,22955.845,-3622.845000000001
Libya,Potatoes,193849,204316.27,-10467.26999999999
Libya,Potatoes,193849,209399.03,-15550.029999999999
Libya,Wheat,7717,8450.19,-733.1900000000005
Libya,Wheat,7717,9486.89,-1769.8899999999994
Libya,Maize,21419,24262.92,-2843.9199999999983
Libya,Maize,21419,23592.065,-2173.0649999999987
Libya,Potatoes,189247,199773.12,-10526.119999999995
Libya,Potatoes,189247,204871.225,-15624.225000000006
Libya,Wheat,7784,8604.865,-820.8649999999998
Libya,Wheat,7784,8314.125,-530.125
Libya,Maize,21613,23331.79,-1718.7900000000009
Libya,Maize,21613,23251.16,-1638.1599999999999
Libya,Potatoes,189474,200821.67,-11347.670000000013
Libya,Potatoes,189474,206616.08,-17142.079999999987
Libya,Wheat,7958,8281.35,-323.35000000000036
Libya,Wheat,7958,8432.215,-474.21500000000015
Libya,Maize,20000,23382.875,-3382.875
Libya,Maize,20000,23251.16,-3251.16
Libya,Potatoes,196667,200514.21,-3847.209999999992
Libya,Potatoes,196667,206661.045,-9994.045000000013
Libya,Wheat,7955,8284.6,-329.60000000000036
Libya,Wheat,7955,8432.215,-477.21500000000015
Lithuania,Maize,28621,21465.84,7155.16
Lithuania,Potatoes,154365,124302.78,30062.22
Lithuania,Wheat,36335,29518.53,6816.470000000001
Lithuania,Maize,21429,23966.79,-2537.790000000001
Lithuania,Potatoes,128802,126407.67,2394.3300000000017
Lithuania,Wheat,40276,27195.11,13080.89
Lithuania,Maize,30625,24557.62,6067.380000000001
Lithuania,Potatoes,120987,126157.575,-5170.574999999997
Lithuania,Wheat,37332,27195.11,10136.89
Lithuania,Maize,23500,25543.035,-2043.0349999999999
Lithuania,Potatoes,79083,121958.43,-42875.42999999999
Lithuania,Wheat,23554,27035.455,-3481.4550000000017
Lithuania,Maize,48148,27299.43,20848.57
Lithuania,Potatoes,109110,123579.765,-14469.765
Lithuania,Wheat,39219,27337.865,11881.134999999998
Lithuania,Maize,42105,28216.92,13888.080000000002
Lithuania,Potatoes,148017,125598.575,22418.425000000003
Lithuania,Wheat,42689,27393.16,15295.84
Lithuania,Maize,43273,26576.25,16696.75
Lithuania,Potatoes,142167,121215.09,20951.910000000003
Lithuania,Wheat,42004,27481.385,14522.615000000002
Lithuania,Maize,66901,24836.5,42064.5
Lithuania,Potatoes,130301,127654.96,2646.0399999999936
Lithuania,Wheat,33045,27200.275,5844.7249999999985
Lithuania,Maize,74896,27130.845,47765.155
Lithuania,Potatoes,155889,125095.83,30793.17
Lithuania,Wheat,33919,26676.015,7242.985000000001
Lithuania,Maize,61085,25665.28,35419.72
Lithuania,Potatoes,170776,121488.95,49287.05
Lithuania,Wheat,47829,27087.805,20741.195
Lithuania,Maize,73953,27299.43,46653.57
Lithuania,Potatoes,148606,122358.005,26247.994999999995
Lithuania,Wheat,43022,26840.03,16181.970000000001
Madagascar,Cassava,67157,75236.81,-8079.809999999998
Madagascar,Maize,8845,11327.63,-2482.629999999999
Madagascar,Potatoes,59621,75404.28,-15783.279999999999
Madagascar,"Rice, paddy",21414,22649.305,-1235.3050000000003
Madagascar,Sorghum,6608,7186.765,-578.7650000000003
Madagascar,Soybeans,6040,6366.255,-326.2550000000001
Madagascar,Sweet potatoes,52178,55610.33,-3432.3300000000017
Madagascar,Wheat,23462,22578.84,883.1599999999999
Madagascar,Cassava,55178,72296.175,-17118.175000000003
Madagascar,Maize,17779,9550.52,8228.48
Madagascar,Potatoes,56139,61307.765,-5168.764999999999
Madagascar,"Rice, paddy",24475,21866.08,2608.9199999999983
Madagascar,Sorghum,6469,6754.865,-285.8649999999998
Madagascar,Soybeans,5990,6095.45,-105.44999999999982
Madagascar,Sweet potatoes,51282,57151.275,-5869.2750000000015
Madagascar,Wheat,23454,22408.44,1045.5600000000013
Madagascar,Cassava,76239,72768.87,3470.1300000000047
Madagascar,Maize,15464,9671.95,5792.049999999999
Madagascar,Potatoes,58561,59768.405,-1207.4049999999988
Madagascar,"Rice, paddy",27140,21214.205,5925.794999999998
Madagascar,Sorghum,6367,6766.155,-399.15499999999975
Madagascar,Soybeans,5968,6120.925,-152.92500000000018
Madagascar,Sweet potatoes,70897,56147.165,14749.835
Madagascar,Wheat,23440,24121.635,-681.6349999999984
Madagascar,Cassava,76035,72768.87,3266.1300000000047
Madagascar,Maize,15891,9681.97,6209.030000000001
Madagascar,Potatoes,58565,59779.825,-1214.824999999997
Madagascar,"Rice, paddy",27667,21212.7,6454.299999999999
Madagascar,Sorghum,6266,6763.515,-497.5150000000003
Madagascar,Soybeans,5946,6121.11,-175.10999999999967
Madagascar,Sweet potatoes,72428,56091.46,16336.54
Madagascar,Wheat,23256,24036.12,-780.119999999999
Madagascar,Cassava,75811,73503.95,2307.050000000003
Madagascar,Maize,16191,9499.0,6692.0
Madagascar,Potatoes,59881,60060.395,-179.3949999999968
Madagascar,"Rice, paddy",28268,21293.795,6974.205000000002
Madagascar,Sorghum,6164,6756.7,-592.6999999999998
Madagascar,Soybeans,5924,6114.975,-190.97500000000036
Madagascar,Sweet potatoes,72814,56426.52,16387.480000000003
Madagascar,Wheat,24444,23931.54,512.4599999999991
Madagascar,Cassava,76713,72397.595,4315.404999999999
Madagascar,Maize,16569,9587.3,6981.700000000001
Madagascar,Potatoes,59912,59919.695,-7.694999999999709
Madagascar,"Rice, paddy",30495,21268.27,9226.73
Madagascar,Sorghum,6063,6768.47,-705.4700000000003
Madagascar,Soybeans,5902,6125.265,-223.26500000000033
Madagascar,Sweet potatoes,71262,56233.23,15028.769999999997
Madagascar,Wheat,23810,24018.19,-208.1899999999987
Madagascar,Cassava,75058,73562.26,1495.7400000000052
Madagascar,Maize,16225,9835.29,6389.709999999999
Madagascar,Potatoes,59915,59880.21,34.79000000000087
Madagascar,"Rice, paddy",35056,21616.425,13439.575
Madagascar,Sorghum,5961,6765.79,-804.79
Madagascar,Soybeans,5880,6045.395,-165.39500000000044
Madagascar,Sweet potatoes,71721,56558.87,15162.129999999997
Madagascar,Wheat,23859,23376.125,482.875
Madagascar,Cassava,74144,74877.21,-733.2100000000064
Madagascar,Maize,15577,11707.59,3869.41
Madagascar,Potatoes,58940,76501.93,-17561.929999999993
Madagascar,"Rice, paddy",36249,21158.065,15090.935000000001
Madagascar,Sorghum,5972,7194.55,-1222.5500000000002
Madagascar,Soybeans,5960,6504.055,-544.0550000000003
Madagascar,Sweet potatoes,72205,55166.865,17038.135000000002
Madagascar,Wheat,23982,22288.695,1693.3050000000003
Madagascar,Cassava,73945,73256.67,688.3300000000017
Madagascar,Maize,15490,12613.695,2876.3050000000003
Madagascar,Potatoes,58963,111892.425,-52929.425
Madagascar,"Rice, paddy",37806,21278.81,16527.19
Madagascar,Sorghum,5886,7536.42,-1650.42
Madagascar,Soybeans,5962,7535.015,-1573.0150000000003
Madagascar,Sweet potatoes,74011,55624.73,18386.269999999997
Madagascar,Wheat,23968,22748.03,1219.9700000000012
Madagascar,Cassava,76214,73014.155,3199.845000000001
Madagascar,Maize,16290,13267.07,3022.9300000000003
Madagascar,Potatoes,59267,124889.21,-65622.21
Madagascar,"Rice, paddy",37661,23116.83,14544.169999999998
Madagascar,Sorghum,5870,7867.73,-1997.7299999999996
Madagascar,Soybeans,6000,7309.0,-1309.0
Madagascar,Sweet potatoes,75760,55743.445,20016.555
Madagascar,Wheat,24045,22501.69,1543.3100000000013
Madagascar,Cassava,77707,68529.48,9177.520000000004
Madagascar,Maize,16288,17568.36,-1280.3600000000006
Madagascar,Potatoes,59375,150005.545,-90630.54500000001
Madagascar,"Rice, paddy",39449,22449.435,16999.565
Madagascar,Sorghum,5652,8814.465,-3162.465
Madagascar,Soybeans,5867,8115.415,-2248.415
Madagascar,Sweet potatoes,77058,57284.835,19773.165
Madagascar,Wheat,24122,19703.705,4418.294999999998
Malawi,Cassava,149635,119733.12,29901.880000000005
Malawi,Maize,10460,12767.35,-2307.3500000000004
Malawi,Plantains and others,75000,50085.885,24914.114999999998
Malawi,Potatoes,126773,114475.905,12297.095000000001
Malawi,"Rice, paddy",16425,16927.88,-502.880000000001
Malawi,Sorghum,7197,6198.375,998.625
Malawi,Wheat,5588,7829.685,-2241.6850000000004
Malawi,Cassava,161644,120145.835,41498.16499999999
Malawi,Maize,10460,12036.575,-1576.5750000000007
Malawi,Plantains and others,100000,52399.075,47600.925
Malawi,Potatoes,120873,116217.175,4655.824999999997
Malawi,"Rice, paddy",11681,18377.91,-6696.91
Malawi,Sorghum,6446,6732.535,-286.53499999999985
Malawi,Soybeans,6447,7562.99,-1115.9899999999998
Malawi,Wheat,7537,9571.31,-2034.3099999999995
Malawi,Cassava,142995,134303.905,8691.095000000001
Malawi,Maize,8093,13001.065,-4908.0650000000005
Malawi,Plantains and others,96875,56028.23,40846.77
Malawi,Potatoes,90371,128367.115,-37996.115000000005
Malawi,"Rice, paddy",8424,17070.9,-8646.900000000001
Malawi,Sorghum,2656,6492.125,-3836.125
Malawi,Soybeans,5797,8079.825,-2282.825
Malawi,Wheat,8707,9109.065,-402.0650000000005
Malawi,Cassava,173116,136005.93,37110.07000000001
Malawi,Maize,14814,12229.415,2584.584999999999
Malawi,Plantains and others,94118,55640.825,38477.175
Malawi,Potatoes,133445,123087.825,10357.175000000003
Malawi,"Rice, paddy",17576,17513.295,62.705000000001746
Malawi,Sorghum,7688,6303.36,1384.6400000000003
Malawi,Soybeans,7639,8098.025,-459.02499999999964
Malawi,Wheat,12071,8061.19,4009.8100000000004
Malawi,Cassava,187722,135016.82,52705.17999999999
Malawi,Maize,26547,18146.145,8400.855
Malawi,Plantains and others,94286,60442.75,33843.25
Malawi,Potatoes,151922,141027.835,10894.165000000008
Malawi,"Rice, paddy",19481,16873.015,2607.9850000000006
Malawi,Sorghum,8593,6905.995,1687.005
Malawi,Soybeans,8972,9344.12,-372.1200000000008
Malawi,Wheat,22968,15268.505,7699.495000000001
Malawi,Cassava,190760,134662.22,56097.78
Malawi,Maize,16498,20414.68,-3916.6800000000003
Malawi,Plantains and others,95374,69232.285,26141.714999999997
Malawi,Potatoes,146009,145431.69,577.3099999999977
Malawi,"Rice, paddy",18200,17031.915,1168.0849999999991
Malawi,Sorghum,8314,7415.56,898.4399999999996
Malawi,Soybeans,8722,11001.19,-2279.1900000000005
Malawi,Wheat,16133,16589.015,-456.0149999999994
Malawi,Cassava,202912,134407.17,68504.82999999999
Malawi,Maize,22265,20056.755,2208.244999999999
Malawi,Plantains and others,96524,70474.525,26049.475000000006
Malawi,Potatoes,161923,143695.335,18227.665000000008
Malawi,"Rice, paddy",21259,16714.83,4544.169999999998
Malawi,Sorghum,7968,7057.57,910.4300000000003
Malawi,Soybeans,9804,10848.73,-1044.7299999999996
Malawi,Wheat,15006,16540.795,-1534.7949999999983
Malawi,Cassava,204311,132828.23,71482.76999999999
Malawi,Maize,20158,17769.63,2388.369999999999
Malawi,Plantains and others,97581,67916.225,29664.774999999994
Malawi,Potatoes,160600,140074.425,20525.57500000001
Malawi,"Rice, paddy",18631,15988.935,2642.0650000000005
Malawi,Sorghum,6094,6489.595,-395.59500000000025
Malawi,Soybeans,9757,8669.14,1087.8600000000006
Malawi,Wheat,15123,14568.805,554.1949999999997
Malawi,Cassava,215408,132360.3,83047.70000000001
Malawi,Maize,22079,16151.93,5927.07
Malawi,Plantains and others,98694,59859.13,38834.87
Malawi,Potatoes,159930,140300.79,19629.209999999992
Malawi,"Rice, paddy",19125,14578.76,4546.24
Malawi,Sorghum,8184,6642.495,1541.505
Malawi,Soybeans,9977,8553.16,1423.8400000000001
Malawi,Wheat,15214,15459.9,-245.89999999999964
Malawi,Cassava,223883,134662.22,89220.78
Malawi,Maize,21932,19917.155,2014.8450000000012
Malawi,Plantains and others,100000,75603.475,24396.524999999994
Malawi,Potatoes,172009,147386.62,24622.380000000005
Malawi,"Rice, paddy",18453,17501.765,951.2350000000006
Malawi,Sorghum,8335,7415.31,919.6899999999996
Malawi,Soybeans,10433,11066.64,-633.6399999999994
Malawi,Wheat,15104,16484.69,-1380.6899999999987
Malawi,Cassava,228041,136457.22,91583.78
Malawi,Maize,21708,19877.98,1830.0200000000004
Malawi,Plantains and others,100966,113599.625,-12633.625
Malawi,Potatoes,175414,150309.0,25105.0
Malawi,"Rice, paddy",19174,22670.895,-3496.8950000000004
Malawi,Sorghum,9647,8558.975,1088.0249999999996
Malawi,Soybeans,9791,12780.53,-2989.5300000000007
Malawi,Wheat,14058,17305.42,-3247.4199999999983
Malaysia,Cassava,172414,150801.855,21612.14499999999
Malaysia,Maize,30435,26677.39,3757.6100000000006
Malaysia,"Rice, paddy",32385,31134.0,1251.0
Malaysia,Sweet potatoes,108800,112883.015,-4083.0149999999994
Malaysia,Cassava,202500,150501.84,51998.16
Malaysia,Maize,30000,26618.93,3381.0699999999997
Malaysia,"Rice, paddy",33260,31180.8,2079.2000000000007
Malaysia,Sweet potatoes,120523,113063.495,7459.505000000005
Malaysia,Cassava,222857,151096.71,71760.29000000001
Malaysia,Maize,30000,26677.39,3322.6100000000006
Malaysia,"Rice, paddy",34221,31134.0,3087.0
Malaysia,Sweet potatoes,126406,112883.015,13522.985
Malaysia,Cassava,233333,150501.84,82831.16
Malaysia,Maize,32000,26618.93,5381.07
Malaysia,"Rice, paddy",33907,31180.8,2726.2000000000007
Malaysia,Sweet potatoes,142868,113063.495,29804.505000000005
Malaysia,Cassava,161565,150299.335,11265.665000000008
Malaysia,Maize,48554,25554.88,22999.12
Malaysia,"Rice, paddy",35277,31200.35,4076.6500000000015
Malaysia,Sweet potatoes,162751,113009.07,49741.92999999999
Malaysia,Cassava,152025,147642.005,4382.994999999995
Malaysia,Maize,52192,24957.84,27234.16
Malaysia,"Rice, paddy",35836,31221.23,4614.77
Malaysia,Sweet potatoes,139251,112690.725,26560.274999999994
Malaysia,Cassava,222790,151008.015,71781.98499999999
Malaysia,Maize,50719,25372.06,25346.94
Malaysia,"Rice, paddy",37205,31180.42,6024.580000000002
Malaysia,Sweet potatoes,103094,113032.63,-9938.630000000005
Malaysia,Cassava,134298,151064.77,-16766.76999999999
Malaysia,Maize,55351,24566.92,30784.08
Malaysia,"Rice, paddy",36361,30932.905,5428.095000000001
Malaysia,Sweet potatoes,106534,112858.125,-6324.125
Malaysia,Cassava,127912,150474.75,-22562.75
Malaysia,Maize,61320,26621.635,34698.365000000005
Malaysia,"Rice, paddy",37468,31180.8,6287.200000000001
Malaysia,Sweet potatoes,119255,113063.495,6191.505000000005
Malaysia,Cassava,275589,150501.84,125087.16
Malaysia,Maize,89681,25479.395,64201.604999999996
Malaysia,"Rice, paddy",37972,31183.35,6788.6500000000015
Malaysia,Sweet potatoes,215175,113032.63,102142.37
Malaysia,Cassava,155321,151665.175,3655.8250000000116
Malaysia,Maize,88991,24716.35,64274.65
Malaysia,"Rice, paddy",38763,30932.905,7830.095000000001
Malaysia,Sweet potatoes,166824,112862.57,53961.42999999999
Mali,Cassava,115892,101455.755,14436.244999999995
Mali,Maize,11478,13262.225,-1784.2250000000004
Mali,Potatoes,180217,175304.105,4912.8949999999895
Mali,"Rice, paddy",19439,20682.665,-1243.6650000000009
Mali,Sorghum,6951,7527.74,-576.7399999999998
Mali,Soybeans,15265,15822.87,-557.8700000000008
Mali,Sweet potatoes,158037,110634.825,47402.175
Mali,Wheat,25687,23865.9,1821.0999999999985
Mali,Yams,132132,117452.54,14679.460000000006
Mali,Cassava,178976,101455.755,77520.245
Mali,Maize,18210,13296.89,4913.110000000001
Mali,Potatoes,163954,171523.12,-7569.119999999995
Mali,"Rice, paddy",22803,20442.415,2360.584999999999
Mali,Sorghum,11509,7840.135,3668.865
Mali,Soybeans,17361,16761.08,599.9199999999983
Mali,Sweet potatoes,165227,109506.11,55720.89
Mali,Wheat,25296,23644.445,1651.5550000000003
Mali,Yams,205712,117452.54,88259.46
Mali,Cassava,146798,101455.755,45342.244999999995
Mali,Maize,14933,13262.225,1670.7749999999996
Mali,Potatoes,194956,180190.475,14765.524999999994
Mali,"Rice, paddy",22845,20730.055,2114.9449999999997
Mali,Sorghum,8454,7527.74,926.2600000000002
Mali,Soybeans,17171,15822.87,1348.1299999999992
Mali,Sweet potatoes,159665,110618.16,49046.84
Mali,Wheat,22001,23865.9,-1864.9000000000015
Mali,Yams,165917,117452.54,48464.46000000001
Mali,Cassava,180178,97498.87,82679.13
Mali,Maize,17134,12826.38,4307.620000000001
Mali,Potatoes,238984,174154.57,64829.42999999999
Mali,"Rice, paddy",25783,20235.755,5547.244999999999
Mali,Sorghum,8393,7958.295,434.7049999999999
Mali,Soybeans,16032,15727.04,304.9599999999991
Mali,Sweet potatoes,186516,108656.57,77859.43
Mali,Wheat,24025,22518.775,1506.2249999999985
Mali,Yams,250000,131497.02,118502.98000000001
Mali,Cassava,162236,101455.755,60780.244999999995
Mali,Maize,16831,13298.5,3532.5
Mali,Potatoes,240551,171523.12,69027.88
Mali,"Rice, paddy",27621,20328.425,7292.575000000001
Mali,Sorghum,8262,7872.45,389.5500000000002
Mali,Soybeans,12147,16761.08,-4614.080000000002
Mali,Sweet potatoes,190602,109392.9,81209.1
Mali,Wheat,25029,23648.815,1380.1850000000013
Mali,Yams,249941,117496.375,132444.625
Mali,Cassava,158875,97498.87,61376.130000000005
Mali,Maize,19732,12848.665,6883.334999999999
Mali,Potatoes,239915,172888.03,67026.97
Mali,"Rice, paddy",33660,20217.44,13442.560000000001
Mali,Sorghum,10365,7958.295,2406.705
Mali,Soybeans,6214,15779.24,-9565.24
Mali,Sweet potatoes,202336,108000.58,94335.42
Mali,Wheat,24409,22542.59,1866.4099999999999
Mali,Yams,212980,131497.02,81482.98000000001
Mali,Cassava,180749,96835.935,83913.065
Mali,Maize,33349,12541.745,20807.254999999997
Mali,Potatoes,237913,171377.035,66535.965
Mali,"Rice, paddy",30646,20277.51,10368.490000000002
Mali,Sorghum,15941,7765.935,8175.065
Mali,Soybeans,6274,18546.355,-12272.355
Mali,Sweet potatoes,191228,109951.265,81276.735
Mali,Wheat,29665,23655.39,6009.610000000001
Mali,Yams,203082,117564.495,85517.505
Mali,Cassava,153919,101455.755,52463.244999999995
Mali,Maize,26886,12995.565,13890.435
Mali,Potatoes,220473,171329.415,49143.58499999999
Mali,"Rice, paddy",21044,20598.65,445.34999999999854
Mali,Sorghum,9951,7494.125,2456.875
Mali,Soybeans,6881,18607.915,-11726.915
Mali,Sweet potatoes,188048,108303.16,79744.84
Mali,Wheat,25543,23618.93,1924.0699999999997
Mali,Yams,234857,117362.61,117494.39
Mali,Cassava,155504,96744.535,58759.465
Mali,Maize,14037,12523.675,1513.3250000000007
Mali,Potatoes,204721,171429.335,33291.66500000001
Mali,"Rice, paddy",30210,20258.7,9951.3
Mali,Sorghum,7067,7765.415,-698.415
Mali,Soybeans,8715,18519.175,-9804.175
Mali,Sweet potatoes,181391,110307.58,71083.42
Mali,Wheat,34378,23592.48,10785.52
Mali,Yams,223344,117630.735,105713.265
Mali,Cassava,156860,99844.44,57015.56
Mali,Maize,24427,13054.6,11372.4
Mali,Potatoes,198983,172448.085,26534.915000000008
Mali,"Rice, paddy",34486,20264.705,14221.294999999998
Mali,Sorghum,10612,8034.99,2577.01
Mali,Soybeans,8611,18335.885,-9724.884999999998
Mali,Sweet potatoes,176736,105730.415,71005.585
Mali,Wheat,40285,19825.46,20459.54
Mali,Yams,211794,133102.395,78691.60500000001
Mali,Cassava,155621,102305.36,53315.64
Mali,Maize,25927,12985.27,12941.73
Mali,Potatoes,193555,171759.96,21795.040000000008
Mali,"Rice, paddy",30009,20620.79,9388.21
Mali,Sorghum,11052,6793.355,4258.645
Mali,Soybeans,7219,18719.565,-11500.564999999999
Mali,Sweet potatoes,174581,109884.525,64696.475000000006
Mali,Wheat,39754,23507.98,16246.02
Mali,Yams,206300,117360.48,88939.52
Mauritania,Maize,5644,7688.5,-2044.5
Mauritania,Potatoes,51282,52089.03,-807.0299999999988
Mauritania,"Rice, paddy",45602,41963.51,3638.489999999998
Mauritania,Sorghum,3581,6618.025,-3037.0249999999996
Mauritania,Sweet potatoes,10007,10669.645,-662.6450000000004
Mauritania,Wheat,16541,15850.665,690.3349999999991
Mauritania,Yams,62636,92940.06,-30304.059999999998
Mauritania,Maize,11513,19414.725,-7901.7249999999985
Mauritania,Potatoes,51778,170324.695,-118546.695
Mauritania,"Rice, paddy",46995,36707.46,10287.54
Mauritania,Sorghum,1448,6197.3,-4749.3
Mauritania,Sweet potatoes,10009,80015.41,-70006.41
Mauritania,Wheat,24906,13192.52,11713.48
Mauritania,Yams,62760,64649.025,-1889.0250000000015
Mauritania,Maize,8156,8059.34,96.65999999999985
Mauritania,Potatoes,51163,52599.95,-1436.949999999997
Mauritania,"Rice, paddy",38919,42591.295,-3672.2949999999983
Mauritania,Sorghum,5156,5646.175,-490.1750000000002
Mauritania,Sweet potatoes,10008,10671.495,-663.4950000000008
Mauritania,Wheat,20000,15708.485,4291.514999999999
Mauritania,Yams,62732,92704.165,-29972.164999999994
Mauritania,Maize,4975,7796.09,-2821.09
Mauritania,Potatoes,52752,52065.22,686.7799999999988
Mauritania,"Rice, paddy",44809,41963.51,2845.489999999998
Mauritania,Sorghum,4037,6618.025,-2581.0249999999996
Mauritania,Sweet potatoes,10000,10669.645,-669.6450000000004
Mauritania,Wheat,21026,15850.665,5175.334999999999
Mauritania,Yams,62222,92940.06,-30718.059999999998
Mauritania,Maize,7116,7660.56,-544.5600000000004
Mauritania,Potatoes,53231,52063.12,1167.8799999999974
Mauritania,"Rice, paddy",47221,42004.51,5216.489999999998
Mauritania,Sorghum,3976,6618.025,-2642.0249999999996
Mauritania,Sweet potatoes,10007,11134.355,-1127.3549999999996
Mauritania,Wheat,20000,15845.655,4154.344999999999
Mauritania,Yams,62698,93014.775,-30316.774999999994
Mauritania,Maize,7059,8140.27,-1081.2700000000004
Mauritania,Potatoes,53810,51971.41,1838.5899999999965
Mauritania,"Rice, paddy",47631,42591.295,5039.705000000002
Mauritania,Sorghum,4395,6211.58,-1816.58
Mauritania,Sweet potatoes,10006,10565.775,-559.7749999999996
Mauritania,Wheat,20000,16027.89,3972.1100000000006
Mauritania,Yams,62703,97824.37,-35121.369999999995
Mauritania,Maize,5542,7663.065,-2121.0649999999996
Mauritania,Potatoes,54030,52333.525,1696.4749999999985
Mauritania,"Rice, paddy",39894,42015.17,-2121.1699999999983
Mauritania,Sorghum,4902,6347.3,-1445.3000000000002
Mauritania,Sweet potatoes,10005,10106.995,-101.9950000000008
Mauritania,Wheat,19780,15789.435,3990.5650000000005
Mauritania,Yams,62705,100601.54,-37896.53999999999
Mauritania,Maize,8592,12910.345,-4318.344999999999
Mauritania,Potatoes,51163,49048.565,2114.4349999999977
Mauritania,"Rice, paddy",52310,42962.205,9347.794999999998
Mauritania,Sorghum,5094,4354.875,739.125
Mauritania,Sweet potatoes,10005,36291.41,-26286.410000000003
Mauritania,Wheat,20820,16293.27,4526.73
Mauritania,Yams,62706,72167.075,-9461.074999999997
Mauritania,Maize,6611,7699.39,-1088.3900000000003
Mauritania,Potatoes,55446,52088.6,3357.4000000000015
Mauritania,"Rice, paddy",50958,41990.74,8967.260000000002
Mauritania,Sorghum,2793,7253.86,-4460.86
Mauritania,Sweet potatoes,10004,11134.355,-1130.3549999999996
Mauritania,Wheat,16018,16139.345,-121.34499999999935
Mauritania,Yams,62703,93014.94,-30311.940000000002
Mauritania,Maize,6904,7946.83,-1042.83
Mauritania,Potatoes,57143,51485.275,5657.7249999999985
Mauritania,"Rice, paddy",49788,42878.305,6909.695
Mauritania,Sorghum,5074,5503.83,-429.8299999999999
Mauritania,Sweet potatoes,10000,10564.02,-564.0200000000004
Mauritania,Wheat,21278,15042.705,6235.295
Mauritania,Yams,63830,63804.575,25.42500000000291
Mauritania,Maize,4731,8199.955,-3468.955
Mauritania,Potatoes,62857,51902.175,10954.824999999997
Mauritania,"Rice, paddy",49522,43421.715,6100.2850000000035
Mauritania,Sorghum,4843,4130.935,712.0649999999996
Mauritania,Sweet potatoes,10000,10566.075,-566.0750000000007
Mauritania,Wheat,21172,14931.505,6240.495000000001
Mauritania,Yams,61224,64866.14,-3642.1399999999994
Mauritius,Cassava,107692,147163.01,-39471.01000000001
Mauritius,Maize,77632,69456.345,8175.654999999999
Mauritius,Potatoes,220116,210386.88,9729.119999999995
Mauritius,Sweet potatoes,112727,128198.565,-15471.565000000002
Mauritius,Cassava,187500,144219.595,43280.405
Mauritius,Maize,64737,68045.84,-3308.8399999999965
Mauritius,Potatoes,185272,211821.775,-26549.774999999994
Mauritius,Sweet potatoes,108333,100161.92,8171.080000000002
Mauritius,Cassava,147143,144401.35,2741.649999999994
Mauritius,Maize,75397,69845.435,5551.565000000002
Mauritius,Potatoes,213306,213360.73,-54.73000000001048
Mauritius,Sweet potatoes,97313,100094.96,-2781.9600000000064
Mauritius,Cassava,164286,146841.745,17444.255000000005
Mauritius,Maize,77931,68944.215,8986.785000000003
Mauritius,Potatoes,238105,210386.88,27718.119999999995
Mauritius,Sweet potatoes,70345,124792.59,-54447.59
Mauritius,Cassava,141176,145459.88,-4283.880000000005
Mauritius,Maize,94537,68151.15,26385.850000000006
Mauritius,Potatoes,251918,211136.73,40781.26999999999
Mauritius,Sweet potatoes,101266,121587.91,-20321.910000000003
Mauritius,Cassava,136364,143908.82,-7544.820000000007
Mauritius,Maize,75410,69845.435,5564.565000000002
Mauritius,Potatoes,229444,211812.425,17631.57500000001
Mauritius,"Rice, paddy",30688,49381.47,-18693.47
Mauritius,Sweet potatoes,112535,89376.01,23158.990000000005
Mauritius,Cassava,146667,143785.045,2881.954999999987
Mauritius,Maize,80000,71137.81,8862.190000000002
Mauritius,Potatoes,231096,206932.475,24163.524999999994
Mauritius,"Rice, paddy",29513,45961.18,-16448.18
Mauritius,Sweet potatoes,123377,91087.62,32289.380000000005
Mauritius,Cassava,132059,144243.515,-12184.515000000014
Mauritius,Maize,68333,71137.81,-2804.8099999999977
Mauritius,Potatoes,203649,207029.71,-3380.709999999992
Mauritius,"Rice, paddy",28354,45618.315,-17264.315000000002
Mauritius,Sweet potatoes,114143,99702.04,14440.960000000006
Mauritius,Cassava,125000,144718.39,-19718.390000000014
Mauritius,Maize,74419,71137.81,3281.1900000000023
Mauritius,Potatoes,213264,209731.88,3532.1199999999953
Mauritius,"Rice, paddy",26333,45813.325,-19480.324999999997
Mauritius,Sweet potatoes,174769,110244.02,64524.979999999996
Mauritius,Cassava,125000,146809.33,-21809.329999999987
Mauritius,Maize,71207,69383.31,1823.6900000000023
Mauritius,Potatoes,233356,210027.605,23328.39499999999
Mauritius,"Rice, paddy",26893,46776.83,-19883.83
Mauritius,Sweet potatoes,152500,123013.3,29486.699999999997
Mauritius,Cassava,137027,144982.37,-7955.369999999995
Mauritius,Maize,67957,68513.95,-556.9499999999971
Mauritius,Potatoes,236026,209831.485,26194.515000000014
Mauritius,"Rice, paddy",21250,47567.01,-26317.010000000002
Mauritius,Sweet potatoes,133049,109660.375,23388.625
Mexico,Cassava,150988,74992.92,75995.08
Mexico,Cassava,150988,72578.68,78409.32
Mexico,Cassava,150988,72265.01,78722.99
Mexico,Cassava,150988,75250.07,75737.93
Mexico,Cassava,150988,73088.405,77899.595
Mexico,Cassava,150988,74782.485,76205.515
Mexico,Cassava,150988,74992.92,75995.08
Mexico,Cassava,150988,72578.68,78409.32
Mexico,Maize,27105,31015.365,-3910.3650000000016
Mexico,Maize,27105,25416.32,1688.6800000000003
Mexico,Maize,27105,25624.04,1480.9599999999991
Mexico,Maize,27105,26105.805,999.1949999999997
Mexico,Maize,27105,25486.015,1618.9850000000006
Mexico,Maize,27105,26108.22,996.7799999999988
Mexico,Maize,27105,31015.365,-3910.3650000000016
Mexico,Maize,27105,25416.32,1688.6800000000003
Mexico,Potatoes,237558,188818.765,48739.234999999986
Mexico,Potatoes,237558,214161.165,23396.834999999992
Mexico,Potatoes,237558,211748.745,25809.255000000005
Mexico,Potatoes,237558,229602.745,7955.255000000005
Mexico,Potatoes,237558,212389.87,25168.130000000005
Mexico,Potatoes,237558,235298.38,2259.6199999999953
Mexico,Potatoes,237558,188818.765,48739.234999999986
Mexico,Potatoes,237558,214161.165,23396.834999999992
Mexico,"Rice, paddy",45027,45636.715,-609.7149999999965
Mexico,"Rice, paddy",45027,38891.34,6135.6600000000035
Mexico,"Rice, paddy",45027,39102.79,5924.209999999999
Mexico,"Rice, paddy",45027,38911.615,6115.385000000002
Mexico,"Rice, paddy",45027,38905.865,6121.135000000002
Mexico,"Rice, paddy",45027,38908.49,6118.510000000002
Mexico,"Rice, paddy",45027,45636.715,-609.7149999999965
Mexico,"Rice, paddy",45027,38891.34,6135.6600000000035
Mexico,Sorghum,29859,33080.185,-3221.1849999999977
Mexico,Sorghum,29859,32772.92,-2913.9199999999983
Mexico,Sorghum,29859,33149.585,-3290.584999999999
Mexico,Sorghum,29859,32810.51,-2951.510000000002
Mexico,Sorghum,29859,32990.87,-3131.8700000000026
Mexico,Sorghum,29859,32933.49,-3074.489999999998
Mexico,Sorghum,29859,33080.185,-3221.1849999999977
Mexico,Sorghum,29859,32772.92,-2913.9199999999983
Mexico,Soybeans,15318,16785.335,-1467.3349999999991
Mexico,Soybeans,15318,16336.66,-1018.6599999999999
Mexico,Soybeans,15318,16480.97,-1162.9700000000012
Mexico,Soybeans,15318,16505.695,-1187.6949999999997
Mexico,Soybeans,15318,16371.195,-1053.1949999999997
Mexico,Soybeans,15318,16426.87,-1108.869999999999
Mexico,Soybeans,15318,16785.335,-1467.3349999999991
Mexico,Soybeans,15318,16336.66,-1018.6599999999999
Mexico,Sweet potatoes,184236,111022.84,73213.16
Mexico,Sweet potatoes,184236,155544.82,28691.179999999993
Mexico,Sweet potatoes,184236,181551.04,2684.959999999992
Mexico,Sweet potatoes,184236,139869.945,44366.05499999999
Mexico,Sweet potatoes,184236,178642.955,5593.045000000013
Mexico,Sweet potatoes,184236,138135.455,46100.54500000001
Mexico,Sweet potatoes,184236,111022.84,73213.16
Mexico,Sweet potatoes,184236,155544.82,28691.179999999993
Mexico,Wheat,50999,31848.405,19150.595
Mexico,Wheat,50999,45696.28,5302.720000000001
Mexico,Wheat,50999,46417.47,4581.529999999999
Mexico,Wheat,50999,45189.865,5809.135000000002
Mexico,Wheat,50999,46304.87,4694.129999999997
Mexico,Wheat,50999,45126.915,5872.084999999999
Mexico,Wheat,50999,31848.405,19150.595
Mexico,Wheat,50999,45696.28,5302.720000000001
Mexico,Cassava,141677,153229.54,-11552.540000000008
Mexico,Cassava,141677,153229.54,-11552.540000000008
Mexico,Cassava,141677,153229.54,-11552.540000000008
Mexico,Cassava,141677,153229.54,-11552.540000000008
Mexico,Cassava,141677,153229.54,-11552.540000000008
Mexico,Cassava,141677,153229.54,-11552.540000000008
Mexico,Cassava,141677,153229.54,-11552.540000000008
Mexico,Cassava,141677,153229.54,-11552.540000000008
Mexico,Maize,28188,28383.135,-195.1349999999984
Mexico,Maize,28188,25934.375,2253.625
Mexico,Maize,28188,25922.805,2265.1949999999997
Mexico,Maize,28188,26104.53,2083.470000000001
Mexico,Maize,28188,25934.375,2253.625
Mexico,Maize,28188,26104.53,2083.470000000001
Mexico,Maize,28188,28213.84,-25.840000000000146
Mexico,Maize,28188,25934.375,2253.625
Mexico,Potatoes,242399,232651.53,9747.470000000001
Mexico,Potatoes,242399,234094.3,8304.700000000012
Mexico,Potatoes,242399,232024.155,10374.845000000001
Mexico,Potatoes,242399,235807.765,6591.234999999986
Mexico,Potatoes,242399,232429.46,9969.540000000008
Mexico,Potatoes,242399,239117.67,3281.329999999987
Mexico,Potatoes,242399,233684.36,8714.640000000014
Mexico,Potatoes,242399,234094.3,8304.700000000012
Mexico,"Rice, paddy",44631,45345.23,-714.2300000000032
Mexico,"Rice, paddy",44631,40363.955,4267.044999999998
Mexico,"Rice, paddy",44631,40550.505,4080.4950000000026
Mexico,"Rice, paddy",44631,40380.155,4250.845000000001
Mexico,"Rice, paddy",44631,40333.97,4297.029999999999
Mexico,"Rice, paddy",44631,40414.85,4216.1500000000015
Mexico,"Rice, paddy",44631,45362.805,-731.8050000000003
Mexico,"Rice, paddy",44631,40363.955,4267.044999999998
Mexico,Sorghum,38223,33929.715,4293.2850000000035
Mexico,Sorghum,38223,33523.725,4699.2750000000015
Mexico,Sorghum,38223,33493.62,4729.379999999997
Mexico,Sorghum,38223,33328.945,4894.055
Mexico,Sorghum,38223,33546.735,4676.264999999999
Mexico,Sorghum,38223,33313.755,4909.245000000003
Mexico,Sorghum,38223,33114.39,5108.610000000001
Mexico,Sorghum,38223,33523.725,4699.2750000000015
Mexico,Soybeans,15010,16358.22,-1348.2199999999993
Mexico,Soybeans,15010,16484.705,-1474.7050000000017
Mexico,Soybeans,15010,16450.685,-1440.6850000000013
Mexico,Soybeans,15010,16458.675,-1448.6749999999993
Mexico,Soybeans,15010,16472.795,-1462.7949999999983
Mexico,Soybeans,15010,16449.275,-1439.2750000000015
Mexico,Soybeans,15010,16080.885,-1070.8850000000002
Mexico,Soybeans,15010,16484.705,-1474.7050000000017
Mexico,Sweet potatoes,218597,112446.3,106150.7
Mexico,Sweet potatoes,218597,157547.675,61049.32500000001
Mexico,Sweet potatoes,218597,181689.76,36907.23999999999
Mexico,Sweet potatoes,218597,142390.76,76206.23999999999
Mexico,Sweet potatoes,218597,178788.45,39808.54999999999
Mexico,Sweet potatoes,218597,140782.63,77814.37
Mexico,Sweet potatoes,218597,116698.555,101898.445
Mexico,Sweet potatoes,218597,157547.675,61049.32500000001
Mexico,Wheat,44871,41334.41,3536.5899999999965
Mexico,Wheat,44871,47237.485,-2366.4850000000006
Mexico,Wheat,44871,47431.62,-2560.6200000000026
Mexico,Wheat,44871,46996.445,-2125.4449999999997
Mexico,Wheat,44871,47423.15,-2552.1500000000015
Mexico,Wheat,44871,46996.445,-2125.4449999999997
Mexico,Wheat,44871,41063.845,3807.154999999999
Mexico,Wheat,44871,47237.485,-2366.4850000000006
Mexico,Cassava,126099,115484.5,10614.5
Mexico,Cassava,126099,115550.92,10548.080000000002
Mexico,Cassava,126099,115550.92,10548.080000000002
Mexico,Cassava,126099,115667.67,10431.330000000002
Mexico,Cassava,126099,115550.92,10548.080000000002
Mexico,Cassava,126099,115667.67,10431.330000000002
Mexico,Cassava,126099,115484.5,10614.5
Mexico,Cassava,126099,115550.92,10548.080000000002
Mexico,Maize,29276,25983.455,3292.5449999999983
Mexico,Maize,29276,25592.07,3683.9300000000003
Mexico,Maize,29276,25483.735,3792.2649999999994
Mexico,Maize,29276,25707.69,3568.3100000000013
Mexico,Maize,29276,25483.235,3792.7649999999994
Mexico,Maize,29276,25707.69,3568.3100000000013
Mexico,Maize,29276,25994.92,3281.0800000000017
Mexico,Maize,29276,25592.07,3683.9300000000003
Mexico,Potatoes,259662,240219.19,19442.809999999998
Mexico,Potatoes,259662,225727.11,33934.890000000014
Mexico,Potatoes,259662,223942.29,35719.70999999999
Mexico,Potatoes,259662,235218.435,24443.565000000002
Mexico,Potatoes,259662,224276.87,35385.130000000005
Mexico,Potatoes,259662,236359.165,23302.834999999992
Mexico,Potatoes,259662,240055.66,19606.339999999997
Mexico,Potatoes,259662,225727.11,33934.890000000014
Mexico,"Rice, paddy",50653,43760.495,6892.504999999997
Mexico,"Rice, paddy",50653,44003.165,6649.834999999999
Mexico,"Rice, paddy",50653,43997.11,6655.889999999999
Mexico,"Rice, paddy",50653,44007.02,6645.980000000003
Mexico,"Rice, paddy",50653,44032.95,6620.050000000003
Mexico,"Rice, paddy",50653,44003.165,6649.834999999999
Mexico,"Rice, paddy",50653,43686.165,6966.834999999999
Mexico,"Rice, paddy",50653,44003.165,6649.834999999999
Mexico,Sorghum,34544,32438.695,2105.3050000000003
Mexico,Sorghum,34544,32529.14,2014.8600000000006
Mexico,Sorghum,34544,32577.41,1966.5900000000001
Mexico,Sorghum,34544,32419.91,2124.09
Mexico,Sorghum,34544,32544.565,1999.4350000000013
Mexico,Sorghum,34544,32403.655,2140.345000000001
Mexico,Sorghum,34544,32113.19,2430.8100000000013
Mexico,Sorghum,34544,32529.14,2014.8600000000006
Mexico,Soybeans,19450,17971.415,1478.5849999999991
Mexico,Soybeans,19450,15806.42,3643.58
Mexico,Soybeans,19450,15690.385,3759.615
Mexico,Soybeans,19450,15775.44,3674.5599999999995
Mexico,Soybeans,19450,15787.05,3662.9500000000007
Mexico,Soybeans,19450,15775.44,3674.5599999999995
Mexico,Soybeans,19450,18062.575,1387.4249999999993
Mexico,Soybeans,19450,15806.42,3643.58
Mexico,Sweet potatoes,214928,190232.275,24695.725000000006
Mexico,Sweet potatoes,214928,193243.63,21684.369999999995
Mexico,Sweet potatoes,214928,195092.13,19835.869999999995
Mexico,Sweet potatoes,214928,193292.32,21635.679999999993
Mexico,Sweet potatoes,214928,193173.3,21754.70000000001
Mexico,Sweet potatoes,214928,193308.125,21619.875
Mexico,Sweet potatoes,214928,191317.695,23610.304999999993
Mexico,Sweet potatoes,214928,193243.63,21684.369999999995
Mexico,Wheat,47517,46716.43,800.5699999999997
Mexico,Wheat,47517,47999.83,-482.83000000000175
Mexico,Wheat,47517,48185.66,-668.6600000000035
Mexico,Wheat,47517,47925.845,-408.84500000000116
Mexico,Wheat,47517,48178.76,-661.760000000002
Mexico,Wheat,47517,47925.845,-408.84500000000116
Mexico,Wheat,47517,46342.07,1174.9300000000003
Mexico,Wheat,47517,47999.83,-482.83000000000175
Mexico,Cassava,137648,115484.5,22163.5
Mexico,Cassava,137648,115550.92,22097.08
Mexico,Cassava,137648,115550.92,22097.08
Mexico,Cassava,137648,115667.67,21980.33
Mexico,Cassava,137648,115550.92,22097.08
Mexico,Cassava,137648,115667.67,21980.33
Mexico,Cassava,137648,115484.5,22163.5
Mexico,Cassava,137648,115550.92,22097.08
Mexico,Maize,30012,26023.67,3988.3300000000017
Mexico,Maize,30012,25592.07,4419.93
Mexico,Maize,30012,25483.735,4528.264999999999
Mexico,Maize,30012,25707.69,4304.310000000001
Mexico,Maize,30012,25478.45,4533.549999999999
Mexico,Maize,30012,25707.69,4304.310000000001
Mexico,Maize,30012,25918.58,4093.4199999999983
Mexico,Maize,30012,25592.07,4419.93
Mexico,Potatoes,248610,238653.74,9956.26000000001
Mexico,Potatoes,248610,223549.835,25060.165000000008
Mexico,Potatoes,248610,220779.885,27830.11499999999
Mexico,Potatoes,248610,234101.435,14508.565000000002
Mexico,Potatoes,248610,221043.065,27566.934999999998
Mexico,Potatoes,248610,238555.15,10054.850000000006
Mexico,Potatoes,248610,240511.98,8098.0199999999895
Mexico,Potatoes,248610,223549.835,25060.165000000008
Mexico,"Rice, paddy",47857,43333.61,4523.389999999999
Mexico,"Rice, paddy",47857,44003.165,3853.834999999999
Mexico,"Rice, paddy",47857,43997.11,3859.8899999999994
Mexico,"Rice, paddy",47857,44003.165,3853.834999999999
Mexico,"Rice, paddy",47857,44032.95,3824.050000000003
Mexico,"Rice, paddy",47857,44003.165,3853.834999999999
Mexico,"Rice, paddy",47857,43840.56,4016.4400000000023
Mexico,"Rice, paddy",47857,44003.165,3853.834999999999
Mexico,Sorghum,34481,32519.645,1961.3549999999996
Mexico,Sorghum,34481,32517.19,1963.8100000000013
Mexico,Sorghum,34481,32574.02,1906.9799999999996
Mexico,Sorghum,34481,32431.86,2049.1399999999994
Mexico,Sorghum,34481,32527.58,1953.4199999999983
Mexico,Sorghum,34481,32406.265,2074.7350000000006
Mexico,Sorghum,34481,32923.71,1557.2900000000009
Mexico,Sorghum,34481,32517.19,1963.8100000000013
Mexico,Soybeans,14962,18174.97,-3212.970000000001
Mexico,Soybeans,14962,15806.42,-844.4200000000001
Mexico,Soybeans,14962,15701.235,-739.2350000000006
Mexico,Soybeans,14962,15784.155,-822.1550000000007
Mexico,Soybeans,14962,15812.51,-850.5100000000002
Mexico,Soybeans,14962,15775.44,-813.4400000000005
Mexico,Soybeans,14962,18388.1,-3426.0999999999985
Mexico,Soybeans,14962,15806.42,-844.4200000000001
Mexico,Sweet potatoes,212942,192886.325,20055.67499999999
Mexico,Sweet potatoes,212942,191819.72,21122.28
Mexico,Sweet potatoes,212942,198112.79,14829.209999999992
Mexico,Sweet potatoes,212942,193242.43,19699.570000000007
Mexico,Sweet potatoes,212942,193268.81,19673.190000000002
Mexico,Sweet potatoes,212942,193686.355,19255.64499999999
Mexico,Sweet potatoes,212942,191745.295,21196.704999999987
Mexico,Sweet potatoes,212942,191819.72,21122.28
Mexico,Wheat,52274,46765.1,5508.9000000000015
Mexico,Wheat,52274,47999.83,4274.169999999998
Mexico,Wheat,52274,48185.66,4088.3399999999965
Mexico,Wheat,52274,47925.845,4348.154999999999
Mexico,Wheat,52274,48187.23,4086.769999999997
Mexico,Wheat,52274,47925.845,4348.154999999999
Mexico,Wheat,52274,45962.83,6311.169999999998
Mexico,Wheat,52274,47999.83,4274.169999999998
Mexico,Cassava,122745,115484.5,7260.5
Mexico,Cassava,122745,115550.92,7194.080000000002
Mexico,Cassava,122745,115550.92,7194.080000000002
Mexico,Cassava,122745,115667.67,7077.330000000002
Mexico,Cassava,122745,115550.92,7194.080000000002
Mexico,Cassava,122745,115667.67,7077.330000000002
Mexico,Cassava,122745,115484.5,7260.5
Mexico,Cassava,122745,115550.92,7194.080000000002
Mexico,Maize,32063,26465.895,5597.105
Mexico,Maize,32063,25881.94,6181.060000000001
Mexico,Maize,32063,25829.055,6233.945
Mexico,Maize,32063,26141.44,5921.560000000001
Mexico,Maize,32063,25840.125,6222.875
Mexico,Maize,32063,26141.44,5921.560000000001
Mexico,Maize,32063,26426.83,5636.169999999998
Mexico,Maize,32063,25881.94,6181.060000000001
Mexico,Potatoes,270565,248869.215,21695.785000000003
Mexico,Potatoes,270565,219481.215,51083.785
Mexico,Potatoes,270565,212992.055,57572.94500000001
Mexico,Potatoes,270565,240483.5,30081.5
Mexico,Potatoes,270565,213358.435,57206.565
Mexico,Potatoes,270565,241316.065,29248.934999999998
Mexico,Potatoes,270565,246867.72,23697.28
Mexico,Potatoes,270565,219481.215,51083.785
Mexico,"Rice, paddy",41536,44115.415,-2579.415000000001
Mexico,"Rice, paddy",41536,44005.535,-2469.5350000000035
Mexico,"Rice, paddy",41536,44031.465,-2495.4649999999965
Mexico,"Rice, paddy",41536,44009.39,-2473.3899999999994
Mexico,"Rice, paddy",41536,44005.535,-2469.5350000000035
Mexico,"Rice, paddy",41536,44005.535,-2469.5350000000035
Mexico,"Rice, paddy",41536,44588.44,-3052.4400000000023
Mexico,"Rice, paddy",41536,44005.535,-2469.5350000000035
Mexico,Sorghum,34947,33706.28,1240.7200000000012
Mexico,Sorghum,34947,32751.555,2195.4449999999997
Mexico,Sorghum,34947,32804.185,2142.8150000000023
Mexico,Sorghum,34947,32725.66,2221.34
Mexico,Sorghum,34947,32811.535,2135.4649999999965
Mexico,Sorghum,34947,32709.405,2237.595000000001
Mexico,Sorghum,34947,33588.085,1358.9150000000009
Mexico,Sorghum,34947,32751.555,2195.4449999999997
Mexico,Soybeans,14121,18323.16,-4202.16
Mexico,Soybeans,14121,15807.305,-1686.3050000000003
Mexico,Soybeans,14121,15802.055,-1681.0550000000003
Mexico,Soybeans,14121,15794.785,-1673.7849999999999
Mexico,Soybeans,14121,15795.395,-1674.3950000000004
Mexico,Soybeans,14121,15794.785,-1673.7849999999999
Mexico,Soybeans,14121,18213.545,-4092.5449999999983
Mexico,Soybeans,14121,15807.305,-1686.3050000000003
Mexico,Sweet potatoes,204599,187023.315,17575.684999999998
Mexico,Sweet potatoes,204599,192697.29,11901.709999999992
Mexico,Sweet potatoes,204599,192040.745,12558.255000000005
Mexico,Sweet potatoes,204599,190513.295,14085.704999999987
Mexico,Sweet potatoes,204599,192797.0,11802.0
Mexico,Sweet potatoes,204599,190547.59,14051.410000000003
Mexico,Sweet potatoes,204599,184808.025,19790.975000000006
Mexico,Sweet potatoes,204599,192697.29,11901.709999999992
Mexico,Wheat,50824,44370.915,6453.084999999999
Mexico,Wheat,50824,47654.905,3169.095000000001
Mexico,Wheat,50824,47819.345,3004.654999999999
Mexico,Wheat,50824,47531.25,3292.75
Mexico,Wheat,50824,47812.445,3011.5550000000003
Mexico,Wheat,50824,47531.25,3292.75
Mexico,Wheat,50824,43963.64,6860.360000000001
Mexico,Wheat,50824,47654.905,3169.095000000001
Mexico,Cassava,143579,115484.5,28094.5
Mexico,Cassava,143579,115550.92,28028.08
Mexico,Cassava,143579,115550.92,28028.08
Mexico,Cassava,143579,115667.67,27911.33
Mexico,Cassava,143579,115550.92,28028.08
Mexico,Cassava,143579,115667.67,27911.33
Mexico,Cassava,143579,115484.5,28094.5
Mexico,Cassava,143579,115550.92,28028.08
Mexico,Maize,33071,26425.125,6645.875
Mexico,Maize,33071,26087.545,6983.455000000002
Mexico,Maize,33071,25783.065,7287.935000000001
Mexico,Maize,33071,26088.545,6982.455000000002
Mexico,Maize,33071,25788.35,7282.6500000000015
Mexico,Maize,33071,26088.545,6982.455000000002
Mexico,Maize,33071,26322.03,6748.970000000001
Mexico,Maize,33071,26087.545,6983.455000000002
Mexico,Potatoes,277258,246813.575,30444.42499999999
Mexico,Potatoes,277258,231132.1,46125.899999999994
Mexico,Potatoes,277258,213112.635,64145.36499999999
Mexico,Potatoes,277258,235991.79,41266.20999999999
Mexico,Potatoes,277258,213525.025,63732.975000000006
Mexico,Potatoes,277258,241848.1,35409.899999999994
Mexico,Potatoes,277258,244501.48,32756.51999999999
Mexico,Potatoes,277258,231132.1,46125.899999999994
Mexico,"Rice, paddy",44619,44669.765,-50.76499999999942
Mexico,"Rice, paddy",44619,44003.165,615.8349999999991
Mexico,"Rice, paddy",44619,43997.11,621.8899999999994
Mexico,"Rice, paddy",44619,44003.165,615.8349999999991
Mexico,"Rice, paddy",44619,44003.165,615.8349999999991
Mexico,"Rice, paddy",44619,43999.31,619.6900000000023
Mexico,"Rice, paddy",44619,44426.145,192.8550000000032
Mexico,"Rice, paddy",44619,44003.165,615.8349999999991
Mexico,Sorghum,35965,33441.735,2523.2649999999994
Mexico,Sorghum,35965,32623.295,3341.7050000000017
Mexico,Sorghum,35965,32708.93,3256.0699999999997
Mexico,Sorghum,35965,32650.58,3314.4199999999983
Mexico,Sorghum,35965,32734.96,3230.040000000001
Mexico,Sorghum,35965,32640.515,3324.4850000000006
Mexico,Sorghum,35965,33707.895,2257.105000000003
Mexico,Sorghum,35965,32623.295,3341.7050000000017
Mexico,Soybeans,20196,18473.66,1722.3400000000001
Mexico,Soybeans,20196,15781.01,4414.99
Mexico,Soybeans,20196,15702.12,4493.879999999999
Mexico,Soybeans,20196,15803.5,4392.5
Mexico,Soybeans,20196,15797.335,4398.665000000001
Mexico,Soybeans,20196,15794.785,4401.215
Mexico,Soybeans,20196,18625.78,1570.2200000000012
Mexico,Soybeans,20196,15781.01,4414.99
Mexico,Sweet potatoes,215028,192604.35,22423.649999999994
Mexico,Sweet potatoes,215028,194866.13,20161.869999999995
Mexico,Sweet potatoes,215028,198389.395,16638.60500000001
Mexico,Sweet potatoes,215028,193750.71,21277.290000000008
Mexico,Sweet potatoes,215028,193320.44,21707.559999999998
Mexico,Sweet potatoes,215028,194373.49,20654.51000000001
Mexico,Sweet potatoes,215028,192415.25,22612.75
Mexico,Sweet potatoes,215028,194866.13,20161.869999999995
Mexico,Wheat,50134,44450.115,5683.885000000002
Mexico,Wheat,50134,47637.07,2496.9300000000003
Mexico,Wheat,50134,47940.39,2193.6100000000006
Mexico,Wheat,50134,47643.825,2490.175000000003
Mexico,Wheat,50134,47925.02,2208.980000000003
Mexico,Wheat,50134,47643.825,2490.175000000003
Mexico,Wheat,50134,43786.695,6347.305
Mexico,Wheat,50134,47637.07,2496.9300000000003
Mexico,Cassava,143440,115484.5,27955.5
Mexico,Cassava,143440,115550.92,27889.08
Mexico,Cassava,143440,115550.92,27889.08
Mexico,Cassava,143440,115667.67,27772.33
Mexico,Cassava,143440,115550.92,27889.08
Mexico,Cassava,143440,115667.67,27772.33
Mexico,Cassava,143440,115484.5,27955.5
Mexico,Cassava,143440,115550.92,27889.08
Mexico,Maize,32368,26367.735,6000.264999999999
Mexico,Maize,32368,25839.05,6528.950000000001
Mexico,Maize,32368,25783.065,6584.935000000001
Mexico,Maize,32368,26088.545,6279.455000000002
Mexico,Maize,32368,25777.78,6590.220000000001
Mexico,Maize,32368,26088.545,6279.455000000002
Mexico,Maize,32368,26347.705,6020.294999999998
Mexico,Maize,32368,25839.05,6528.950000000001
Mexico,Potatoes,277374,245203.36,32170.640000000014
Mexico,Potatoes,277374,214238.325,63135.67499999999
Mexico,Potatoes,277374,213112.635,64261.36499999999
Mexico,Potatoes,277374,236450.685,40923.315
Mexico,Potatoes,277374,213541.235,63832.765000000014
Mexico,Potatoes,277374,238008.59,39365.41
Mexico,Potatoes,277374,243837.135,33536.86499999999
Mexico,Potatoes,277374,214238.325,63135.67499999999
Mexico,"Rice, paddy",48502,44382.015,4119.985000000001
Mexico,"Rice, paddy",48502,44003.165,4498.834999999999
Mexico,"Rice, paddy",48502,43997.11,4504.889999999999
Mexico,"Rice, paddy",48502,44003.165,4498.834999999999
Mexico,"Rice, paddy",48502,44032.95,4469.050000000003
Mexico,"Rice, paddy",48502,44003.165,4498.834999999999
Mexico,"Rice, paddy",48502,44492.05,4009.949999999997
Mexico,"Rice, paddy",48502,44003.165,4498.834999999999
Mexico,Sorghum,36131,33290.29,2840.709999999999
Mexico,Sorghum,36131,32740.615,3390.3849999999984
Mexico,Sorghum,36131,32708.93,3422.0699999999997
Mexico,Sorghum,36131,32664.415,3466.584999999999
Mexico,Sorghum,36131,32662.49,3468.5099999999984
Mexico,Sorghum,36131,32636.21,3494.790000000001
Mexico,Sorghum,36131,33440.23,2690.769999999997
Mexico,Sorghum,36131,32740.615,3390.3849999999984
Mexico,Soybeans,18675,18315.28,359.72000000000116
Mexico,Soybeans,18675,15804.795,2870.205
Mexico,Soybeans,18675,15702.12,2972.879999999999
Mexico,Soybeans,18675,15803.5,2871.5
Mexico,Soybeans,18675,15822.795,2852.205
Mexico,Soybeans,18675,15794.785,2880.215
Mexico,Soybeans,18675,18513.725,161.27500000000146
Mexico,Soybeans,18675,15804.795,2870.205
Mexico,Sweet potatoes,190454,191394.885,-940.8850000000093
Mexico,Sweet potatoes,190454,195242.58,-4788.579999999987
Mexico,Sweet potatoes,190454,198389.395,-7935.3949999999895
Mexico,Sweet potatoes,190454,194061.47,-3607.470000000001
Mexico,Sweet potatoes,190454,193545.415,-3091.415000000008
Mexico,Sweet potatoes,190454,194068.7,-3614.7000000000116
Mexico,Sweet potatoes,190454,192187.81,-1733.8099999999977
Mexico,Sweet potatoes,190454,195242.58,-4788.579999999987
Mexico,Wheat,49688,44556.535,5131.4649999999965
Mexico,Wheat,49688,47864.445,1823.5550000000003
Mexico,Wheat,49688,47940.39,1747.6100000000006
Mexico,Wheat,49688,47643.825,2044.175000000003
Mexico,Wheat,49688,47941.96,1746.0400000000009
Mexico,Wheat,49688,47643.825,2044.175000000003
Mexico,Wheat,49688,44155.745,5532.254999999997
Mexico,Wheat,49688,47864.445,1823.5550000000003
Mexico,Cassava,131579,116185.0,15394.0
Mexico,Cassava,131579,115667.67,15911.330000000002
Mexico,Cassava,131579,115550.92,16028.080000000002
Mexico,Cassava,131579,115667.67,15911.330000000002
Mexico,Cassava,131579,115550.92,16028.080000000002
Mexico,Cassava,131579,115667.67,15911.330000000002
Mexico,Cassava,131579,115951.5,15627.5
Mexico,Cassava,131579,115667.67,15911.330000000002
Mexico,Maize,32599,26326.215,6272.785
Mexico,Maize,32599,26140.32,6458.68
Mexico,Maize,32599,25829.055,6769.945
Mexico,Maize,32599,26140.32,6458.68
Mexico,Maize,32599,25890.825,6708.174999999999
Mexico,Maize,32599,26140.32,6458.68
Mexico,Maize,32599,26489.46,6109.540000000001
Mexico,Maize,32599,26140.32,6458.68
Mexico,Potatoes,277578,256359.315,21218.684999999998
Mexico,Potatoes,277578,233748.2,43829.79999999999
Mexico,Potatoes,277578,213999.24,63578.76000000001
Mexico,Potatoes,277578,245142.21,32435.790000000008
Mexico,Potatoes,277578,214365.62,63212.380000000005
Mexico,Potatoes,277578,245169.115,32408.88500000001
Mexico,Potatoes,277578,247119.375,30458.625
Mexico,Potatoes,277578,233748.2,43829.79999999999
Mexico,"Rice, paddy",51901,44463.54,7437.459999999999
Mexico,"Rice, paddy",51901,44005.535,7895.4649999999965
Mexico,"Rice, paddy",51901,44031.465,7869.5350000000035
Mexico,"Rice, paddy",51901,44005.535,7895.4649999999965
Mexico,"Rice, paddy",51901,44005.535,7895.4649999999965
Mexico,"Rice, paddy",51901,44001.68,7899.32
Mexico,"Rice, paddy",51901,44732.825,7168.175000000003
Mexico,"Rice, paddy",51901,44005.535,7895.4649999999965
Mexico,Sorghum,39246,33968.03,5277.970000000001
Mexico,Sorghum,39246,32682.665,6563.334999999999
Mexico,Sorghum,39246,32782.48,6463.519999999997
Mexico,Sorghum,39246,32702.495,6543.505000000001
Mexico,Sorghum,39246,32722.89,6523.110000000001
Mexico,Sorghum,39246,32719.38,6526.619999999999
Mexico,Sorghum,39246,33596.06,5649.940000000002
Mexico,Sorghum,39246,32682.665,6563.334999999999
Mexico,Soybeans,10925,18498.49,-7573.490000000002
Mexico,Soybeans,10925,15803.5,-4878.5
Mexico,Soybeans,10925,15802.055,-4877.055
Mexico,Soybeans,10925,15794.785,-4869.785
Mexico,Soybeans,10925,15804.795,-4879.795
Mexico,Soybeans,10925,15794.785,-4869.785
Mexico,Soybeans,10925,18338.155,-7413.154999999999
Mexico,Soybeans,10925,15803.5,-4878.5
Mexico,Sweet potatoes,206653,186792.005,19860.994999999995
Mexico,Sweet potatoes,206653,192044.23,14608.76999999999
Mexico,Sweet potatoes,206653,192277.4,14375.600000000006
Mexico,Sweet potatoes,206653,190869.81,15783.190000000002
Mexico,Sweet potatoes,206653,193711.065,12941.934999999998
Mexico,Sweet potatoes,206653,190357.17,16295.829999999987
Mexico,Sweet potatoes,206653,186008.08,20644.920000000013
Mexico,Sweet potatoes,206653,192044.23,14608.76999999999
Mexico,Wheat,54185,44292.495,9892.504999999997
Mexico,Wheat,54185,47524.495,6660.504999999997
Mexico,Wheat,54185,47819.345,6365.654999999999
Mexico,Wheat,54185,47531.25,6653.75
Mexico,Wheat,54185,47654.1,6530.9000000000015
Mexico,Wheat,54185,47531.25,6653.75
Mexico,Wheat,54185,44333.59,9851.410000000003
Mexico,Wheat,54185,47524.495,6660.504999999997
Mexico,Cassava,127352,115484.5,11867.5
Mexico,Cassava,127352,115550.92,11801.080000000002
Mexico,Cassava,127352,115550.92,11801.080000000002
Mexico,Cassava,127352,115667.67,11684.330000000002
Mexico,Cassava,127352,115550.92,11801.080000000002
Mexico,Cassava,127352,115667.67,11684.330000000002
Mexico,Cassava,127352,115484.5,11867.5
Mexico,Cassava,127352,115550.92,11801.080000000002
Mexico,Maize,29058,26420.575,2637.4249999999993
Mexico,Maize,29058,25890.825,3167.1749999999993
Mexico,Maize,29058,25834.84,3223.16
Mexico,Maize,29058,26141.44,2916.5600000000013
Mexico,Maize,29058,25829.555,3228.4449999999997
Mexico,Maize,29058,26141.44,2916.5600000000013
Mexico,Maize,29058,26476.335,2581.665000000001
Mexico,Maize,29058,25890.825,3167.1749999999993
Mexico,Potatoes,262734,247543.27,15190.73000000001
Mexico,Potatoes,262734,216596.69,46137.31
Mexico,Potatoes,262734,213023.855,49710.14499999999
Mexico,Potatoes,262734,243670.67,19063.329999999987
Mexico,Potatoes,262734,213100.745,49633.255000000005
Mexico,Potatoes,262734,240658.26,22075.73999999999
Mexico,Potatoes,262734,248730.075,14003.924999999988
Mexico,Potatoes,262734,216596.69,46137.31
Mexico,"Rice, paddy",50962,44460.465,6501.5350000000035
Mexico,"Rice, paddy",50962,44005.535,6956.4649999999965
Mexico,"Rice, paddy",50962,43999.48,6962.519999999997
Mexico,"Rice, paddy",50962,44005.535,6956.4649999999965
Mexico,"Rice, paddy",50962,44035.32,6926.68
Mexico,"Rice, paddy",50962,44005.535,6956.4649999999965
Mexico,"Rice, paddy",50962,44068.635,6893.364999999998
Mexico,"Rice, paddy",50962,44005.535,6956.4649999999965
Mexico,Sorghum,37202,33608.73,3593.269999999997
Mexico,Sorghum,37202,32817.19,4384.809999999998
Mexico,Sorghum,37202,32773.555,4428.445
Mexico,Sorghum,37202,32712.015,4489.985000000001
Mexico,Sorghum,37202,32775.98,4426.019999999997
Mexico,Sorghum,37202,32709.405,4492.595000000001
Mexico,Sorghum,37202,33737.855,3464.144999999997
Mexico,Sorghum,37202,32817.19,4384.809999999998
Mexico,Soybeans,13197,18209.065,-5012.064999999999
Mexico,Soybeans,13197,15804.795,-2607.795
Mexico,Soybeans,13197,15702.12,-2505.120000000001
Mexico,Soybeans,13197,15794.785,-2597.785
Mexico,Soybeans,13197,15813.395,-2616.3950000000004
Mexico,Soybeans,13197,15794.785,-2597.785
Mexico,Soybeans,13197,18307.71,-5110.709999999999
Mexico,Soybeans,13197,15804.795,-2607.795
Mexico,Sweet potatoes,201465,184965.025,16499.975000000006
Mexico,Sweet potatoes,201465,192114.84,9350.160000000003
Mexico,Sweet potatoes,201465,196845.705,4619.295000000013
Mexico,Sweet potatoes,201465,190815.12,10649.880000000005
Mexico,Sweet potatoes,201465,191959.63,9505.369999999995
Mexico,Sweet potatoes,201465,190391.62,11073.380000000005
Mexico,Sweet potatoes,201465,187135.1,14329.899999999994
Mexico,Sweet potatoes,201465,192114.84,9350.160000000003
Mexico,Wheat,54778,44245.185,10532.815000000002
Mexico,Wheat,54778,47723.95,7054.050000000003
Mexico,Wheat,54778,47827.815,6950.184999999998
Mexico,Wheat,54778,47531.25,7246.75
Mexico,Wheat,54778,47829.385,6948.614999999998
Mexico,Wheat,54778,47531.25,7246.75
Mexico,Wheat,54778,44309.62,10468.379999999997
Mexico,Wheat,54778,47723.95,7054.050000000003
Mexico,Cassava,122330,115484.5,6845.5
Mexico,Cassava,122330,115550.92,6779.080000000002
Mexico,Cassava,122330,115550.92,6779.080000000002
Mexico,Cassava,122330,115667.67,6662.330000000002
Mexico,Cassava,122330,115550.92,6779.080000000002
Mexico,Cassava,122330,115667.67,6662.330000000002
Mexico,Cassava,122330,115484.5,6845.5
Mexico,Cassava,122330,115550.92,6779.080000000002
Mexico,Maize,31874,26435.27,5438.73
Mexico,Maize,31874,25890.825,5983.174999999999
Mexico,Maize,31874,25834.84,6039.16
Mexico,Maize,31874,26141.44,5732.560000000001
Mexico,Maize,31874,25829.555,6044.445
Mexico,Maize,31874,26141.44,5732.560000000001
Mexico,Maize,31874,26391.82,5482.18
Mexico,Maize,31874,25890.825,5983.174999999999
Mexico,Potatoes,268098,248697.74,19400.26000000001
Mexico,Potatoes,268098,216596.69,51501.31
Mexico,Potatoes,268098,213023.855,55074.14499999999
Mexico,Potatoes,268098,237569.16,30528.839999999997
Mexico,Potatoes,268098,213100.745,54997.255000000005
Mexico,Potatoes,268098,240665.215,27432.785000000003
Mexico,Potatoes,268098,246420.395,21677.60500000001
Mexico,Potatoes,268098,216596.69,51501.31
Mexico,"Rice, paddy",56231,44114.575,12116.425000000003
Mexico,"Rice, paddy",56231,44005.535,12225.464999999997
Mexico,"Rice, paddy",56231,43999.48,12231.519999999997
Mexico,"Rice, paddy",56231,44005.535,12225.464999999997
Mexico,"Rice, paddy",56231,44035.32,12195.68
Mexico,"Rice, paddy",56231,44005.535,12225.464999999997
Mexico,"Rice, paddy",56231,44511.045,11719.955000000002
Mexico,"Rice, paddy",56231,44005.535,12225.464999999997
Mexico,Sorghum,38295,33689.205,4605.794999999998
Mexico,Sorghum,38295,32817.19,5477.809999999998
Mexico,Sorghum,38295,32773.555,5521.445
Mexico,Sorghum,38295,32707.285,5587.715
Mexico,Sorghum,38295,32775.98,5519.019999999997
Mexico,Sorghum,38295,32709.405,5585.595000000001
Mexico,Sorghum,38295,33936.585,4358.415000000001
Mexico,Sorghum,38295,32817.19,5477.809999999998
Mexico,Soybeans,17389,18349.8,-960.7999999999993
Mexico,Soybeans,17389,15804.795,1584.205
Mexico,Soybeans,17389,15702.12,1686.8799999999992
Mexico,Soybeans,17389,15803.5,1585.5
Mexico,Soybeans,17389,15813.395,1575.6049999999996
Mexico,Soybeans,17389,15794.785,1594.2150000000001
Mexico,Soybeans,17389,18471.36,-1082.3600000000006
Mexico,Soybeans,17389,15804.795,1584.205
Mexico,Sweet potatoes,175168,186993.435,-11825.434999999998
Mexico,Sweet potatoes,175168,192114.84,-16946.839999999997
Mexico,Sweet potatoes,175168,196845.705,-21677.704999999987
Mexico,Sweet potatoes,175168,190292.06,-15124.059999999998
Mexico,Sweet potatoes,175168,191959.63,-16791.630000000005
Mexico,Sweet potatoes,175168,190547.59,-15379.589999999997
Mexico,Sweet potatoes,175168,185674.875,-10506.875
Mexico,Sweet potatoes,175168,192114.84,-16946.839999999997
Mexico,Wheat,56568,44342.995,12225.004999999997
Mexico,Wheat,56568,47723.95,8844.050000000003
Mexico,Wheat,56568,47827.815,8740.184999999998
Mexico,Wheat,56568,47524.495,9043.504999999997
Mexico,Wheat,56568,47829.385,8738.614999999998
Mexico,Wheat,56568,47531.25,9036.75
Mexico,Wheat,56568,43746.65,12821.349999999999
Mexico,Wheat,56568,47723.95,8844.050000000003
Mexico,Cassava,146398,115484.5,30913.5
Mexico,Cassava,146398,115550.92,30847.08
Mexico,Cassava,146398,115550.92,30847.08
Mexico,Cassava,146398,115550.92,30847.08
Mexico,Cassava,146398,115550.92,30847.08
Mexico,Cassava,146398,115667.67,30730.33
Mexico,Cassava,146398,115484.5,30913.5
Mexico,Cassava,146398,115550.92,30847.08
Mexico,Maize,31941,26832.12,5108.880000000001
Mexico,Maize,31941,25795.68,6145.32
Mexico,Maize,31941,25790.395,6150.605
Mexico,Maize,31941,25839.05,6101.950000000001
Mexico,Maize,31941,25785.11,6155.889999999999
Mexico,Maize,31941,26088.545,5852.455000000002
Mexico,Maize,31941,26322.03,5618.970000000001
Mexico,Maize,31941,25795.68,6145.32
Mexico,Potatoes,267752,244711.36,23040.640000000014
Mexico,Potatoes,267752,213207.985,54544.015000000014
Mexico,Potatoes,267752,212873.405,54878.595
Mexico,Potatoes,267752,213190.54,54561.45999999999
Mexico,Potatoes,267752,212903.825,54848.17499999999
Mexico,Potatoes,267752,235652.36,32099.640000000014
Mexico,Potatoes,267752,243899.66,23852.339999999997
Mexico,Potatoes,267752,213207.985,54544.015000000014
Mexico,"Rice, paddy",54252,44186.285,10065.714999999997
Mexico,"Rice, paddy",54252,44003.165,10248.835
Mexico,"Rice, paddy",54252,43997.11,10254.89
Mexico,"Rice, paddy",54252,44003.165,10248.835
Mexico,"Rice, paddy",54252,44029.095,10222.904999999999
Mexico,"Rice, paddy",54252,44003.165,10248.835
Mexico,"Rice, paddy",54252,44439.195,9812.805
Mexico,"Rice, paddy",54252,44003.165,10248.835
Mexico,Sorghum,37350,34551.125,2798.875
Mexico,Sorghum,37350,32734.96,4615.040000000001
Mexico,Sorghum,37350,32708.93,4641.07
Mexico,Sorghum,37350,32740.615,4609.384999999998
Mexico,Sorghum,37350,32723.305,4626.695
Mexico,Sorghum,37350,32650.58,4699.419999999998
Mexico,Sorghum,37350,33569.155,3780.845000000001
Mexico,Sorghum,37350,32734.96,4615.040000000001
Mexico,Soybeans,15198,18750.775,-3552.7750000000015
Mexico,Soybeans,15198,15795.395,-597.3950000000004
Mexico,Soybeans,15198,15702.12,-504.1200000000008
Mexico,Soybeans,15198,15804.795,-606.7950000000001
Mexico,Soybeans,15198,15813.395,-615.3950000000004
Mexico,Soybeans,15198,15803.5,-605.5
Mexico,Soybeans,15198,18348.72,-3150.720000000001
Mexico,Soybeans,15198,15795.395,-597.3950000000004
Mexico,Sweet potatoes,183965,193710.45,-9745.450000000012
Mexico,Sweet potatoes,183965,194340.69,-10375.690000000002
Mexico,Sweet potatoes,183965,198389.395,-14424.39499999999
Mexico,Sweet potatoes,183965,195540.225,-11575.225000000006
Mexico,Sweet potatoes,183965,193543.64,-9578.640000000014
Mexico,Sweet potatoes,183965,193750.71,-9785.709999999992
Mexico,Sweet potatoes,183965,192322.725,-8357.725000000006
Mexico,Sweet potatoes,183965,194340.69,-10375.690000000002
Mexico,Wheat,52934,44020.435,8913.565000000002
Mexico,Wheat,52934,47925.02,5008.980000000003
Mexico,Wheat,52934,47940.39,4993.610000000001
Mexico,Wheat,52934,47864.445,5069.555
Mexico,Wheat,52934,47926.735,5007.264999999999
Mexico,Wheat,52934,47643.825,5290.175000000003
Mexico,Wheat,52934,44068.04,8865.96
Mexico,Wheat,52934,47925.02,5008.980000000003
Montenegro,Maize,32588,34624.795,-2036.7949999999983
Montenegro,Potatoes,130448,125183.55,5264.449999999997
Montenegro,Wheat,30903,16852.44,14050.560000000001
Montenegro,Maize,25000,34546.055,-9546.055
Montenegro,Potatoes,105037,117807.745,-12770.744999999995
Montenegro,Wheat,24026,16890.285,7135.715
Montenegro,Maize,36000,34532.585,1467.4150000000009
Montenegro,Potatoes,130981,117431.37,13549.630000000005
Montenegro,Wheat,35016,16871.23,18144.77
Montenegro,Maize,38009,34546.505,3462.4950000000026
Montenegro,Potatoes,150977,118066.235,32910.765
Montenegro,Wheat,35981,16855.65,19125.35
Montenegro,Maize,37950,34849.65,3100.3499999999985
Montenegro,Potatoes,145964,114842.33,31121.67
Montenegro,Wheat,34029,16906.94,17122.06
Montenegro,Maize,42007,35093.53,6913.470000000001
Montenegro,Potatoes,165000,114441.175,50558.825
Montenegro,Wheat,32024,16995.5,15028.5
Montenegro,Maize,32007,34763.925,-2756.925000000003
Montenegro,Potatoes,118033,111761.275,6271.725000000006
Montenegro,Wheat,27984,16917.62,11066.380000000001
Montenegro,Maize,51775,35289.075,16485.925000000003
Montenegro,Potatoes,149004,109929.945,39074.05499999999
Montenegro,Wheat,34357,18951.085,15405.915
Morocco,Maize,7494,4918.0,2576.0
Morocco,Maize,7494,4848.255,2645.745
Morocco,Potatoes,231985,186054.26,45930.73999999999
Morocco,Potatoes,231985,185246.23,46738.76999999999
Morocco,"Rice, paddy",41453,50835.825,-9382.824999999997
Morocco,"Rice, paddy",41453,49877.63,-8424.629999999997
Morocco,Sorghum,4982,7432.89,-2450.8900000000003
Morocco,Sorghum,4982,7438.535,-2456.535
Morocco,Soybeans,10000,9242.29,757.7099999999991
Morocco,Soybeans,10000,10135.5,-135.5
Morocco,Sweet potatoes,136703,138403.355,-1700.3550000000105
Morocco,Sweet potatoes,136703,137631.715,-928.7149999999965
Morocco,Wheat,12793,10512.36,2280.6399999999994
Morocco,Wheat,12793,9521.47,3271.5300000000007
Morocco,Maize,9152,6792.43,2359.5699999999997
Morocco,Maize,9152,6795.905,2356.0950000000003
Morocco,Potatoes,241650,182603.055,59046.94500000001
Morocco,Potatoes,241650,185561.31,56088.69
Morocco,"Rice, paddy",67045,47736.745,19308.254999999997
Morocco,"Rice, paddy",67045,50883.46,16161.54
Morocco,Sorghum,8233,8429.545,-196.54500000000007
Morocco,Sorghum,8233,7902.355,330.64500000000044
Morocco,Soybeans,10000,11645.105,-1645.1049999999996
Morocco,Soybeans,10000,9454.15,545.8500000000004
Morocco,Sweet potatoes,157333,136277.99,21055.01000000001
Morocco,Sweet potatoes,157333,138456.915,18876.084999999992
Morocco,Wheat,18082,8425.18,9656.82
Morocco,Wheat,18082,10612.685,7469.3150000000005
Morocco,Maize,2036,4276.43,-2240.4300000000003
Morocco,Maize,2036,4105.61,-2069.6099999999997
Morocco,Potatoes,238090,184794.87,53295.130000000005
Morocco,Potatoes,238090,183997.295,54092.70499999999
Morocco,"Rice, paddy",68000,48086.285,19913.714999999997
Morocco,"Rice, paddy",68000,47317.255,20682.745000000003
Morocco,Sorghum,5451,7470.04,-2019.04
Morocco,Sorghum,5451,7500.79,-2049.79
Morocco,Soybeans,10000,10871.125,-871.125
Morocco,Soybeans,10000,11203.915,-1203.9150000000009
Morocco,Sweet potatoes,129483,137145.125,-7662.125
Morocco,Sweet potatoes,129483,136767.77,-7284.7699999999895
Morocco,Wheat,10261,8299.885,1961.1149999999998
Morocco,Wheat,10261,7142.005,3118.995
Morocco,Maize,12198,4703.045,7494.955
Morocco,Maize,12198,3487.885,8710.115
Morocco,Potatoes,263272,187362.64,75909.35999999999
Morocco,Potatoes,263272,187223.065,76048.935
Morocco,"Rice, paddy",68000,50499.635,17500.364999999998
Morocco,"Rice, paddy",68000,51192.33,16807.67
Morocco,Sorghum,7841,7093.765,747.2349999999997
Morocco,Sorghum,7841,6317.89,1523.1099999999997
Morocco,Soybeans,10000,9837.505,162.4950000000008
Morocco,Soybeans,10000,10033.78,-33.780000000000655
Morocco,Sweet potatoes,179115,137111.53,42003.47
Morocco,Sweet potatoes,179115,134434.07,44680.92999999999
Morocco,Wheat,20365,10842.005,9522.995
Morocco,Wheat,20365,10734.94,9630.06
Morocco,Maize,4155,4688.93,-533.9300000000003
Morocco,Maize,4155,4458.6,-303.60000000000036
Morocco,Potatoes,247975,184743.695,63231.30499999999
Morocco,Potatoes,247975,184328.32,63646.67999999999
Morocco,"Rice, paddy",73667,49650.245,24016.754999999997
Morocco,"Rice, paddy",73667,49785.245,23881.754999999997
Morocco,Sorghum,6234,7993.06,-1759.0600000000004
Morocco,Sorghum,6234,7672.93,-1438.9300000000003
Morocco,Soybeans,10000,13604.425,-3604.4249999999993
Morocco,Soybeans,10000,12297.2,-2297.2000000000007
Morocco,Sweet potatoes,178351,134876.855,43474.14499999999
Morocco,Sweet potatoes,178351,134970.475,43380.524999999994
Morocco,Wheat,6154,9078.52,-2924.5200000000004
Morocco,Wheat,6154,9053.18,-2899.1800000000003
Morocco,Maize,5515,6840.25,-1325.25
Morocco,Maize,5515,4688.93,826.0699999999997
Morocco,Potatoes,244675,184899.92,59775.07999999999
Morocco,Potatoes,244675,184785.08,59889.92000000001
Morocco,"Rice, paddy",69563,48555.785,21007.214999999997
Morocco,"Rice, paddy",69563,49715.245,19847.754999999997
Morocco,Sorghum,8683,10683.02,-2000.0200000000004
Morocco,Sorghum,8683,7703.13,979.8699999999999
Morocco,Soybeans,10000,15007.865,-5007.865
Morocco,Soybeans,10000,13531.425,-3531.4249999999993
Morocco,Sweet potatoes,174320,133683.295,40636.70499999999
Morocco,Sweet potatoes,174320,134970.475,39349.524999999994
Morocco,Wheat,13189,10242.97,2946.0300000000007
Morocco,Wheat,13189,9085.375,4103.625
Morocco,Maize,9151,3605.44,5545.5599999999995
Morocco,Maize,9151,3584.435,5566.5650000000005
Morocco,Potatoes,195328,187260.8,8067.200000000012
Morocco,Potatoes,195328,186218.51,9109.48999999999
Morocco,"Rice, paddy",64154,51609.81,12544.190000000002
Morocco,"Rice, paddy",64154,51222.36,12931.64
Morocco,Sorghum,8878,5900.645,2977.3549999999996
Morocco,Sorghum,8878,6040.625,2837.375
Morocco,Soybeans,10000,10086.98,-86.97999999999956
Morocco,Soybeans,10000,10346.465,-346.46500000000015
Morocco,Sweet potatoes,170964,133693.465,37270.535
Morocco,Sweet potatoes,170964,131583.41,39380.59
Morocco,Wheat,21398,10926.36,10471.64
Morocco,Wheat,21398,10899.935,10498.065
Morocco,Maize,12132,3903.55,8228.45
Morocco,Maize,12132,3898.63,8233.369999999999
Morocco,Potatoes,283502,187965.24,95536.76000000001
Morocco,Potatoes,283502,188027.855,95474.14499999999
Morocco,"Rice, paddy",68270,50459.97,17810.03
Morocco,"Rice, paddy",68270,47948.0,20322.0
Morocco,Sorghum,6632,6009.325,622.6750000000002
Morocco,Sorghum,6632,6003.19,628.8100000000004
Morocco,Soybeans,10000,10376.18,-376.1800000000003
Morocco,Soybeans,10000,10371.26,-371.2600000000002
Morocco,Sweet potatoes,166600,131905.32,34694.67999999999
Morocco,Sweet potatoes,166600,129759.755,36840.244999999995
Morocco,Wheat,17095,10926.62,6168.379999999999
Morocco,Wheat,17095,10926.62,6168.379999999999
Morocco,Maize,11533,3545.975,7987.025
Morocco,Maize,11533,3605.44,7927.5599999999995
Morocco,Potatoes,297584,187260.8,110323.20000000001
Morocco,Potatoes,297584,187260.8,110323.20000000001
Morocco,"Rice, paddy",70236,51609.81,18626.190000000002
Morocco,"Rice, paddy",70236,51609.81,18626.190000000002
Morocco,Sorghum,8011,6166.44,1844.5600000000004
Morocco,Sorghum,8011,5900.645,2110.3549999999996
Morocco,Soybeans,10000,9976.98,23.020000000000437
Morocco,Soybeans,10000,10068.155,-68.15500000000065
Morocco,Sweet potatoes,213115,133693.465,79421.535
Morocco,Sweet potatoes,213115,133693.465,79421.535
Morocco,Wheat,19488,10817.9,8670.1
Morocco,Wheat,19488,10926.36,8561.64
Morocco,Maize,7648,4338.61,3309.3900000000003
Morocco,Maize,7648,4347.285,3300.715
Morocco,Potatoes,279800,187198.05,92601.95000000001
Morocco,Potatoes,279800,187198.46,92601.54000000001
Morocco,"Rice, paddy",76015,50920.085,25094.915
Morocco,"Rice, paddy",76015,50922.68,25092.32
Morocco,Sorghum,9475,7439.285,2035.7150000000001
Morocco,Sorghum,9475,7446.2,2028.8000000000002
Morocco,Soybeans,10000,9184.15,815.8500000000004
Morocco,Soybeans,10000,9404.36,595.6399999999994
Morocco,Sweet potatoes,270783,138403.355,132379.645
Morocco,Sweet potatoes,270783,137784.265,132998.735
Morocco,Wheat,12342,10439.055,1902.9449999999997
Morocco,Wheat,12342,9998.685,2343.3150000000005
Morocco,Maize,6632,3769.585,2862.415
Morocco,Maize,6632,4436.53,2195.4700000000003
Morocco,Potatoes,363561,187965.24,175595.76
Morocco,Potatoes,363561,186793.34,176767.66
Morocco,"Rice, paddy",75433,50866.36,24566.64
Morocco,"Rice, paddy",75433,50666.78,24766.22
Morocco,Sorghum,10637,6077.96,4559.04
Morocco,Sorghum,10637,6046.645,4590.355
Morocco,Soybeans,10000,10342.19,-342.1900000000005
Morocco,Soybeans,10000,10168.265,-168.26499999999942
Morocco,Sweet potatoes,245134,131583.41,113550.59
Morocco,Sweet potatoes,245134,133510.015,111623.98499999999
Morocco,Wheat,21640,10933.21,10706.79
Morocco,Wheat,21640,10870.09,10769.91
Mozambique,Cassava,48556,57309.835,-8753.835
Mozambique,Maize,7065,7800.945,-735.9449999999997
Mozambique,Potatoes,128843,127759.475,1083.5249999999942
Mozambique,"Rice, paddy",2789,9760.14,-6971.139999999999
Mozambique,Sorghum,3954,5887.775,-1933.7749999999996
Mozambique,Sweet potatoes,47289,71656.875,-24367.875
Mozambique,Wheat,10385,11793.155,-1408.1550000000007
Mozambique,Cassava,60017,71004.07,-10987.070000000007
Mozambique,Maize,8085,14345.295,-6260.295
Mozambique,Potatoes,129868,136634.615,-6766.614999999991
Mozambique,"Rice, paddy",9604,10792.46,-1188.4599999999991
Mozambique,Sorghum,5663,5819.16,-156.15999999999985
Mozambique,Sweet potatoes,72000,46030.365,25969.635000000002
Mozambique,Wheat,10870,14227.165,-3357.165000000001
Mozambique,Cassava,43155,71037.09,-27882.089999999997
Mozambique,Maize,4950,17154.295,-12204.294999999998
Mozambique,Potatoes,131341,138737.375,-7396.375
Mozambique,"Rice, paddy",2034,12508.955,-10474.955
Mozambique,Sorghum,2980,6029.845,-3049.8450000000003
Mozambique,Sweet potatoes,71869,52581.555,19287.445
Mozambique,Wheat,11071,14588.77,-3517.7700000000004
Mozambique,Cassava,63907,68309.53,-4402.529999999999
Mozambique,Maize,8387,16324.765,-7937.764999999999
Mozambique,Potatoes,132353,138919.915,-6566.915000000008
Mozambique,"Rice, paddy",2729,13177.38,-10448.38
Mozambique,Sorghum,4961,5819.945,-858.9449999999997
Mozambique,Sweet potatoes,84629,41912.395,42716.605
Mozambique,Wheat,12353,15300.91,-2947.91
Mozambique,Cassava,49902,71022.65,-21120.649999999994
Mozambique,Maize,6813,14171.035,-7358.035
Mozambique,Potatoes,133333,136772.51,-3439.5100000000093
Mozambique,"Rice, paddy",2845,10785.885,-7940.885
Mozambique,Sorghum,4314,5822.455,-1508.455
Mozambique,Sweet potatoes,98901,48040.87,50860.13
Mozambique,Wheat,11765,14016.355,-2251.3549999999996
Mozambique,Cassava,40254,68938.28,-28684.28
Mozambique,Maize,6177,16369.835,-10192.835
Mozambique,Potatoes,140000,138919.915,1080.0849999999919
Mozambique,"Rice, paddy",2836,13168.285,-10332.285
Mozambique,Sorghum,3291,5813.01,-2522.01
Mozambique,Sweet potatoes,86946,41491.325,45454.675
Mozambique,Wheat,12500,15117.465,-2617.465
Mozambique,Cassava,45215,68379.56,-23164.559999999998
Mozambique,Maize,10000,16069.4,-6069.4
Mozambique,Potatoes,145000,138634.545,6365.454999999987
Mozambique,"Rice, paddy",9835,13167.975,-3332.9750000000004
Mozambique,Sorghum,6224,5787.165,436.83500000000004
Mozambique,Sweet potatoes,104287,42170.885,62116.115
Mozambique,Wheat,12500,15270.105,-2770.1049999999996
Mozambique,Cassava,77638,68365.965,9272.035000000003
Mozambique,Maize,12024,15420.59,-3396.59
Mozambique,Potatoes,142467,136049.04,6417.959999999992
Mozambique,"Rice, paddy",11365,17801.55,-6436.549999999999
Mozambique,Sorghum,6089,5984.31,104.6899999999996
Mozambique,Sweet potatoes,111841,50553.445,61287.555
Mozambique,Wheat,13367,16302.475,-2935.4750000000004
Mozambique,Cassava,78029,69828.06,8200.940000000002
Mozambique,Maize,12020,16836.955,-4816.955000000002
Mozambique,Potatoes,142473,138920.22,3552.779999999999
Mozambique,"Rice, paddy",11366,12450.355,-1084.3549999999996
Mozambique,Sorghum,6412,5821.785,590.2150000000001
Mozambique,Sweet potatoes,118660,41912.395,76747.60500000001
Mozambique,Wheat,17042,15304.865,1737.1350000000002
Mozambique,Cassava,107501,70431.165,37069.83500000001
Mozambique,Maize,14980,17147.93,-2167.9300000000003
Mozambique,Potatoes,143961,139188.995,4772.005000000005
Mozambique,"Rice, paddy",5589,12499.525,-6910.525
Mozambique,Sorghum,4532,5890.7,-1358.6999999999998
Mozambique,Sweet potatoes,164573,44039.9,120533.1
Mozambique,Wheat,9958,14885.835,-4927.834999999999
Mozambique,Cassava,46115,69551.54,-23436.539999999994
Mozambique,Maize,6814,17223.92,-10409.919999999998
Mozambique,Potatoes,135526,139946.56,-4420.559999999998
Mozambique,"Rice, paddy",2824,12414.69,-9590.69
Mozambique,Sorghum,3572,5929.015,-2357.0150000000003
Mozambique,Sweet potatoes,209796,44141.35,165654.65
Mozambique,Wheat,10951,16206.515,-5255.514999999999
Namibia,Maize,13238,9051.405,4186.594999999999
Namibia,Potatoes,130435,133801.645,-3366.6449999999895
Namibia,Sorghum,1891,3692.285,-1801.2849999999999
Namibia,Wheat,63724,52693.055,11030.945
Namibia,Maize,11301,9032.52,2268.4799999999996
Namibia,Potatoes,110579,133386.145,-22807.14499999999
Namibia,Sorghum,3249,3917.66,-668.6599999999999
Namibia,Wheat,41622,52205.195,-10583.195
Namibia,Maize,22606,10158.745,12447.255
Namibia,Potatoes,113065,133547.0,-20482.0
Namibia,Sorghum,2400,3906.65,-1506.65
Namibia,Wheat,45255,51489.595,-6234.595000000001
Namibia,Maize,21053,10991.885,10061.115
Namibia,Potatoes,69796,136741.795,-66945.79500000001
Namibia,Sorghum,2911,4655.185,-1744.1850000000004
Namibia,Wheat,59308,53831.235,5476.764999999999
Namibia,Maize,20296,10158.745,10137.255
Namibia,Potatoes,127855,133578.69,-5723.690000000002
Namibia,Sorghum,2399,3893.755,-1494.755
Namibia,Wheat,51342,51489.595,-147.59500000000116
Namibia,Maize,20980,11936.605,9043.395
Namibia,Potatoes,131969,134916.69,-2947.6900000000023
Namibia,Sorghum,4018,4174.73,-156.72999999999956
Namibia,Wheat,61420,55525.425,5894.574999999997
Namibia,Maize,21130,13092.065,8037.9349999999995
Namibia,Potatoes,130495,134410.87,-3915.8699999999953
Namibia,Sorghum,2382,4300.975,-1918.9750000000004
Namibia,Wheat,67214,54994.2,12219.800000000003
Namibia,Maize,19882,8819.485,11062.515
Namibia,Potatoes,121175,133743.58,-12568.579999999987
Namibia,Sorghum,2901,3805.775,-904.7750000000001
Namibia,Wheat,61022,50405.525,10616.474999999999
Namibia,Maize,19297,11046.125,8250.875
Namibia,Potatoes,119667,140317.705,-20650.704999999987
Namibia,Sorghum,2931,4634.17,-1703.17
Namibia,Wheat,61267,53694.475,7572.5250000000015
Namibia,Maize,18999,12668.785,6330.215
Namibia,Potatoes,120805,134586.6,-13781.600000000006
Namibia,Sorghum,2862,4240.52,-1378.5200000000004
Namibia,Wheat,61692,55362.985,6329.014999999999
Namibia,Maize,18683,9093.665,9589.335
Namibia,Potatoes,120727,133801.645,-13074.64499999999
Namibia,Sorghum,2860,3692.285,-832.2849999999999
Namibia,Wheat,62084,52693.055,9390.945
Nepal,Maize,18291,18948.55,-657.5499999999993
Nepal,Potatoes,109018,100101.965,8916.035000000003
Nepal,"Rice, paddy",26754,27603.715,-849.7150000000001
Nepal,Soybeans,8595,8244.64,350.3600000000006
Nepal,Wheat,18859,18138.33,720.6699999999983
Nepal,Maize,19059,19018.845,40.154999999998836
Nepal,Potatoes,114898,100474.91,14423.089999999997
Nepal,"Rice, paddy",28573,27547.465,1025.5349999999999
Nepal,Soybeans,8772,9841.335,-1069.3349999999991
Nepal,Wheat,20873,17933.36,2939.6399999999994
Nepal,Maize,20191,18829.205,1361.7949999999983
Nepal,Potatoes,118458,100573.76,17884.240000000005
Nepal,"Rice, paddy",27825,27428.505,396.494999999999
Nepal,Soybeans,8786,8156.86,629.1400000000003
Nepal,Wheat,21344,17986.015,3357.9850000000006
Nepal,Maize,20382,20972.735,-590.7350000000006
Nepal,Potatoes,130896,102454.125,28441.875
Nepal,"Rice, paddy",27166,31023.595,-3857.595000000001
Nepal,Soybeans,8909,8171.96,737.04
Nepal,Wheat,20745,20071.225,673.7750000000015
Nepal,Maize,20909,21865.51,-956.5099999999984
Nepal,Potatoes,126568,110416.685,16151.315000000002
Nepal,"Rice, paddy",25570,27588.335,-2018.3349999999991
Nepal,Soybeans,9029,14442.73,-5413.73
Nepal,Wheat,21563,18850.8,2712.2000000000007
Nepal,Maize,21590,21919.28,-329.27999999999884
Nepal,Potatoes,131100,109748.39,21351.61
Nepal,"Rice, paddy",27750,27775.28,-25.279999999998836
Nepal,Soybeans,9048,14415.805,-5367.805
Nepal,Wheat,22252,18689.62,3562.380000000001
Nepal,Maize,22054,21459.6,594.4000000000015
Nepal,Potatoes,133263,106716.905,26546.095
Nepal,"Rice, paddy",29074,29552.985,-478.9850000000006
Nepal,Soybeans,9139,10294.96,-1155.9599999999991
Nepal,Wheat,19338,19912.46,-574.4599999999991
Nepal,Maize,21186,23825.85,-2639.8499999999985
Nepal,Potatoes,135841,112512.785,23328.214999999997
Nepal,"Rice, paddy",27164,31359.425,-4195.424999999999
Nepal,Soybeans,9206,14309.97,-5103.969999999999
Nepal,Wheat,21289,20577.775,711.2249999999985
Nepal,Maize,22814,22099.055,714.9449999999997
Nepal,Potatoes,137352,109925.445,27426.554999999993
Nepal,"Rice, paddy",29805,27842.185,1962.8149999999987
Nepal,Soybeans,9659,14525.42,-4866.42
Nepal,Wheat,22747,18745.05,4001.9500000000007
Nepal,Maize,25011,22402.67,2608.3300000000017
Nepal,Potatoes,135837,115723.045,20113.955
Nepal,"Rice, paddy",33120,27816.215,5303.785
Nepal,Soybeans,9654,14633.205,-4979.205
Nepal,Wheat,24123,18830.375,5292.625
Nepal,Maize,23528,23237.035,290.96500000000015
Nepal,Potatoes,136408,124841.255,11566.744999999995
Nepal,"Rice, paddy",31709,28706.135,3002.8650000000016
Nepal,Soybeans,11719,14588.03,-2869.0300000000007
Nepal,Wheat,22902,19678.73,3223.2700000000004
Netherlands,Maize,97046,91279.685,5766.315000000002
Netherlands,Potatoes,445686,444831.26,854.7399999999907
Netherlands,Wheat,78145,80487.495,-2342.4949999999953
Netherlands,Maize,84821,90175.715,-5354.7149999999965
Netherlands,Potatoes,456832,437397.255,19434.744999999995
Netherlands,Wheat,89149,80551.355,8597.645000000004
Netherlands,Maize,88201,88328.26,-127.25999999999476
Netherlands,Potatoes,434423,436997.425,-2574.4249999999884
Netherlands,Wheat,85932,81019.655,4912.345000000001
Netherlands,Maize,91529,91153.07,375.929999999993
Netherlands,Potatoes,400488,446684.845,-46196.84499999997
Netherlands,Wheat,83940,81398.295,2541.7050000000017
Netherlands,Maize,119482,100207.0,19275.0
Netherlands,Potatoes,437884,439128.75,-1244.75
Netherlands,Wheat,72714,81237.44,-8523.440000000002
Netherlands,Maize,114163,89099.075,25063.925000000003
Netherlands,Potatoes,455741,436872.715,18868.284999999974
Netherlands,Wheat,87295,80702.625,6592.375
Netherlands,Maize,129954,90753.01,39200.990000000005
Netherlands,Potatoes,463376,434144.375,29231.625
Netherlands,Wheat,92919,79790.72,13128.279999999999
Netherlands,Maize,117673,89869.645,27803.354999999996
Netherlands,Potatoes,435980,433569.16,2410.8400000000256
Netherlands,Wheat,89092,82368.63,6723.369999999995
Netherlands,Maize,123355,87294.685,36060.315
Netherlands,Potatoes,460550,452921.385,7628.614999999991
Netherlands,Wheat,77812,82350.765,-4538.764999999999
Netherlands,Maize,123420,93742.115,29677.884999999995
Netherlands,Potatoes,451734,441572.845,10161.155000000028
Netherlands,Wheat,85870,80228.005,5641.994999999995
Netherlands,Maize,119446,87605.985,31840.015
Netherlands,Potatoes,422075,439014.725,-16939.724999999977
Netherlands,Wheat,87412,82524.67,4887.330000000002
New Zealand,Maize,76544,103425.375,-26881.375
New Zealand,Potatoes,451182,431671.605,19510.39500000002
New Zealand,Sweet potatoes,162437,178205.83,-15768.829999999987
New Zealand,Wheat,71467,62522.49,8944.510000000002
New Zealand,Maize,115496,104011.86,11484.14
New Zealand,Potatoes,451264,435032.71,16231.289999999979
New Zealand,Sweet potatoes,166667,226140.45,-59473.45000000001
New Zealand,Wheat,65501,60445.475,5055.5250000000015
New Zealand,Maize,109308,102123.28,7184.720000000001
New Zealand,Potatoes,460829,420950.605,39878.39500000002
New Zealand,Sweet potatoes,119699,162739.335,-43040.33499999999
New Zealand,Wheat,80920,64410.51,16509.489999999998
New Zealand,Maize,109544,104165.83,5378.169999999998
New Zealand,Potatoes,427584,435985.93,-8401.929999999993
New Zealand,Sweet potatoes,120000,227937.815,-107937.815
New Zealand,Wheat,68963,60268.74,8694.260000000002
New Zealand,Maize,109000,102829.65,6170.350000000006
New Zealand,Potatoes,477612,427699.33,49912.669999999984
New Zealand,Sweet potatoes,120253,160066.015,-39813.015000000014
New Zealand,Wheat,84966,63368.16,21597.839999999997
New Zealand,Maize,112326,103066.805,9259.195000000007
New Zealand,Potatoes,459091,426492.66,32598.340000000026
New Zealand,Sweet potatoes,120000,160515.57,-40515.57000000001
New Zealand,Wheat,81120,64768.305,16351.695
New Zealand,Maize,110327,104011.86,6315.139999999999
New Zealand,Potatoes,478154,434932.955,43221.044999999984
New Zealand,Sweet potatoes,119691,225009.535,-105318.535
New Zealand,Wheat,74918,60652.64,14265.36
New Zealand,Maize,107597,103080.485,4516.514999999999
New Zealand,Potatoes,495751,426492.66,69258.34000000003
New Zealand,Sweet potatoes,117803,160515.57,-42712.57000000001
New Zealand,Wheat,81241,64630.99,16610.010000000002
New Zealand,Maize,113842,102829.65,11012.350000000006
New Zealand,Potatoes,490361,427699.33,62661.669999999984
New Zealand,Sweet potatoes,117785,160066.015,-42281.015000000014
New Zealand,Wheat,72858,63368.16,9489.839999999997
New Zealand,Maize,108647,104011.86,4635.139999999999
New Zealand,Potatoes,484810,434932.955,49877.044999999984
New Zealand,Sweet potatoes,116046,226441.51,-110395.51000000001
New Zealand,Wheat,89245,60739.675,28505.324999999997
New Zealand,Maize,108209,103082.545,5126.455000000002
New Zealand,Potatoes,482926,426001.62,56924.380000000005
New Zealand,Sweet potatoes,113617,159906.585,-46289.58499999999
New Zealand,Wheat,91053,64829.26,26223.739999999998
Nicaragua,Cassava,107928,117554.565,-9626.565000000002
Nicaragua,Maize,13369,13666.34,-297.34000000000015
Nicaragua,Plantains and others,100000,97753.83,2246.1699999999983
Nicaragua,Potatoes,132558,136291.355,-3733.3550000000105
Nicaragua,"Rice, paddy",31853,33036.13,-1183.1299999999974
Nicaragua,Sorghum,19597,17130.6,2466.4000000000015
Nicaragua,Soybeans,19825,20341.095,-516.0950000000012
Nicaragua,Yams,132863,133286.75,-423.75
Nicaragua,Cassava,79485,117329.92,-37844.92
Nicaragua,Maize,13730,13507.62,222.3799999999992
Nicaragua,Plantains and others,97674,97837.01,-163.00999999999476
Nicaragua,Potatoes,133333,137541.215,-4208.2149999999965
Nicaragua,"Rice, paddy",35103,32954.05,2148.949999999997
Nicaragua,Sorghum,20368,16946.8,3421.2000000000007
Nicaragua,Soybeans,21258,20231.885,1026.1150000000016
Nicaragua,Yams,132919,132952.975,-33.97500000000582
Nicaragua,Cassava,88416,117133.175,-28717.175000000003
Nicaragua,Maize,14021,15524.59,-1503.5900000000001
Nicaragua,Plantains and others,100000,96218.64,3781.3600000000006
Nicaragua,Potatoes,134783,145659.755,-10876.755000000005
Nicaragua,"Rice, paddy",33106,32748.655,357.34500000000116
Nicaragua,Sorghum,18323,16979.365,1343.6349999999984
Nicaragua,Soybeans,21267,20011.685,1255.3149999999987
Nicaragua,Yams,132964,132903.805,60.195000000006985
Nicaragua,Cassava,95455,117350.205,-21895.205
Nicaragua,Maize,14626,13841.015,784.9850000000006
Nicaragua,Plantains and others,100000,96892.015,3107.9850000000006
Nicaragua,Potatoes,138298,146345.435,-8047.434999999998
Nicaragua,"Rice, paddy",36392,32789.81,3602.1900000000023
Nicaragua,Sorghum,18606,16755.91,1850.0900000000001
Nicaragua,Soybeans,20523,20103.865,419.1349999999984
Nicaragua,Yams,133008,133108.39,-100.39000000001397
Nicaragua,Cassava,95833,117230.86,-21397.86
Nicaragua,Maize,13776,15821.665,-2045.6650000000009
Nicaragua,Plantains and others,103324,96218.64,7105.360000000001
Nicaragua,Potatoes,137500,146286.08,-8786.079999999987
Nicaragua,"Rice, paddy",39482,32507.72,6974.279999999999
Nicaragua,Sorghum,20477,16966.875,3510.125
Nicaragua,Soybeans,21383,20003.615,1379.3849999999984
Nicaragua,Yams,133053,132079.825,973.1749999999884
Nicaragua,Cassava,80701,117295.79,-36594.78999999999
Nicaragua,Maize,13311,15951.015,-2640.0149999999994
Nicaragua,Plantains and others,100000,94884.725,5115.274999999994
Nicaragua,Potatoes,137500,148779.495,-11279.494999999995
Nicaragua,"Rice, paddy",40055,31754.345,8300.654999999999
Nicaragua,Sorghum,17327,17286.17,40.830000000001746
Nicaragua,Soybeans,20056,19757.675,298.3250000000007
Nicaragua,Yams,133097,132415.26,681.7399999999907
Nicaragua,Cassava,87123,117230.86,-30107.86
Nicaragua,Maize,15605,15515.815,89.18499999999949
Nicaragua,Plantains and others,98525,96218.64,2306.3600000000006
Nicaragua,Potatoes,134615,145659.755,-11044.755000000005
Nicaragua,"Rice, paddy",45355,32748.655,12606.345000000001
Nicaragua,Sorghum,18059,16953.43,1105.5699999999997
Nicaragua,Soybeans,22908,20011.685,2896.3149999999987
Nicaragua,Yams,133205,132903.805,301.195000000007
Nicaragua,Cassava,88492,119913.515,-31421.515
Nicaragua,Maize,13393,16152.51,-2759.51
Nicaragua,Plantains and others,104461,95987.615,8473.384999999995
Nicaragua,Potatoes,134615,149113.755,-14498.755000000005
Nicaragua,"Rice, paddy",51406,32506.055,18899.945
Nicaragua,Sorghum,16630,17086.455,-456.45500000000175
Nicaragua,Soybeans,22090,20119.02,1970.9799999999996
Nicaragua,Yams,133274,132278.06,995.9400000000023
Nicaragua,Cassava,78727,117542.795,-38815.795
Nicaragua,Maize,14101,13575.54,525.4599999999991
Nicaragua,Plantains and others,104826,96979.28,7846.720000000001
Nicaragua,Potatoes,168339,137009.76,31329.23999999999
Nicaragua,"Rice, paddy",41177,32963.43,8213.57
Nicaragua,Sorghum,19105,17162.505,1942.494999999999
Nicaragua,Soybeans,20144,20365.425,-221.42499999999927
Nicaragua,Yams,133333,133286.81,46.19000000000233
Nicaragua,Cassava,76993,117361.51,-40368.509999999995
Nicaragua,Maize,13493,13648.865,-155.86499999999978
Nicaragua,Plantains and others,97059,97097.74,-38.74000000000524
Nicaragua,Potatoes,169329,137169.145,32159.85500000001
Nicaragua,"Rice, paddy",37753,32951.23,4801.769999999997
Nicaragua,Sorghum,19866,17226.485,2639.5149999999994
Nicaragua,Soybeans,18285,20388.005,-2103.005000000001
Nicaragua,Yams,133333,133287.565,45.43499999999767
Nicaragua,Cassava,78931,117409.28,-38478.28
Nicaragua,Maize,11809,13549.58,-1740.58
Nicaragua,Plantains and others,110413,97837.01,12575.990000000005
Nicaragua,Potatoes,170847,137530.045,33316.95499999999
Nicaragua,"Rice, paddy",49680,32898.445,16781.555
Nicaragua,Sorghum,18259,16974.11,1284.8899999999994
Nicaragua,Soybeans,21034,20277.015,756.9850000000006
Nicaragua,Yams,133333,132952.92,380.0799999999872
Niger,Cassava,202833,192679.92,10153.079999999987
Niger,Maize,5853,5924.32,-71.31999999999971
Niger,Potatoes,159220,106237.835,52982.16499999999
Niger,"Rice, paddy",31638,27909.68,3728.3199999999997
Niger,Sorghum,2989,2361.485,627.5149999999999
Niger,Sweet potatoes,148771,159995.61,-11224.609999999986
Niger,Wheat,10606,19772.795,-9166.794999999998
Niger,Cassava,168413,190619.765,-22206.765000000014
Niger,Maize,7509,7003.515,505.4849999999997
Niger,Potatoes,104545,110641.065,-6096.065000000002
Niger,"Rice, paddy",30949,30428.875,520.125
Niger,Sorghum,2519,2344.685,174.31500000000005
Niger,Sweet potatoes,177570,181368.855,-3798.8550000000105
Niger,Wheat,17019,19670.55,-2651.5499999999993
Niger,Cassava,159467,191105.34,-31638.339999999997
Niger,Maize,8255,10083.08,-1828.08
Niger,Potatoes,102308,117567.22,-15259.220000000001
Niger,"Rice, paddy",38290,30548.45,7741.549999999999
Niger,Sorghum,3812,2354.025,1457.975
Niger,Sweet potatoes,171840,181026.065,-9186.065000000002
Niger,Wheat,17276,19761.03,-2485.029999999999
Niger,Cassava,162588,189846.7,-27258.70000000001
Niger,Maize,11227,7256.71,3970.29
Niger,Potatoes,115357,116071.05,-714.0500000000029
Niger,"Rice, paddy",36637,26209.785,10427.215
Niger,Sorghum,3463,2233.92,1229.08
Niger,Sweet potatoes,160877,179826.0,-18949.0
Niger,Wheat,14992,20422.08,-5430.080000000002
Niger,Cassava,151563,193914.5,-42351.5
Niger,Maize,10874,10411.855,462.14500000000044
Niger,Potatoes,147395,114813.05,32581.949999999997
Niger,"Rice, paddy",35900,28099.555,7800.445
Niger,Sorghum,3435,2414.035,1020.9650000000001
Niger,Sweet potatoes,159870,162761.89,-2891.890000000014
Niger,Wheat,14894,19882.785,-4988.785
Niger,Cassava,138791,151103.145,-12312.14499999999
Niger,Maize,9589,5242.21,4346.79
Niger,Potatoes,177412,125569.56,51842.44
Niger,"Rice, paddy",38110,28040.535,10069.465
Niger,Sorghum,4291,2111.815,2179.185
Niger,Sweet potatoes,168296,167319.46,976.5400000000081
Niger,Wheat,18096,21237.185,-3141.1850000000013
Niger,Cassava,159918,190332.275,-30414.274999999994
Niger,Maize,9014,10042.28,-1028.2800000000007
Niger,Potatoes,172504,120811.17,51692.83
Niger,"Rice, paddy",43571,26435.475,17135.525
Niger,Sorghum,2903,2254.74,648.2600000000002
Niger,Sweet potatoes,160230,179582.21,-19352.209999999992
Niger,Wheat,18696,20657.035,-1961.0349999999999
Niger,Cassava,217784,190332.275,27451.725000000006
Niger,Maize,7869,10043.72,-2174.7199999999993
Niger,Potatoes,170183,120349.65,49833.350000000006
Niger,"Rice, paddy",54407,26435.475,27971.525
Niger,Sorghum,3919,2243.38,1675.62
Niger,Sweet potatoes,161324,179582.21,-18258.209999999992
Niger,Wheat,19868,20743.545,-875.5449999999983
Niger,Cassava,107514,190332.275,-82818.275
Niger,Maize,8405,10043.72,-1638.7199999999993
Niger,Potatoes,161890,121077.975,40812.024999999994
Niger,"Rice, paddy",54739,26435.475,28303.525
Niger,Sorghum,2676,2254.74,421.2600000000002
Niger,Sweet potatoes,151699,179582.21,-27883.209999999992
Niger,Wheat,19770,20736.71,-966.7099999999991
Niger,Cassava,160606,187687.01,-27081.01000000001
Niger,Maize,10437,9221.51,1215.4899999999998
Niger,Potatoes,242957,119281.285,123675.715
Niger,"Rice, paddy",57490,27370.62,30119.38
Niger,Sorghum,4422,2192.495,2229.505
Niger,Sweet potatoes,200362,176812.58,23549.420000000013
Niger,Wheat,16537,20824.23,-4287.23
Niger,Cassava,199719,190332.275,9386.725000000006
Niger,Maize,12326,10144.55,2181.4500000000007
Niger,Potatoes,256815,121048.35,135766.65
Niger,"Rice, paddy",62834,26400.16,36433.84
Niger,Sorghum,3703,2243.38,1459.62
Niger,Sweet potatoes,211608,179582.21,32025.790000000008
Niger,Wheat,30090,20539.15,9550.849999999999
Norway,Potatoes,256141,255310.25,830.75
Norway,Wheat,40994,42954.345,-1960.3450000000012
Norway,Potatoes,279430,254201.035,25228.964999999997
Norway,Wheat,47668,41059.15,6608.8499999999985
Norway,Potatoes,230523,249362.42,-18839.420000000013
Norway,Wheat,48925,42378.555,6546.445
Norway,Potatoes,269329,253129.48,16199.51999999999
Norway,Wheat,41634,40965.735,668.2649999999994
Norway,Potatoes,227983,257473.87,-29490.869999999995
Norway,Wheat,43973,42956.04,1016.9599999999991
Norway,Potatoes,278193,255920.395,22272.60500000001
Norway,Wheat,48653,42267.98,6385.019999999997
Norway,Potatoes,241836,251643.71,-9807.709999999992
Norway,Wheat,34069,43394.07,-9325.07
Norway,Potatoes,251662,252658.74,-996.7399999999907
Norway,Wheat,45975,42924.275,3050.7249999999985
Norway,Potatoes,229141,254708.325,-25567.32500000001
Norway,Wheat,38517,42117.595,-3600.595000000001
Norway,Potatoes,240527,252275.625,-11748.625
Norway,Wheat,41011,42792.895,-1781.8949999999968
Norway,Potatoes,251702,253895.135,-2193.1350000000093
Norway,Wheat,38841,43662.295,-4821.294999999998
Pakistan,Maize,18448,17914.415,533.5849999999991
Pakistan,Maize,18448,17581.16,866.8400000000001
Pakistan,Maize,18448,17466.875,981.125
Pakistan,Maize,18448,17581.16,866.8400000000001
Pakistan,Maize,18448,17511.6,936.4000000000015
Pakistan,Maize,18448,17914.415,533.5849999999991
Pakistan,Maize,18448,17511.6,936.4000000000015
Pakistan,Maize,18448,17659.28,788.7200000000012
Pakistan,Maize,18448,17581.16,866.8400000000001
Pakistan,Potatoes,164486,164180.0,306.0
Pakistan,Potatoes,164486,164212.6,273.3999999999942
Pakistan,Potatoes,164486,164135.895,350.1050000000105
Pakistan,Potatoes,164486,164212.6,273.3999999999942
Pakistan,Potatoes,164486,163964.015,521.984999999986
Pakistan,Potatoes,164486,164180.0,306.0
Pakistan,Potatoes,164486,163964.015,521.984999999986
Pakistan,Potatoes,164486,167176.3,-2690.2999999999884
Pakistan,Potatoes,164486,164212.6,273.3999999999942
Pakistan,"Rice, paddy",30192,27519.16,2672.84
Pakistan,"Rice, paddy",30192,27539.6,2652.4000000000015
Pakistan,"Rice, paddy",30192,27532.53,2659.470000000001
Pakistan,"Rice, paddy",30192,27539.6,2652.4000000000015
Pakistan,"Rice, paddy",30192,27539.6,2652.4000000000015
Pakistan,"Rice, paddy",30192,27519.16,2672.84
Pakistan,"Rice, paddy",30192,27539.6,2652.4000000000015
Pakistan,"Rice, paddy",30192,27490.32,2701.6800000000003
Pakistan,"Rice, paddy",30192,27539.6,2652.4000000000015
Pakistan,Sorghum,5989,6196.42,-207.42000000000007
Pakistan,Sorghum,5989,6196.27,-207.27000000000044
Pakistan,Sorghum,5989,6207.78,-218.77999999999975
Pakistan,Sorghum,5989,6196.27,-207.27000000000044
Pakistan,Sorghum,5989,6196.51,-207.51000000000022
Pakistan,Sorghum,5989,6196.42,-207.42000000000007
Pakistan,Sorghum,5989,6196.42,-207.42000000000007
Pakistan,Sorghum,5989,6132.93,-143.9300000000003
Pakistan,Sorghum,5989,6196.27,-207.27000000000044
Pakistan,Soybeans,12647,11147.105,1499.8950000000004
Pakistan,Soybeans,12647,11147.105,1499.8950000000004
Pakistan,Soybeans,12647,11171.955,1475.045
Pakistan,Soybeans,12647,11147.105,1499.8950000000004
Pakistan,Soybeans,12647,11151.54,1495.4599999999991
Pakistan,Soybeans,12647,11147.105,1499.8950000000004
Pakistan,Soybeans,12647,11147.105,1499.8950000000004
Pakistan,Soybeans,12647,11380.27,1266.7299999999996
Pakistan,Soybeans,12647,11147.105,1499.8950000000004
Pakistan,Sweet potatoes,100385,103614.495,-3229.4949999999953
Pakistan,Sweet potatoes,100385,103655.35,-3270.350000000006
Pakistan,Sweet potatoes,100385,103614.495,-3229.4949999999953
Pakistan,Sweet potatoes,100385,103655.35,-3270.350000000006
Pakistan,Sweet potatoes,100385,103614.495,-3229.4949999999953
Pakistan,Sweet potatoes,100385,103614.495,-3229.4949999999953
Pakistan,Sweet potatoes,100385,103614.495,-3229.4949999999953
Pakistan,Sweet potatoes,100385,103232.865,-2847.8650000000052
Pakistan,Sweet potatoes,100385,103655.35,-3270.350000000006
Pakistan,Wheat,22621,23255.615,-634.6150000000016
Pakistan,Wheat,22621,23188.585,-567.5849999999991
Pakistan,Wheat,22621,22929.46,-308.4599999999991
Pakistan,Wheat,22621,23188.585,-567.5849999999991
Pakistan,Wheat,22621,23258.98,-637.9799999999996
Pakistan,Wheat,22621,23255.615,-634.6150000000016
Pakistan,Wheat,22621,23258.98,-637.9799999999996
Pakistan,Wheat,22621,23413.59,-792.5900000000001
Pakistan,Wheat,22621,23188.585,-567.5849999999991
Pakistan,Maize,28488,17645.835,10842.165
Pakistan,Maize,28488,17579.77,10908.23
Pakistan,Maize,28488,17217.045,11270.955000000002
Pakistan,Maize,28488,17579.77,10908.23
Pakistan,Maize,28488,17361.81,11126.189999999999
Pakistan,Maize,28488,17645.835,10842.165
Pakistan,Maize,28488,17434.4,11053.599999999999
Pakistan,Maize,28488,17726.76,10761.240000000002
Pakistan,Maize,28488,17579.77,10908.23
Pakistan,Potatoes,176673,163331.575,13341.424999999988
Pakistan,Potatoes,176673,163437.865,13235.13500000001
Pakistan,Potatoes,176673,163494.55,13178.450000000012
Pakistan,Potatoes,176673,163437.865,13235.13500000001
Pakistan,Potatoes,176673,163494.55,13178.450000000012
Pakistan,Potatoes,176673,163331.575,13341.424999999988
Pakistan,Potatoes,176673,163322.67,13350.329999999987
Pakistan,Potatoes,176673,172974.095,3698.904999999999
Pakistan,Potatoes,176673,163437.865,13235.13500000001
Pakistan,"Rice, paddy",29914,27428.745,2485.255000000001
Pakistan,"Rice, paddy",29914,27441.63,2472.369999999999
Pakistan,"Rice, paddy",29914,27478.65,2435.3499999999985
Pakistan,"Rice, paddy",29914,27441.63,2472.369999999999
Pakistan,"Rice, paddy",29914,27478.65,2435.3499999999985
Pakistan,"Rice, paddy",29914,27428.745,2485.255000000001
Pakistan,"Rice, paddy",29914,27485.72,2428.279999999999
Pakistan,"Rice, paddy",29914,27376.225,2537.7750000000015
Pakistan,"Rice, paddy",29914,27441.63,2472.369999999999
Pakistan,Sorghum,6062,6195.93,-133.9300000000003
Pakistan,Sorghum,6062,6195.78,-133.77999999999975
Pakistan,Sorghum,6062,6257.0,-195.0
Pakistan,Sorghum,6062,6195.78,-133.77999999999975
Pakistan,Sorghum,6062,6189.395,-127.39500000000044
Pakistan,Sorghum,6062,6195.93,-133.9300000000003
Pakistan,Sorghum,6062,6195.93,-133.9300000000003
Pakistan,Sorghum,6062,6053.715,8.284999999999854
Pakistan,Sorghum,6062,6195.78,-133.77999999999975
Pakistan,Soybeans,12450,11320.27,1129.7299999999996
Pakistan,Soybeans,12450,11320.27,1129.7299999999996
Pakistan,Soybeans,12450,11340.685,1109.3150000000005
Pakistan,Soybeans,12450,11320.27,1129.7299999999996
Pakistan,Soybeans,12450,11355.275,1094.7250000000004
Pakistan,Soybeans,12450,11320.27,1129.7299999999996
Pakistan,Soybeans,12450,11320.27,1129.7299999999996
Pakistan,Soybeans,12450,11523.17,926.8299999999999
Pakistan,Soybeans,12450,11320.27,1129.7299999999996
Pakistan,Sweet potatoes,113473,101906.945,11566.054999999993
Pakistan,Sweet potatoes,113473,101965.2,11507.800000000003
Pakistan,Sweet potatoes,113473,101906.945,11566.054999999993
Pakistan,Sweet potatoes,113473,101965.2,11507.800000000003
Pakistan,Sweet potatoes,113473,101906.945,11566.054999999993
Pakistan,Sweet potatoes,113473,101906.945,11566.054999999993
Pakistan,Sweet potatoes,113473,101906.945,11566.054999999993
Pakistan,Sweet potatoes,113473,103143.24,10329.759999999995
Pakistan,Sweet potatoes,113473,101965.2,11507.800000000003
Pakistan,Wheat,23733,23060.475,672.5250000000015
Pakistan,Wheat,23733,22993.445,739.5550000000003
Pakistan,Wheat,23733,22426.6,1306.4000000000015
Pakistan,Wheat,23733,22993.445,739.5550000000003
Pakistan,Wheat,23733,22914.965,818.0349999999999
Pakistan,Wheat,23733,23060.475,672.5250000000015
Pakistan,Wheat,23733,23012.135,720.8650000000016
Pakistan,Wheat,23733,22931.29,801.7099999999991
Pakistan,Wheat,23733,22993.445,739.5550000000003
Pakistan,Maize,29843,17616.08,12226.919999999998
Pakistan,Maize,29843,17616.08,12226.919999999998
Pakistan,Maize,29843,17316.5,12526.5
Pakistan,Maize,29843,17616.08,12226.919999999998
Pakistan,Maize,29843,17330.47,12512.529999999999
Pakistan,Maize,29843,17616.08,12226.919999999998
Pakistan,Maize,29843,17807.675,12035.325
Pakistan,Maize,29843,17481.04,12361.96
Pakistan,Maize,29843,17616.08,12226.919999999998
Pakistan,Potatoes,180795,158221.725,22573.274999999994
Pakistan,Potatoes,180795,160437.32,20357.679999999993
Pakistan,Potatoes,180795,159558.65,21236.350000000006
Pakistan,Potatoes,180795,160437.32,20357.679999999993
Pakistan,Potatoes,180795,159527.415,21267.584999999992
Pakistan,Potatoes,180795,158221.725,22573.274999999994
Pakistan,Potatoes,180795,158090.12,22704.880000000005
Pakistan,Potatoes,180795,149339.485,31455.515000000014
Pakistan,Potatoes,180795,160437.32,20357.679999999993
Pakistan,"Rice, paddy",31742,27512.265,4229.735000000001
Pakistan,"Rice, paddy",31742,27507.935,4234.064999999999
Pakistan,"Rice, paddy",31742,27610.505,4131.494999999999
Pakistan,"Rice, paddy",31742,27507.935,4234.064999999999
Pakistan,"Rice, paddy",31742,27574.795,4167.205000000002
Pakistan,"Rice, paddy",31742,27512.265,4229.735000000001
Pakistan,"Rice, paddy",31742,27557.155,4184.845000000001
Pakistan,"Rice, paddy",31742,27711.685,4030.3149999999987
Pakistan,"Rice, paddy",31742,27507.935,4234.064999999999
Pakistan,Sorghum,5998,6195.93,-197.9300000000003
Pakistan,Sorghum,5998,6192.485,-194.48499999999967
Pakistan,Sorghum,5998,6196.02,-198.02000000000044
Pakistan,Sorghum,5998,6192.485,-194.48499999999967
Pakistan,Sorghum,5998,6195.93,-197.9300000000003
Pakistan,Sorghum,5998,6195.93,-197.9300000000003
Pakistan,Sorghum,5998,6195.93,-197.9300000000003
Pakistan,Sorghum,5998,6686.39,-688.3900000000003
Pakistan,Sorghum,5998,6192.485,-194.48499999999967
Pakistan,Soybeans,12000,11320.27,679.7299999999996
Pakistan,Soybeans,12000,11393.19,606.8099999999995
Pakistan,Soybeans,12000,11324.705,675.2950000000001
Pakistan,Soybeans,12000,11393.19,606.8099999999995
Pakistan,Soybeans,12000,11320.27,679.7299999999996
Pakistan,Soybeans,12000,11320.27,679.7299999999996
Pakistan,Soybeans,12000,11320.27,679.7299999999996
Pakistan,Soybeans,12000,11296.85,703.1499999999996
Pakistan,Soybeans,12000,11393.19,606.8099999999995
Pakistan,Sweet potatoes,112584,101906.945,10677.054999999993
Pakistan,Sweet potatoes,112584,101931.39,10652.61
Pakistan,Sweet potatoes,112584,101906.945,10677.054999999993
Pakistan,Sweet potatoes,112584,101931.39,10652.61
Pakistan,Sweet potatoes,112584,101906.945,10677.054999999993
Pakistan,Sweet potatoes,112584,101906.945,10677.054999999993
Pakistan,Sweet potatoes,112584,101906.945,10677.054999999993
Pakistan,Sweet potatoes,112584,108309.38,4274.619999999995
Pakistan,Sweet potatoes,112584,101931.39,10652.61
Pakistan,Wheat,25858,22979.25,2878.75
Pakistan,Wheat,25858,22921.705,2936.2949999999983
Pakistan,Wheat,25858,22921.54,2936.459999999999
Pakistan,Wheat,25858,22921.705,2936.2949999999983
Pakistan,Wheat,25858,22921.54,2936.459999999999
Pakistan,Wheat,25858,22979.25,2878.75
Pakistan,Wheat,25858,23010.08,2847.9199999999983
Pakistan,Wheat,25858,22118.88,3739.119999999999
Pakistan,Wheat,25858,22921.705,2936.2949999999983
Pakistan,Maize,30368,16164.48,14203.52
Pakistan,Maize,30368,16232.555,14135.445
Pakistan,Maize,30368,15498.48,14869.52
Pakistan,Maize,30368,16232.555,14135.445
Pakistan,Maize,30368,15544.635,14823.365
Pakistan,Maize,30368,16164.48,14203.52
Pakistan,Maize,30368,15518.81,14849.19
Pakistan,Maize,30368,16435.595,13932.404999999999
Pakistan,Maize,30368,16232.555,14135.445
Pakistan,Potatoes,133447,156696.805,-23249.804999999993
Pakistan,Potatoes,133447,156347.595,-22900.595
Pakistan,Potatoes,133447,158318.72,-24871.72
Pakistan,Potatoes,133447,156347.595,-22900.595
Pakistan,Potatoes,133447,158293.65,-24846.649999999994
Pakistan,Potatoes,133447,156696.805,-23249.804999999993
Pakistan,Potatoes,133447,156629.21,-23182.209999999992
Pakistan,Potatoes,133447,155968.83,-22521.829999999987
Pakistan,Potatoes,133447,156347.595,-22900.595
Pakistan,"Rice, paddy",31604,26676.78,4927.220000000001
Pakistan,"Rice, paddy",31604,26646.765,4957.235000000001
Pakistan,"Rice, paddy",31604,26730.23,4873.77
Pakistan,"Rice, paddy",31604,26646.765,4957.235000000001
Pakistan,"Rice, paddy",31604,26694.52,4909.48
Pakistan,"Rice, paddy",31604,26676.78,4927.220000000001
Pakistan,"Rice, paddy",31604,26676.88,4927.119999999999
Pakistan,"Rice, paddy",31604,26631.825,4972.174999999999
Pakistan,"Rice, paddy",31604,26646.765,4957.235000000001
Pakistan,Sorghum,6156,6189.65,-33.649999999999636
Pakistan,Sorghum,6156,6195.555,-39.55500000000029
Pakistan,Sorghum,6156,6189.74,-33.73999999999978
Pakistan,Sorghum,6156,6195.555,-39.55500000000029
Pakistan,Sorghum,6156,6189.65,-33.649999999999636
Pakistan,Sorghum,6156,6189.65,-33.649999999999636
Pakistan,Sorghum,6156,6189.65,-33.649999999999636
Pakistan,Sorghum,6156,6342.89,-186.89000000000033
Pakistan,Sorghum,6156,6195.555,-39.55500000000029
Pakistan,Soybeans,11287,9501.915,1785.0849999999991
Pakistan,Soybeans,11287,9471.475,1815.5249999999996
Pakistan,Soybeans,11287,9537.02,1749.9799999999996
Pakistan,Soybeans,11287,9471.475,1815.5249999999996
Pakistan,Soybeans,11287,9510.3,1776.7000000000007
Pakistan,Soybeans,11287,9501.915,1785.0849999999991
Pakistan,Soybeans,11287,9516.62,1770.3799999999992
Pakistan,Soybeans,11287,9769.9,1517.1000000000004
Pakistan,Soybeans,11287,9471.475,1815.5249999999996
Pakistan,Sweet potatoes,118514,101663.985,16850.015
Pakistan,Sweet potatoes,118514,101681.385,16832.615000000005
Pakistan,Sweet potatoes,118514,101663.985,16850.015
Pakistan,Sweet potatoes,118514,101681.385,16832.615000000005
Pakistan,Sweet potatoes,118514,101663.985,16850.015
Pakistan,Sweet potatoes,118514,101663.985,16850.015
Pakistan,Sweet potatoes,118514,101663.985,16850.015
Pakistan,Sweet potatoes,118514,103725.045,14788.955000000002
Pakistan,Sweet potatoes,118514,101681.385,16832.615000000005
Pakistan,Wheat,25186,22068.045,3117.9550000000017
Pakistan,Wheat,25186,21997.035,3188.965
Pakistan,Wheat,25186,21982.835,3203.165000000001
Pakistan,Wheat,25186,21997.035,3188.965
Pakistan,Wheat,25186,21969.82,3216.1800000000003
Pakistan,Wheat,25186,22068.045,3117.9550000000017
Pakistan,Wheat,25186,21964.585,3221.415000000001
Pakistan,Wheat,25186,21989.65,3196.3499999999985
Pakistan,Wheat,25186,21997.035,3188.965
Pakistan,Maize,34265,16080.71,18184.29
Pakistan,Maize,34265,16062.155,18202.845
Pakistan,Maize,34265,15267.08,18997.92
Pakistan,Maize,34265,16062.155,18202.845
Pakistan,Maize,34265,15346.105,18918.895
Pakistan,Maize,34265,16080.71,18184.29
Pakistan,Maize,34265,15374.07,18890.93
Pakistan,Maize,34265,16380.23,17884.77
Pakistan,Maize,34265,16062.155,18202.845
Pakistan,Potatoes,193516,146738.1,46777.899999999994
Pakistan,Potatoes,193516,146122.335,47393.66500000001
Pakistan,Potatoes,193516,146553.33,46962.67000000001
Pakistan,Potatoes,193516,146122.335,47393.66500000001
Pakistan,Potatoes,193516,146372.305,47143.69500000001
Pakistan,Potatoes,193516,146738.1,46777.899999999994
Pakistan,Potatoes,193516,145548.435,47967.565
Pakistan,Potatoes,193516,145694.55,47821.45000000001
Pakistan,Potatoes,193516,146122.335,47393.66500000001
Pakistan,"Rice, paddy",33176,26526.145,6649.855
Pakistan,"Rice, paddy",33176,26522.8,6653.200000000001
Pakistan,"Rice, paddy",33176,26572.525,6603.4749999999985
Pakistan,"Rice, paddy",33176,26522.8,6653.200000000001
Pakistan,"Rice, paddy",33176,26579.595,6596.404999999999
Pakistan,"Rice, paddy",33176,26526.145,6649.855
Pakistan,"Rice, paddy",33176,26526.245,6649.755000000001
Pakistan,"Rice, paddy",33176,26533.52,6642.48
Pakistan,"Rice, paddy",33176,26522.8,6653.200000000001
Pakistan,Sorghum,6045,6166.55,-121.55000000000018
Pakistan,Sorghum,6045,6177.855,-132.85499999999956
Pakistan,Sorghum,6045,6171.74,-126.73999999999978
Pakistan,Sorghum,6045,6177.855,-132.85499999999956
Pakistan,Sorghum,6045,6166.64,-121.64000000000033
Pakistan,Sorghum,6045,6166.55,-121.55000000000018
Pakistan,Sorghum,6045,6166.55,-121.55000000000018
Pakistan,Sorghum,6045,6432.47,-387.47000000000025
Pakistan,Sorghum,6045,6177.855,-132.85499999999956
Pakistan,Soybeans,5818,8353.33,-2535.33
Pakistan,Soybeans,5818,8344.305,-2526.3050000000003
Pakistan,Soybeans,5818,8512.01,-2694.01
Pakistan,Soybeans,5818,8344.305,-2526.3050000000003
Pakistan,Soybeans,5818,8494.1,-2676.1000000000004
Pakistan,Soybeans,5818,8353.33,-2535.33
Pakistan,Soybeans,5818,8458.605,-2640.6049999999996
Pakistan,Soybeans,5818,8374.105,-2556.1049999999996
Pakistan,Soybeans,5818,8344.305,-2526.3050000000003
Pakistan,Sweet potatoes,114454,101362.215,13091.785000000003
Pakistan,Sweet potatoes,114454,101379.615,13074.384999999995
Pakistan,Sweet potatoes,114454,101362.215,13091.785000000003
Pakistan,Sweet potatoes,114454,101379.615,13074.384999999995
Pakistan,Sweet potatoes,114454,101362.215,13091.785000000003
Pakistan,Sweet potatoes,114454,101362.215,13091.785000000003
Pakistan,Sweet potatoes,114454,101362.215,13091.785000000003
Pakistan,Sweet potatoes,114454,99760.15,14693.850000000006
Pakistan,Sweet potatoes,114454,101379.615,13074.384999999995
Pakistan,Wheat,27156,21960.58,5195.419999999998
Pakistan,Wheat,27156,21889.57,5266.43
Pakistan,Wheat,27156,21829.66,5326.34
Pakistan,Wheat,27156,21889.57,5266.43
Pakistan,Wheat,27156,21865.285,5290.715
Pakistan,Wheat,27156,21960.58,5195.419999999998
Pakistan,Wheat,27156,21856.265,5299.735000000001
Pakistan,Wheat,27156,21620.27,5535.73
Pakistan,Wheat,27156,21889.57,5266.43
Pakistan,Maize,34154,15990.455,18163.545
Pakistan,Maize,34154,16105.37,18048.629999999997
Pakistan,Maize,34154,15213.69,18940.309999999998
Pakistan,Maize,34154,16105.37,18048.629999999997
Pakistan,Maize,34154,15251.955,18902.045
Pakistan,Maize,34154,15990.455,18163.545
Pakistan,Maize,34154,15175.31,18978.690000000002
Pakistan,Maize,34154,16485.035,17668.965
Pakistan,Maize,34154,16105.37,18048.629999999997
Pakistan,Potatoes,164550,147449.89,17100.109999999986
Pakistan,Potatoes,164550,146674.72,17875.28
Pakistan,Potatoes,164550,147555.68,16994.320000000007
Pakistan,Potatoes,164550,146674.72,17875.28
Pakistan,Potatoes,164550,147493.885,17056.11499999999
Pakistan,Potatoes,164550,147449.89,17100.109999999986
Pakistan,Potatoes,164550,146659.79,17890.209999999992
Pakistan,Potatoes,164550,143983.09,20566.910000000003
Pakistan,Potatoes,164550,146674.72,17875.28
Pakistan,"Rice, paddy",35199,27157.235,8041.764999999999
Pakistan,"Rice, paddy",35199,27153.89,8045.110000000001
Pakistan,"Rice, paddy",35199,27193.045,8005.955000000002
Pakistan,"Rice, paddy",35199,27153.89,8045.110000000001
Pakistan,"Rice, paddy",35199,27157.335,8041.665000000001
Pakistan,"Rice, paddy",35199,27157.235,8041.764999999999
Pakistan,"Rice, paddy",35199,27157.335,8041.665000000001
Pakistan,"Rice, paddy",35199,27173.555,8025.445
Pakistan,"Rice, paddy",35199,27153.89,8045.110000000001
Pakistan,Sorghum,6262,6101.475,160.52499999999964
Pakistan,Sorghum,6262,6116.42,145.57999999999993
Pakistan,Sorghum,6262,6101.565,160.4350000000004
Pakistan,Sorghum,6262,6116.42,145.57999999999993
Pakistan,Sorghum,6262,6101.475,160.52499999999964
Pakistan,Sorghum,6262,6101.475,160.52499999999964
Pakistan,Sorghum,6262,6101.475,160.52499999999964
Pakistan,Sorghum,6262,6413.065,-151.0649999999996
Pakistan,Sorghum,6262,6116.42,145.57999999999993
Pakistan,Soybeans,5918,8571.32,-2653.3199999999997
Pakistan,Soybeans,5918,8546.445,-2628.4449999999997
Pakistan,Soybeans,5918,8676.675,-2758.6749999999993
Pakistan,Soybeans,5918,8546.445,-2628.4449999999997
Pakistan,Soybeans,5918,8638.305,-2720.3050000000003
Pakistan,Soybeans,5918,8571.32,-2653.3199999999997
Pakistan,Soybeans,5918,8647.02,-2729.0200000000004
Pakistan,Soybeans,5918,8420.81,-2502.8099999999995
Pakistan,Soybeans,5918,8546.445,-2628.4449999999997
Pakistan,Sweet potatoes,111477,98955.625,12521.375
Pakistan,Sweet potatoes,111477,99255.455,12221.544999999998
Pakistan,Sweet potatoes,111477,99125.92,12351.080000000002
Pakistan,Sweet potatoes,111477,99255.455,12221.544999999998
Pakistan,Sweet potatoes,111477,99112.655,12364.345000000001
Pakistan,Sweet potatoes,111477,98955.625,12521.375
Pakistan,Sweet potatoes,111477,99050.69,12426.309999999998
Pakistan,Sweet potatoes,111477,97785.37,13691.630000000005
Pakistan,Sweet potatoes,111477,99255.455,12221.544999999998
Pakistan,Wheat,24514,21985.44,2528.5600000000013
Pakistan,Wheat,24514,21927.895,2586.1049999999996
Pakistan,Wheat,24514,21900.87,2613.130000000001
Pakistan,Wheat,24514,21927.895,2586.1049999999996
Pakistan,Wheat,24514,21887.855,2626.1450000000004
Pakistan,Wheat,24514,21985.44,2528.5600000000013
Pakistan,Wheat,24514,21887.375,2626.625
Pakistan,Wheat,24514,21846.13,2667.869999999999
Pakistan,Wheat,24514,21927.895,2586.1049999999996
Pakistan,Maize,34879,16083.53,18795.47
Pakistan,Maize,34879,16100.005,18778.995000000003
Pakistan,Maize,34879,15037.03,19841.97
Pakistan,Maize,34879,16100.005,18778.995000000003
Pakistan,Maize,34879,15018.22,19860.78
Pakistan,Maize,34879,16083.53,18795.47
Pakistan,Maize,34879,15123.185,19755.815000000002
Pakistan,Maize,34879,16760.385,18118.615
Pakistan,Maize,34879,16100.005,18778.995000000003
Pakistan,Potatoes,202848,142171.21,60676.79000000001
Pakistan,Potatoes,202848,142408.745,60439.255000000005
Pakistan,Potatoes,202848,142910.705,59937.29500000001
Pakistan,Potatoes,202848,142408.745,60439.255000000005
Pakistan,Potatoes,202848,142732.66,60115.34
Pakistan,Potatoes,202848,142171.21,60676.79000000001
Pakistan,Potatoes,202848,142250.89,60597.109999999986
Pakistan,Potatoes,202848,138769.455,64078.54500000001
Pakistan,Potatoes,202848,142408.745,60439.255000000005
Pakistan,"Rice, paddy",35809,27163.135,8645.865000000002
Pakistan,"Rice, paddy",35809,27180.23,8628.77
Pakistan,"Rice, paddy",35809,27224.405,8584.595000000001
Pakistan,"Rice, paddy",35809,27180.23,8628.77
Pakistan,"Rice, paddy",35809,27224.405,8584.595000000001
Pakistan,"Rice, paddy",35809,27163.135,8645.865000000002
Pakistan,"Rice, paddy",35809,27195.765,8613.235
Pakistan,"Rice, paddy",35809,27173.555,8635.445
Pakistan,"Rice, paddy",35809,27180.23,8628.77
Pakistan,Sorghum,6204,5919.765,284.2349999999997
Pakistan,Sorghum,6204,5869.525,334.47500000000036
Pakistan,Sorghum,6204,6078.025,125.97500000000036
Pakistan,Sorghum,6204,5869.525,334.47500000000036
Pakistan,Sorghum,6204,5918.87,285.1300000000001
Pakistan,Sorghum,6204,5919.765,284.2349999999997
Pakistan,Sorghum,6204,5929.35,274.64999999999964
Pakistan,Sorghum,6204,6413.61,-209.60999999999967
Pakistan,Sorghum,6204,5869.525,334.47500000000036
Pakistan,Soybeans,6078,8763.985,-2685.9850000000006
Pakistan,Soybeans,6078,8785.3,-2707.2999999999993
Pakistan,Soybeans,6078,8881.07,-2803.0699999999997
Pakistan,Soybeans,6078,8785.3,-2707.2999999999993
Pakistan,Soybeans,6078,8861.38,-2783.379999999999
Pakistan,Soybeans,6078,8763.985,-2685.9850000000006
Pakistan,Soybeans,6078,8843.12,-2765.120000000001
Pakistan,Soybeans,6078,8583.9,-2505.8999999999996
Pakistan,Soybeans,6078,8785.3,-2707.2999999999993
Pakistan,Sweet potatoes,114254,98218.285,16035.714999999997
Pakistan,Sweet potatoes,114254,97729.62,16524.380000000005
Pakistan,Sweet potatoes,114254,98097.435,16156.565000000002
Pakistan,Sweet potatoes,114254,97729.62,16524.380000000005
Pakistan,Sweet potatoes,114254,98004.99,16249.009999999995
Pakistan,Sweet potatoes,114254,98218.285,16035.714999999997
Pakistan,Sweet potatoes,114254,98079.49,16174.509999999995
Pakistan,Sweet potatoes,114254,96984.265,17269.735
Pakistan,Sweet potatoes,114254,97729.62,16524.380000000005
Pakistan,Wheat,26568,21805.135,4762.865000000002
Pakistan,Wheat,26568,21725.835,4842.165000000001
Pakistan,Wheat,26568,21697.175,4870.825000000001
Pakistan,Wheat,26568,21725.835,4842.165000000001
Pakistan,Wheat,26568,21704.725,4863.2750000000015
Pakistan,Wheat,26568,21805.135,4762.865000000002
Pakistan,Wheat,26568,21700.775,4867.2249999999985
Pakistan,Wheat,26568,20748.41,5819.59
Pakistan,Wheat,26568,21725.835,4842.165000000001
Pakistan,Maize,38052,17579.29,20472.71
Pakistan,Maize,38052,17587.725,20464.275
Pakistan,Maize,38052,16053.735,21998.265
Pakistan,Maize,38052,17587.725,20464.275
Pakistan,Maize,38052,16015.98,22036.02
Pakistan,Maize,38052,17579.29,20472.71
Pakistan,Maize,38052,16154.85,21897.15
Pakistan,Maize,38052,17755.07,20296.93
Pakistan,Maize,38052,17587.725,20464.275
Pakistan,Potatoes,226823,141587.19,85235.81
Pakistan,Potatoes,226823,142640.62,84182.38
Pakistan,Potatoes,226823,143650.945,83172.055
Pakistan,Potatoes,226823,142640.62,84182.38
Pakistan,Potatoes,226823,143472.9,83350.1
Pakistan,Potatoes,226823,141587.19,85235.81
Pakistan,Potatoes,226823,143389.695,83433.305
Pakistan,Potatoes,226823,140950.745,85872.255
Pakistan,Potatoes,226823,142640.62,84182.38
Pakistan,"Rice, paddy",30588,27293.575,3294.4249999999993
Pakistan,"Rice, paddy",30588,27304.17,3283.8300000000017
Pakistan,"Rice, paddy",30588,27318.6,3269.4000000000015
Pakistan,"Rice, paddy",30588,27304.17,3283.8300000000017
Pakistan,"Rice, paddy",30588,27318.6,3269.4000000000015
Pakistan,"Rice, paddy",30588,27293.575,3294.4249999999993
Pakistan,"Rice, paddy",30588,27326.395,3261.6049999999996
Pakistan,"Rice, paddy",30588,27196.94,3391.0600000000013
Pakistan,"Rice, paddy",30588,27304.17,3283.8300000000017
Pakistan,Sorghum,6171,5800.505,370.4949999999999
Pakistan,Sorghum,6171,5752.435,418.5649999999996
Pakistan,Sorghum,6171,6008.595,162.40499999999975
Pakistan,Sorghum,6171,5752.435,418.5649999999996
Pakistan,Sorghum,6171,5840.055,330.9449999999997
Pakistan,Sorghum,6171,5800.505,370.4949999999999
Pakistan,Sorghum,6171,5841.84,329.15999999999985
Pakistan,Sorghum,6171,6460.86,-289.8599999999997
Pakistan,Sorghum,6171,5752.435,418.5649999999996
Pakistan,Soybeans,5730,9002.32,-3272.3199999999997
Pakistan,Soybeans,5730,8947.39,-3217.3899999999994
Pakistan,Soybeans,5730,9148.665,-3418.665000000001
Pakistan,Soybeans,5730,8947.39,-3217.3899999999994
Pakistan,Soybeans,5730,9128.975,-3398.9750000000004
Pakistan,Soybeans,5730,9002.32,-3272.3199999999997
Pakistan,Soybeans,5730,9088.45,-3358.4500000000007
Pakistan,Soybeans,5730,8712.03,-2982.0300000000007
Pakistan,Soybeans,5730,8947.39,-3217.3899999999994
Pakistan,Sweet potatoes,109417,98257.01,11159.990000000005
Pakistan,Sweet potatoes,109417,97979.41,11437.589999999997
Pakistan,Sweet potatoes,109417,98297.36,11119.64
Pakistan,Sweet potatoes,109417,97979.41,11437.589999999997
Pakistan,Sweet potatoes,109417,98227.52,11189.479999999996
Pakistan,Sweet potatoes,109417,98257.01,11159.990000000005
Pakistan,Sweet potatoes,109417,98297.85,11119.149999999994
Pakistan,Sweet potatoes,109417,85819.48,23597.520000000004
Pakistan,Sweet potatoes,109417,97979.41,11437.589999999997
Pakistan,Wheat,25528,22912.74,2615.2599999999984
Pakistan,Wheat,25528,22789.625,2738.375
Pakistan,Wheat,25528,22657.77,2870.2299999999996
Pakistan,Wheat,25528,22789.625,2738.375
Pakistan,Wheat,25528,22674.76,2853.2400000000016
Pakistan,Wheat,25528,22912.74,2615.2599999999984
Pakistan,Wheat,25528,22734.95,2793.0499999999993
Pakistan,Wheat,25528,21845.51,3682.4900000000016
Pakistan,Wheat,25528,22789.625,2738.375
Pakistan,Maize,39897,16510.385,23386.615
Pakistan,Maize,39897,16305.585,23591.415
Pakistan,Maize,39897,15558.1,24338.9
Pakistan,Maize,39897,16305.585,23591.415
Pakistan,Maize,39897,15652.175,24244.825
Pakistan,Maize,39897,16510.385,23386.615
Pakistan,Maize,39897,15505.93,24391.07
Pakistan,Maize,39897,17551.4,22345.6
Pakistan,Maize,39897,16305.585,23591.415
Pakistan,Potatoes,219196,143036.535,76159.465
Pakistan,Potatoes,219196,142595.19,76600.81
Pakistan,Potatoes,219196,144500.07,74695.93
Pakistan,Potatoes,219196,142595.19,76600.81
Pakistan,Potatoes,219196,144457.76,74738.23999999999
Pakistan,Potatoes,219196,143036.535,76159.465
Pakistan,Potatoes,219196,143591.8,75604.20000000001
Pakistan,Potatoes,219196,141539.895,77656.10500000001
Pakistan,Potatoes,219196,142595.19,76600.81
Pakistan,"Rice, paddy",35939,27693.135,8245.865000000002
Pakistan,"Rice, paddy",35939,27728.08,8210.919999999998
Pakistan,"Rice, paddy",35939,27711.95,8227.05
Pakistan,"Rice, paddy",35939,27728.08,8210.919999999998
Pakistan,"Rice, paddy",35939,27719.745,8219.255000000001
Pakistan,"Rice, paddy",35939,27693.135,8245.865000000002
Pakistan,"Rice, paddy",35939,27694.28,8244.720000000001
Pakistan,"Rice, paddy",35939,27427.72,8511.279999999999
Pakistan,"Rice, paddy",35939,27728.08,8210.919999999998
Pakistan,Sorghum,6417,5756.535,660.4650000000001
Pakistan,Sorghum,6417,5681.245,735.7550000000001
Pakistan,Sorghum,6417,5822.39,594.6099999999997
Pakistan,Sorghum,6417,5681.245,735.7550000000001
Pakistan,Sorghum,6417,5823.9,593.1000000000004
Pakistan,Sorghum,6417,5756.535,660.4650000000001
Pakistan,Sorghum,6417,5762.55,654.4499999999998
Pakistan,Sorghum,6417,6406.755,10.24499999999989
Pakistan,Sorghum,6417,5681.245,735.7550000000001
Pakistan,Soybeans,6953,9036.94,-2083.9400000000005
Pakistan,Soybeans,6953,8981.1,-2028.1000000000004
Pakistan,Soybeans,6953,9180.385,-2227.385
Pakistan,Soybeans,6953,8981.1,-2028.1000000000004
Pakistan,Soybeans,6953,9144.33,-2191.33
Pakistan,Soybeans,6953,9036.94,-2083.9400000000005
Pakistan,Soybeans,6953,9167.21,-2214.209999999999
Pakistan,Soybeans,6953,8872.405,-1919.4050000000007
Pakistan,Soybeans,6953,8981.1,-2028.1000000000004
Pakistan,Sweet potatoes,99623,97750.28,1872.7200000000012
Pakistan,Sweet potatoes,99623,97596.965,2026.0350000000035
Pakistan,Sweet potatoes,99623,98122.23,1500.770000000004
Pakistan,Sweet potatoes,99623,97596.965,2026.0350000000035
Pakistan,Sweet potatoes,99623,98215.255,1407.7449999999953
Pakistan,Sweet potatoes,99623,97750.28,1872.7200000000012
Pakistan,Sweet potatoes,99623,98155.2,1467.800000000003
Pakistan,Sweet potatoes,99623,82850.645,16772.354999999996
Pakistan,Sweet potatoes,99623,97596.965,2026.0350000000035
Pakistan,Wheat,28328,21808.21,6519.790000000001
Pakistan,Wheat,28328,21507.78,6820.220000000001
Pakistan,Wheat,28328,21945.13,6382.869999999999
Pakistan,Wheat,28328,21507.78,6820.220000000001
Pakistan,Wheat,28328,22018.405,6309.595000000001
Pakistan,Wheat,28328,21808.21,6519.790000000001
Pakistan,Wheat,28328,22021.86,6306.139999999999
Pakistan,Wheat,28328,20902.93,7425.07
Pakistan,Wheat,28328,21507.78,6820.220000000001
Pakistan,Maize,39830,17065.995,22764.005
Pakistan,Maize,39830,16881.195,22948.805
Pakistan,Maize,39830,16059.355,23770.645
Pakistan,Maize,39830,16881.195,22948.805
Pakistan,Maize,39830,16086.34,23743.66
Pakistan,Maize,39830,17065.995,22764.005
Pakistan,Maize,39830,16361.015,23468.985
Pakistan,Maize,39830,18054.43,21775.57
Pakistan,Maize,39830,16881.195,22948.805
Pakistan,Potatoes,183405,151936.37,31468.630000000005
Pakistan,Potatoes,183405,152494.345,30910.655
Pakistan,Potatoes,183405,150065.655,33339.345
Pakistan,Potatoes,183405,152494.345,30910.655
Pakistan,Potatoes,183405,150139.14,33265.859999999986
Pakistan,Potatoes,183405,151936.37,31468.630000000005
Pakistan,Potatoes,183405,149518.005,33886.994999999995
Pakistan,Potatoes,183405,141388.67,42016.32999999999
Pakistan,Potatoes,183405,152494.345,30910.655
Pakistan,"Rice, paddy",35966,19011.26,16954.74
Pakistan,"Rice, paddy",35966,17314.07,18651.93
Pakistan,"Rice, paddy",35966,19622.42,16343.580000000002
Pakistan,"Rice, paddy",35966,17314.07,18651.93
Pakistan,"Rice, paddy",35966,19570.975,16395.025
Pakistan,"Rice, paddy",35966,19011.26,16954.74
Pakistan,"Rice, paddy",35966,19264.895,16701.105
Pakistan,"Rice, paddy",35966,18990.65,16975.35
Pakistan,"Rice, paddy",35966,17314.07,18651.93
Pakistan,Sorghum,6203,5728.865,474.1350000000002
Pakistan,Sorghum,6203,5624.645,578.3549999999996
Pakistan,Sorghum,6203,5835.84,367.15999999999985
Pakistan,Sorghum,6203,5624.645,578.3549999999996
Pakistan,Sorghum,6203,5853.49,349.5100000000002
Pakistan,Sorghum,6203,5728.865,474.1350000000002
Pakistan,Sorghum,6203,5757.25,445.75
Pakistan,Sorghum,6203,7147.185,-944.1850000000004
Pakistan,Sorghum,6203,5624.645,578.3549999999996
Pakistan,Soybeans,7901,9010.55,-1109.5499999999993
Pakistan,Soybeans,7901,8925.8,-1024.7999999999993
Pakistan,Soybeans,7901,9144.025,-1243.0249999999996
Pakistan,Soybeans,7901,8925.8,-1024.7999999999993
Pakistan,Soybeans,7901,9107.505,-1206.5049999999992
Pakistan,Soybeans,7901,9010.55,-1109.5499999999993
Pakistan,Soybeans,7901,9055.62,-1154.6200000000008
Pakistan,Soybeans,7901,9770.365,-1869.3649999999998
Pakistan,Soybeans,7901,8925.8,-1024.7999999999993
Pakistan,Sweet potatoes,86553,97765.255,-11212.255000000005
Pakistan,Sweet potatoes,86553,96371.045,-9818.044999999998
Pakistan,Sweet potatoes,86553,98163.57,-11610.570000000007
Pakistan,Sweet potatoes,86553,96371.045,-9818.044999999998
Pakistan,Sweet potatoes,86553,98190.3,-11637.300000000003
Pakistan,Sweet potatoes,86553,97765.255,-11212.255000000005
Pakistan,Sweet potatoes,86553,98155.335,-11602.335000000006
Pakistan,Sweet potatoes,86553,85361.69,1191.3099999999977
Pakistan,Sweet potatoes,86553,96371.045,-9818.044999999998
Pakistan,Wheat,27138,19960.115,7177.884999999998
Pakistan,Wheat,27138,19595.79,7542.209999999999
Pakistan,Wheat,27138,20273.115,6864.884999999998
Pakistan,Wheat,27138,19595.79,7542.209999999999
Pakistan,Wheat,27138,20245.17,6892.830000000002
Pakistan,Wheat,27138,19960.115,7177.884999999998
Pakistan,Wheat,27138,20233.29,6904.709999999999
Pakistan,Wheat,27138,18749.655,8388.345000000001
Pakistan,Wheat,27138,19595.79,7542.209999999999
Pakistan,Maize,42313,9791.23,32521.77
Pakistan,Maize,42313,7797.955,34515.045
Pakistan,Maize,42313,10883.05,31429.95
Pakistan,Maize,42313,7797.955,34515.045
Pakistan,Maize,42313,9920.39,32392.61
Pakistan,Maize,42313,9791.23,32521.77
Pakistan,Maize,42313,10573.455,31739.545
Pakistan,Maize,42313,7686.655,34626.345
Pakistan,Maize,42313,7797.955,34515.045
Pakistan,Potatoes,218059,86859.68,131199.32
Pakistan,Potatoes,218059,89258.57,128800.43
Pakistan,Potatoes,218059,82978.89,135080.11
Pakistan,Potatoes,218059,89258.57,128800.43
Pakistan,Potatoes,218059,83249.285,134809.715
Pakistan,Potatoes,218059,86859.68,131199.32
Pakistan,Potatoes,218059,83538.81,134520.19
Pakistan,Potatoes,218059,97103.455,120955.545
Pakistan,Potatoes,218059,89258.57,128800.43
Pakistan,"Rice, paddy",37528,18369.135,19158.865
Pakistan,"Rice, paddy",37528,16054.77,21473.23
Pakistan,"Rice, paddy",37528,20158.735,17369.265
Pakistan,"Rice, paddy",37528,16054.77,21473.23
Pakistan,"Rice, paddy",37528,20199.87,17328.13
Pakistan,"Rice, paddy",37528,18369.135,19158.865
Pakistan,"Rice, paddy",37528,20220.72,17307.28
Pakistan,"Rice, paddy",37528,18774.975,18753.025
Pakistan,"Rice, paddy",37528,16054.77,21473.23
Pakistan,Sorghum,5987,6939.08,-952.0799999999999
Pakistan,Sorghum,5987,5464.975,522.0249999999996
Pakistan,Sorghum,5987,7030.925,-1043.9250000000002
Pakistan,Sorghum,5987,5464.975,522.0249999999996
Pakistan,Sorghum,5987,6983.18,-996.1800000000003
Pakistan,Sorghum,5987,6939.08,-952.0799999999999
Pakistan,Sorghum,5987,6954.235,-967.2349999999997
Pakistan,Sorghum,5987,6673.105,-686.1049999999996
Pakistan,Sorghum,5987,5464.975,522.0249999999996
Pakistan,Soybeans,7222,14700.305,-7478.305
Pakistan,Soybeans,7222,14200.41,-6978.41
Pakistan,Soybeans,7222,15596.935,-8374.935
Pakistan,Soybeans,7222,14200.41,-6978.41
Pakistan,Soybeans,7222,15132.575,-7910.575000000001
Pakistan,Soybeans,7222,14700.305,-7478.305
Pakistan,Soybeans,7222,15449.875,-8227.875
Pakistan,Soybeans,7222,10547.445,-3325.4449999999997
Pakistan,Soybeans,7222,14200.41,-6978.41
Pakistan,Sweet potatoes,88711,101566.29,-12855.289999999994
Pakistan,Sweet potatoes,88711,91615.66,-2904.6600000000035
Pakistan,Sweet potatoes,88711,102415.845,-13704.845000000001
Pakistan,Sweet potatoes,88711,91615.66,-2904.6600000000035
Pakistan,Sweet potatoes,88711,101073.285,-12362.285000000003
Pakistan,Sweet potatoes,88711,101566.29,-12855.289999999994
Pakistan,Sweet potatoes,88711,100744.815,-12033.815000000002
Pakistan,Sweet potatoes,88711,85875.31,2835.6900000000023
Pakistan,Sweet potatoes,88711,91615.66,-2904.6600000000035
Pakistan,Wheat,27957,16489.24,11467.759999999998
Pakistan,Wheat,27957,15005.24,12951.76
Pakistan,Wheat,27957,20885.985,7071.014999999999
Pakistan,Wheat,27957,15005.24,12951.76
Pakistan,Wheat,27957,17100.625,10856.375
Pakistan,Wheat,27957,16489.24,11467.759999999998
Pakistan,Wheat,27957,18494.66,9462.34
Pakistan,Wheat,27957,15118.725,12838.275
Pakistan,Wheat,27957,15005.24,12951.76
Papua New Guinea,Cassava,104167,105803.91,-1636.9100000000035
Papua New Guinea,Maize,52970,56797.305,-3827.3050000000003
Papua New Guinea,Potatoes,45134,45480.1,-346.09999999999854
Papua New Guinea,"Rice, paddy",19276,19579.065,-303.0649999999987
Papua New Guinea,Sorghum,29997,29700.535,296.46500000000015
Papua New Guinea,Sweet potatoes,47573,46152.37,1420.6299999999974
Papua New Guinea,Yams,175000,173996.165,1003.8349999999919
Papua New Guinea,Cassava,100000,106169.22,-6169.220000000001
Papua New Guinea,Maize,46154,56281.635,-10127.635000000002
Papua New Guinea,Potatoes,45189,44839.945,349.0550000000003
Papua New Guinea,"Rice, paddy",19266,19261.72,4.279999999998836
Papua New Guinea,Sorghum,31398,30598.18,799.8199999999997
Papua New Guinea,Sweet potatoes,50000,46876.805,3123.1949999999997
Papua New Guinea,Yams,168433,174160.01,-5727.010000000009
Papua New Guinea,Cassava,100000,105803.91,-5803.9100000000035
Papua New Guinea,Maize,46667,56797.305,-10130.305
Papua New Guinea,Potatoes,45000,45480.1,-480.09999999999854
Papua New Guinea,"Rice, paddy",19409,19632.265,-223.26499999999942
Papua New Guinea,Sorghum,32218,29700.535,2517.465
Papua New Guinea,Sweet potatoes,49514,46152.37,3361.6299999999974
Papua New Guinea,Yams,165714,173996.165,-8282.165000000008
Papua New Guinea,Cassava,100000,106164.65,-6164.649999999994
Papua New Guinea,Maize,45000,57228.66,-12228.660000000003
Papua New Guinea,Potatoes,46014,44363.385,1650.614999999998
Papua New Guinea,"Rice, paddy",19552,19333.75,218.25
Papua New Guinea,Sorghum,33136,29624.545,3511.4550000000017
Papua New Guinea,Sweet potatoes,50000,47557.755,2442.2450000000026
Papua New Guinea,Yams,165000,174301.73,-9301.73000000001
Papua New Guinea,Cassava,100000,106164.02,-6164.020000000004
Papua New Guinea,Maize,47059,56281.635,-9222.635000000002
Papua New Guinea,Potatoes,45000,44882.49,117.51000000000204
Papua New Guinea,"Rice, paddy",19694,19367.865,326.1349999999984
Papua New Guinea,Sorghum,34193,30541.47,3651.529999999999
Papua New Guinea,Sweet potatoes,50435,46965.29,3469.709999999999
Papua New Guinea,Yams,167568,174189.535,-6621.5350000000035
Papua New Guinea,Cassava,100000,106164.02,-6164.020000000004
Papua New Guinea,Maize,45455,56305.35,-10850.349999999999
Papua New Guinea,Potatoes,44545,44736.645,-191.6449999999968
Papua New Guinea,"Rice, paddy",19837,19362.055,474.9449999999997
Papua New Guinea,Sorghum,35000,29830.1,5169.9000000000015
Papua New Guinea,Sweet potatoes,50000,46986.64,3013.3600000000006
Papua New Guinea,Yams,165263,174189.535,-8926.535000000003
Papua New Guinea,Cassava,100000,106164.65,-6164.649999999994
Papua New Guinea,Maize,47718,57242.89,-9524.89
Papua New Guinea,Potatoes,47512,44408.205,3103.7949999999983
Papua New Guinea,"Rice, paddy",19979,19349.785,629.2150000000001
Papua New Guinea,Sorghum,38182,29619.8,8562.2
Papua New Guinea,Sweet potatoes,49583,48664.805,918.1949999999997
Papua New Guinea,Yams,165128,174213.82,-9085.820000000007
Papua New Guinea,Cassava,99665,105803.91,-6138.9100000000035
Papua New Guinea,Maize,50000,56844.345,-6844.345000000001
Papua New Guinea,Potatoes,48585,45352.905,3232.095000000001
Papua New Guinea,"Rice, paddy",20122,19937.97,184.02999999999884
Papua New Guinea,Sorghum,38584,29683.65,8900.349999999999
Papua New Guinea,Sweet potatoes,49994,43455.895,6538.105000000003
Papua New Guinea,Yams,171053,174038.76,-2985.7600000000093
Papua New Guinea,Cassava,99179,106164.02,-6985.020000000004
Papua New Guinea,Maize,57778,56305.35,1472.6500000000015
Papua New Guinea,Potatoes,50272,44736.645,5535.355000000003
Papua New Guinea,"Rice, paddy",20264,19362.055,901.9449999999997
Papua New Guinea,Sorghum,37895,29830.1,8064.9000000000015
Papua New Guinea,Sweet potatoes,50469,46986.64,3482.3600000000006
Papua New Guinea,Yams,174359,174189.535,169.4649999999965
Papua New Guinea,Cassava,98926,106164.65,-7238.649999999994
Papua New Guinea,Maize,47619,56323.2,-8704.199999999997
Papua New Guinea,Potatoes,52632,44749.3,7882.699999999997
Papua New Guinea,"Rice, paddy",20407,19356.985,1050.0149999999994
Papua New Guinea,Sorghum,38338,29670.36,8667.64
Papua New Guinea,Sweet potatoes,50681,46983.09,3697.9100000000035
Papua New Guinea,Yams,172500,174214.59,-1714.5899999999965
Papua New Guinea,Cassava,98663,105803.91,-7140.9100000000035
Papua New Guinea,Maize,54545,56841.875,-2296.875
Papua New Guinea,Potatoes,61538,45607.27,15930.730000000003
Papua New Guinea,"Rice, paddy",20549,19579.065,969.9350000000013
Papua New Guinea,Sorghum,39020,29703.055,9316.945
Papua New Guinea,Sweet potatoes,50887,46152.37,4734.629999999997
Papua New Guinea,Yams,175000,173994.715,1005.2850000000035
Peru,Cassava,107337,108034.285,-697.2850000000035
Peru,Maize,26708,27152.54,-444.5400000000009
Peru,Plantains and others,122667,121061.115,1605.8849999999948
Peru,Potatoes,121751,129745.84,-7994.8399999999965
Peru,"Rice, paddy",66876,65723.4,1152.6000000000058
Peru,Sorghum,20000,32439.435,-12439.435000000001
Peru,Soybeans,16193,16264.23,-71.22999999999956
Peru,Sweet potatoes,161331,158609.625,2721.375
Peru,Wheat,13456,14098.125,-642.125
Peru,Cassava,110717,108017.81,2699.1900000000023
Peru,Maize,26734,27070.445,-336.4449999999997
Peru,Plantains and others,119010,123023.57,-4013.570000000007
Peru,Potatoes,121901,133401.34,-11500.339999999997
Peru,"Rice, paddy",64401,65490.805,-1089.8050000000003
Peru,Sorghum,28286,31969.93,-3683.9300000000003
Peru,Soybeans,16316,15201.335,1114.6650000000009
Peru,Sweet potatoes,157317,158320.045,-1003.0450000000128
Peru,Wheat,13872,13798.545,73.45499999999993
Peru,Cassava,108392,108170.715,221.2850000000035
Peru,Maize,26289,26344.56,-55.56000000000131
Peru,Plantains and others,119628,122537.115,-2909.1150000000052
Peru,Potatoes,124584,141450.17,-16866.170000000013
Peru,"Rice, paddy",68971,65467.925,3503.074999999997
Peru,Sorghum,24839,26229.675,-1390.6749999999993
Peru,Soybeans,15354,15699.0,-345.0
Peru,Sweet potatoes,163495,159792.065,3702.9349999999977
Peru,Wheat,13440,13701.26,-261.2600000000002
Peru,Cassava,111287,110895.415,391.5850000000064
Peru,Maize,27129,29564.155,-2435.154999999999
Peru,Plantains and others,123128,120976.19,2151.8099999999977
Peru,Potatoes,124533,147737.525,-23204.524999999994
Peru,"Rice, paddy",68732,64378.95,4353.050000000003
Peru,Sorghum,53289,34158.76,19130.239999999998
Peru,Soybeans,15705,17544.72,-1839.7200000000012
Peru,Sweet potatoes,176596,155977.815,20618.184999999998
Peru,Wheat,13360,14640.04,-1280.0400000000009
Peru,Cassava,111848,107528.64,4319.360000000001
Peru,Maize,28371,26458.5,1912.5
Peru,Plantains and others,124107,122349.94,1757.0599999999977
Peru,Potatoes,126342,138388.415,-12046.415000000008
Peru,"Rice, paddy",66817,64298.67,2518.3300000000017
Peru,Sorghum,24091,28799.835,-4708.834999999999
Peru,Soybeans,15572,15544.42,27.579999999999927
Peru,Sweet potatoes,164704,163382.115,1321.8850000000093
Peru,Wheat,12562,14022.485,-1460.4850000000006
Peru,Cassava,113363,110591.145,2771.854999999996
Peru,Maize,29673,28510.315,1162.6850000000013
Peru,Plantains and others,119548,121092.085,-1544.0850000000064
Peru,Potatoes,129138,140815.8,-11677.799999999988
Peru,"Rice, paddy",73089,64774.195,8314.805
Peru,Sorghum,32895,32311.29,583.7099999999991
Peru,Soybeans,16907,15880.815,1026.1849999999995
Peru,Sweet potatoes,156567,157649.95,-1082.9500000000116
Peru,Wheat,13839,14359.865,-520.8649999999998
Peru,Cassava,116481,108143.185,8337.815000000002
Peru,Maize,30290,28195.9,2094.0999999999985
Peru,Plantains and others,119284,122474.2,-3190.199999999997
Peru,Potatoes,133353,141712.105,-8359.10500000001
Peru,"Rice, paddy",73926,65117.36,8808.64
Peru,Sorghum,38250,32347.7,5902.299999999999
Peru,Soybeans,17214,16618.93,595.0699999999997
Peru,Sweet potatoes,164141,156567.51,7573.489999999991
Peru,Wheat,14315,14363.255,-48.2549999999992
Peru,Cassava,117650,115162.855,2487.145000000004
Peru,Maize,30999,29286.81,1712.1899999999987
Peru,Plantains and others,128578,89792.37,38785.630000000005
Peru,Potatoes,131588,136245.975,-4657.975000000006
Peru,"Rice, paddy",72850,64125.085,8724.915
Peru,Sorghum,29412,27172.685,2239.3149999999987
Peru,Soybeans,17758,14838.985,2919.0149999999994
Peru,Sweet potatoes,167924,158335.25,9588.75
Peru,Wheat,14224,13951.74,272.2600000000002
Peru,Cassava,118328,115076.88,3251.1199999999953
Peru,Maize,31866,28966.035,2899.965
Peru,Plantains and others,132389,89019.01,43369.990000000005
Peru,Potatoes,137379,135997.715,1381.2850000000035
Peru,"Rice, paddy",72980,64130.73,8849.269999999997
Peru,Sorghum,33571,27186.025,6384.9749999999985
Peru,Soybeans,18091,15494.565,2596.4349999999995
Peru,Sweet potatoes,180910,156975.055,23934.945000000007
Peru,Wheat,14719,13994.36,724.6399999999994
Peru,Cassava,121015,116735.865,4279.134999999995
Peru,Maize,33084,27776.47,5307.529999999999
Peru,Plantains and others,137377,92114.45,45262.55
Peru,Potatoes,143316,137609.69,5706.309999999998
Peru,"Rice, paddy",77851,62062.775,15788.224999999999
Peru,Sorghum,35629,32997.785,2631.2149999999965
Peru,Soybeans,18212,16145.265,2066.7350000000006
Peru,Sweet potatoes,174591,153923.61,20667.390000000014
Peru,Wheat,14891,15096.075,-205.07500000000073
Peru,Cassava,121025,115457.48,5567.520000000004
Peru,Maize,32686,28643.355,4042.6450000000004
Peru,Plantains and others,128177,88030.925,40146.075
Peru,Potatoes,144125,130348.075,13776.925000000003
Peru,"Rice, paddy",77112,63934.85,13177.150000000001
Peru,Sorghum,38171,27356.365,10814.634999999998
Peru,Soybeans,17893,15393.775,2499.2250000000004
Peru,Sweet potatoes,183363,156895.245,26467.755000000005
Peru,Wheat,14976,14163.715,812.2849999999999
Poland,Maize,61563,51297.315,10265.684999999998
Poland,Potatoes,193220,170766.705,22453.295000000013
Poland,Wheat,38539,33933.845,4605.154999999999
Poland,Maize,56935,58686.07,-1751.0699999999997
Poland,Potatoes,196266,184231.715,12034.285000000003
Poland,Soybeans,16007,19015.19,-3008.1899999999987
Poland,Wheat,42811,35246.14,7564.860000000001
Poland,Maize,57329,51392.765,5936.235000000001
Poland,Potatoes,176293,172382.815,3910.1849999999977
Poland,Soybeans,11284,18849.035,-7565.035
Poland,Wheat,39545,30527.335,9017.665
Poland,Maize,41609,50513.09,-8904.089999999997
Poland,Potatoes,150394,168342.72,-17948.72
Poland,Soybeans,11429,18634.98,-7205.98
Poland,Wheat,32447,28646.12,3800.880000000001
Poland,Maize,65743,49816.545,15926.455000000002
Poland,Potatoes,207006,189467.655,17538.345
Poland,Soybeans,15813,19438.185,-3625.1850000000013
Poland,Wheat,39381,28184.815,11196.185000000001
Poland,Maize,58149,49820.23,8328.769999999997
Poland,Potatoes,190607,191697.68,-1090.679999999993
Poland,Soybeans,15224,20175.32,-4951.32
Poland,Wheat,40716,28268.905,12447.095000000001
Poland,Maize,62262,49339.46,12922.54
Poland,Potatoes,191018,181418.565,9599.434999999998
Poland,Soybeans,16457,18713.78,-2256.779999999999
Poland,Wheat,41725,28564.475,13160.525000000001
Poland,Maize,59824,51157.14,8666.86
Poland,Potatoes,210838,194786.765,16051.234999999986
Poland,Soybeans,13757,19416.21,-5659.209999999999
Poland,Wheat,44290,29384.58,14905.419999999998
Poland,Maize,71770,48793.525,22976.475
Poland,Potatoes,230338,185096.945,45241.05499999999
Poland,Soybeans,15913,19161.985,-3248.9850000000006
Poland,Wheat,41348,28928.025,12419.974999999999
Poland,Maize,73481,48854.64,24626.36
Poland,Potatoes,243751,185290.58,58460.42000000001
Poland,Soybeans,17076,19216.485,-2140.4850000000006
Poland,Wheat,41438,29125.74,12312.259999999998
Poland,Maize,65761,49064.725,16696.275
Poland,Potatoes,210624,192888.105,17735.89499999999
Poland,Wheat,44367,28677.905,15689.095000000001
Portugal,Maize,57285,56392.42,892.5800000000017
Portugal,Potatoes,161642,151540.45,10101.549999999988
Portugal,"Rice, paddy",57862,59366.78,-1504.7799999999988
Portugal,Sweet potatoes,82168,88581.12,-6413.119999999995
Portugal,Wheat,17904,12246.49,5657.51
Portugal,Yams,150154,146522.37,3631.6300000000047
Portugal,Maize,57869,56638.615,1230.385000000002
Portugal,Potatoes,169935,145570.535,24364.464999999997
Portugal,"Rice, paddy",58527,59417.46,-890.4599999999991
Portugal,Sweet potatoes,81356,88521.94,-7165.940000000002
Portugal,Wheat,15625,12426.25,3198.75
Portugal,Yams,155006,149233.62,5772.380000000005
Portugal,Maize,46805,56253.02,-9448.019999999997
Portugal,Potatoes,147282,147087.63,194.36999999999534
Portugal,"Rice, paddy",55044,59725.575,-4681.574999999997
Portugal,Sweet potatoes,82279,90589.145,-8310.145000000004
Portugal,Wheat,6644,11825.78,-5181.780000000001
Portugal,Yams,156771,150676.865,6094.135000000009
Portugal,Maize,52885,55465.35,-2580.3499999999985
Portugal,Potatoes,161059,147621.235,13437.765000000014
Portugal,"Rice, paddy",58551,59260.61,-709.6100000000006
Portugal,Sweet potatoes,78125,93375.77,-15250.770000000004
Portugal,Wheat,23847,12225.8,11621.2
Portugal,Yams,166667,146586.27,20080.73000000001
Portugal,Maize,58412,57138.365,1273.635000000002
Portugal,Potatoes,167685,159482.895,8202.10500000001
Portugal,"Rice, paddy",58062,59617.17,-1555.1699999999983
Portugal,Sweet potatoes,78788,86671.515,-7883.514999999999
Portugal,Wheat,18630,14539.885,4090.115
Portugal,Yams,165625,145301.53,20323.47
Portugal,Maize,63278,56872.365,6405.635000000002
Portugal,Potatoes,157519,157990.405,-471.40499999999884
Portugal,"Rice, paddy",57219,59552.775,-2333.7750000000015
Portugal,Sweet potatoes,79412,87780.05,-8368.050000000003
Portugal,Wheat,23028,14574.42,8453.58
Portugal,Yams,163636,145301.53,18334.47
Portugal,Maize,66936,52549.735,14386.265
Portugal,Potatoes,164431,148287.65,16143.350000000006
Portugal,"Rice, paddy",56818,59436.94,-2618.9400000000023
Portugal,Sweet potatoes,132882,97978.86,34903.14
Portugal,Wheat,17008,12178.46,4829.540000000001
Portugal,Yams,163683,150106.715,13576.285000000003
Portugal,Maize,69295,52866.53,16428.47
Portugal,Potatoes,150341,147487.645,2853.3550000000105
Portugal,"Rice, paddy",58453,60001.7,-1548.699999999997
Portugal,Sweet potatoes,183175,96866.29,86308.71
Portugal,Wheat,14305,12026.915,2278.084999999999
Portugal,Yams,165605,147469.435,18135.565000000002
Portugal,Maize,81040,52549.735,28490.265
Portugal,Potatoes,147088,146053.955,1034.0450000000128
Portugal,"Rice, paddy",58855,60617.88,-1762.8799999999974
Portugal,Sweet potatoes,253007,97380.255,155626.745
Portugal,Wheat,12002,12191.57,-189.5699999999997
Portugal,Yams,167204,150189.74,17014.26000000001
Portugal,Maize,83042,51263.56,31778.440000000002
Portugal,Potatoes,177890,146877.93,31012.070000000007
Portugal,"Rice, paddy",59995,59843.49,151.51000000000204
Portugal,Sweet potatoes,213756,92488.31,121267.69
Portugal,Wheat,10766,13723.215,-2957.215
Portugal,Yams,165217,126109.965,39107.035
Portugal,Maize,83149,44790.135,38358.865
Portugal,Potatoes,182243,153841.85,28401.149999999994
Portugal,"Rice, paddy",59699,59228.645,470.3550000000032
Portugal,Sweet potatoes,224367,96636.2,127730.8
Portugal,Wheat,17635,13749.29,3885.709999999999
Portugal,Yams,169492,103620.995,65871.005
Qatar,Maize,124627,124345.23,281.7700000000041
Qatar,Potatoes,75000,85199.385,-10199.384999999995
Qatar,Wheat,22727,24259.265,-1532.2649999999994
Qatar,Maize,126304,124325.39,1978.6100000000006
Qatar,Potatoes,80000,86466.115,-6466.115000000005
Qatar,Wheat,24444,24247.565,196.4350000000013
Qatar,Maize,124776,124327.83,448.16999999999825
Qatar,Potatoes,95169,86613.265,8555.735
Qatar,Wheat,23333,24244.11,-911.1100000000006
Qatar,Maize,118571,124330.655,-5759.654999999999
Qatar,Potatoes,103333,86613.265,16719.735
Qatar,Wheat,20000,24244.065,-4244.064999999999
Qatar,Maize,181429,124345.23,57083.770000000004
Qatar,Potatoes,100000,85199.385,14800.615000000005
Qatar,Wheat,23188,24259.265,-1071.2649999999994
Qatar,Maize,181429,124362.935,57066.065
Qatar,Potatoes,100000,86912.135,13087.865000000005
Qatar,Wheat,30000,24240.825,5759.174999999999
Qatar,Maize,192857,124325.39,68531.61
Qatar,Potatoes,110000,86466.115,23533.884999999995
Qatar,Wheat,23333,24247.565,-914.5649999999987
Qatar,Maize,207556,124013.36,83542.64
Qatar,Potatoes,92000,91293.735,706.2649999999994
Qatar,Wheat,22500,24258.93,-1758.9300000000003
Qatar,Maize,125556,124345.23,1210.770000000004
Qatar,Potatoes,180000,85199.385,94800.615
Qatar,Wheat,23636,24259.265,-623.2649999999994
Qatar,Maize,124894,123985.715,908.2850000000035
Qatar,Potatoes,120000,85863.465,34136.535
Qatar,Wheat,22857,24255.78,-1398.7799999999988
Qatar,Maize,124845,124013.36,831.6399999999994
Qatar,Potatoes,109298,85763.465,23534.535000000003
Qatar,Wheat,22632,24258.93,-1626.9300000000003
Romania,Maize,30421,28167.465,2253.535
Romania,Potatoes,144401,137979.64,6421.359999999986
Romania,"Rice, paddy",12839,19696.69,-6857.689999999999
Romania,Sorghum,14190,14101.255,88.7450000000008
Romania,Soybeans,20909,14298.93,6610.07
Romania,Wheat,20580,27657.825,-7077.825000000001
Romania,Maize,45497,27777.36,17719.64
Romania,Potatoes,166540,137318.035,29221.964999999997
Romania,"Rice, paddy",40056,22378.71,17677.29
Romania,Sorghum,37611,14454.19,23156.809999999998
Romania,Soybeans,26595,14502.34,12092.66
Romania,Wheat,34775,28075.535,6699.465
Romania,Maize,39816,27948.605,11867.395
Romania,Potatoes,131035,135681.325,-4646.325000000012
Romania,"Rice, paddy",41989,22960.465,19028.535
Romania,Sorghum,25291,14764.525,10526.475
Romania,Soybeans,23922,14666.32,9255.68
Romania,Wheat,29985,28353.885,1631.1150000000016
Romania,Maize,35754,27801.015,7952.985000000001
Romania,Potatoes,141860,137318.925,4541.075000000012
Romania,"Rice, paddy",32993,22378.71,10614.29
Romania,Sorghum,17986,14454.19,3531.8099999999995
Romania,Soybeans,19434,14502.34,4931.66
Romania,Wheat,27737,28075.535,-338.53499999999985
Romania,Maize,17030,26106.895,-9076.895
Romania,Potatoes,136211,132436.365,3774.6350000000093
Romania,"Rice, paddy",34023,25370.085,8652.915
Romania,Sorghum,13345,14203.335,-858.3349999999991
Romania,Soybeans,12450,13140.27,-690.2700000000004
Romania,Wheat,16100,25881.895,-9781.895
Romania,Maize,32271,25812.65,6458.3499999999985
Romania,Potatoes,140485,133401.655,7083.345000000001
Romania,"Rice, paddy",49326,21482.445,27843.555
Romania,Sorghum,26348,14343.24,12004.76
Romania,Soybeans,19633,12580.02,7052.98
Romania,Wheat,34222,26064.055,8157.945
Romania,Maize,34169,25904.8,8264.2
Romania,Potatoes,153812,135120.45,18691.54999999999
Romania,"Rice, paddy",54262,21356.325,32905.675
Romania,Sorghum,23758,14266.185,9491.815
Romania,Soybeans,17465,12572.305,4892.695
Romania,Wheat,24305,26035.055,-1730.0550000000003
Romania,Maize,43176,28543.515,14632.485
Romania,Potatoes,132960,139446.335,-6486.334999999992
Romania,"Rice, paddy",49656,19126.445,30529.555
Romania,Sorghum,19918,14376.45,5541.549999999999
Romania,Soybeans,23641,15087.075,8553.925
Romania,Wheat,27000,28219.375,-1219.375
Romania,Maize,45292,27982.395,17309.605
Romania,Potatoes,164154,136191.46,27962.540000000008
Romania,"Rice, paddy",51504,23369.005,28134.995
Romania,Sorghum,31313,14642.85,16670.15
Romania,Soybeans,19849,14565.47,5283.530000000001
Romania,Wheat,36650,28205.515,8444.485
Romania,Maize,21870,28386.945,-6516.945
Romania,Potatoes,107623,134480.1,-26857.100000000006
Romania,"Rice, paddy",44995,20918.585,24076.415
Romania,Sorghum,19335,14463.575,4871.424999999999
Romania,Soybeans,13388,14295.195,-907.1949999999997
Romania,Wheat,26593,27309.205,-716.2050000000017
Romania,Maize,44941,37065.515,7875.485000000001
Romania,Potatoes,158462,135309.55,23152.45000000001
Romania,"Rice, paddy",47194,35086.855,12107.144999999997
Romania,Sorghum,23726,16919.99,6806.009999999998
Romania,Soybeans,22242,13199.3,9042.7
Romania,Wheat,34786,25574.63,9211.369999999999
Rwanda,Cassava,79036,61310.545,17725.455
Rwanda,Maize,8763,9701.43,-938.4300000000003
Rwanda,Potatoes,83133,74281.945,8851.054999999993
Rwanda,"Rice, paddy",32658,25270.72,7387.279999999999
Rwanda,Sorghum,10730,9965.73,764.2700000000004
Rwanda,Soybeans,5461,5646.98,-185.97999999999956
Rwanda,Sweet potatoes,66149,56147.405,10001.595000000001
Rwanda,Wheat,6171,8209.175,-2038.1749999999993
Rwanda,Yams,40000,39265.215,734.7850000000035
Rwanda,Cassava,57198,61878.8,-4680.800000000003
Rwanda,Maize,7670,10313.64,-2643.6399999999994
Rwanda,Potatoes,80407,74651.82,5755.179999999993
Rwanda,"Rice, paddy",37964,24476.81,13487.189999999999
Rwanda,Sorghum,9134,9630.265,-496.2649999999994
Rwanda,Soybeans,4972,6121.73,-1149.7299999999996
Rwanda,Sweet potatoes,55700,54704.515,995.4850000000006
Rwanda,Wheat,7987,7852.67,134.32999999999993
Rwanda,Yams,45455,37025.095,8429.904999999999
Rwanda,Cassava,67561,65089.035,2471.9649999999965
Rwanda,Maize,8889,12228.545,-3339.545
Rwanda,Potatoes,96891,77834.165,19056.835000000006
Rwanda,"Rice, paddy",44673,27510.29,17162.71
Rwanda,Sorghum,11586,10472.065,1113.9349999999995
Rwanda,Soybeans,5627,6244.69,-617.6899999999996
Rwanda,Sweet potatoes,59629,54602.235,5026.764999999999
Rwanda,Wheat,9083,8431.83,651.1700000000001
Rwanda,Yams,47826,38066.265,9759.735
Rwanda,Cassava,64378,62684.79,1693.2099999999991
Rwanda,Maize,8531,12646.62,-4115.620000000001
Rwanda,Potatoes,91740,111669.26,-19929.259999999995
Rwanda,"Rice, paddy",44843,29228.155,15614.845000000001
Rwanda,Sorghum,11003,10844.92,158.07999999999993
Rwanda,Soybeans,6406,7006.875,-600.875
Rwanda,Sweet potatoes,57251,55139.055,2111.9449999999997
Rwanda,Wheat,8510,9570.01,-1060.0100000000002
Rwanda,Yams,49419,38129.315,11289.684999999998
Rwanda,Cassava,54550,61562.37,-7012.370000000003
Rwanda,Maize,7201,12493.895,-5292.895
Rwanda,Potatoes,77618,132347.715,-54729.715
Rwanda,"Rice, paddy",41320,29098.26,12221.740000000002
Rwanda,Sorghum,10103,10246.575,-143.57500000000073
Rwanda,Soybeans,7926,6816.815,1109.1850000000004
Rwanda,Sweet potatoes,56993,55153.715,1839.2850000000035
Rwanda,Wheat,8948,9875.03,-927.0300000000007
Rwanda,Yams,48020,37932.31,10087.690000000002
Rwanda,Cassava,103117,58468.075,44648.925
Rwanda,Maize,11515,12399.39,-884.3899999999994
Rwanda,Potatoes,91329,121094.96,-29765.960000000006
Rwanda,"Rice, paddy",44432,29052.69,15379.310000000001
Rwanda,Sorghum,10055,10124.815,-69.81500000000051
Rwanda,Soybeans,8248,6693.8,1554.1999999999998
Rwanda,Sweet potatoes,55168,55030.745,137.25499999999738
Rwanda,Wheat,12968,9763.55,3204.4500000000007
Rwanda,Yams,45817,37874.245,7942.754999999997
Rwanda,Cassava,112077,60545.42,51531.58
Rwanda,Maize,19503,19272.865,230.1349999999984
Rwanda,Potatoes,102216,150063.91,-47847.91
Rwanda,"Rice, paddy",56178,29196.545,26981.455
Rwanda,Sorghum,11928,11468.52,459.47999999999956
Rwanda,Soybeans,8215,10745.225,-2530.2250000000004
Rwanda,Sweet potatoes,65099,47593.81,17505.190000000002
Rwanda,Wheat,17079,15832.365,1246.6350000000002
Rwanda,Yams,52001,39008.465,12992.535000000003
Rwanda,Cassava,120430,61317.805,59112.195
Rwanda,Maize,23416,19459.26,3956.7400000000016
Rwanda,Potatoes,118679,149557.3,-30878.29999999999
Rwanda,"Rice, paddy",51833,27860.475,23972.525
Rwanda,Sorghum,12088,11032.0,1056.0
Rwanda,Soybeans,7890,10364.47,-2474.4699999999993
Rwanda,Sweet potatoes,74877,48121.48,26755.519999999997
Rwanda,Wheat,15631,15119.44,511.5599999999995
Rwanda,Yams,71523,39155.605,32367.394999999997
Rwanda,Cassava,122765,63157.65,59607.35
Rwanda,Maize,23529,9899.54,13629.46
Rwanda,Potatoes,128118,79535.895,48582.104999999996
Rwanda,"Rice, paddy",55195,28728.615,26466.385
Rwanda,Sorghum,12714,9404.855,3309.1450000000004
Rwanda,Soybeans,7800,5771.095,2028.9049999999997
Rwanda,Sweet potatoes,80541,55102.02,25438.980000000003
Rwanda,Wheat,20478,8529.08,11948.92
Rwanda,Yams,66757,37105.85,29651.15
Rwanda,Cassava,149026,60403.57,88622.43
Rwanda,Maize,22587,19427.255,3159.744999999999
Rwanda,Potatoes,141869,146820.325,-4951.325000000012
Rwanda,"Rice, paddy",57193,26829.385,30363.615
Rwanda,Sorghum,14277,11227.845,3049.1550000000007
Rwanda,Soybeans,5862,9695.88,-3833.879999999999
Rwanda,Sweet potatoes,91903,48270.04,43632.96
Rwanda,Wheat,21680,14739.155,6940.844999999999
Rwanda,Yams,77498,39337.545,38160.455
Rwanda,Cassava,157657,61523.965,96133.035
Rwanda,Maize,22845,20200.19,2644.8100000000013
Rwanda,Potatoes,136056,142849.38,-6793.380000000005
Rwanda,"Rice, paddy",53362,32006.205,21355.795
Rwanda,Sorghum,14433,11216.745,3216.254999999999
Rwanda,Soybeans,6755,13311.59,-6556.59
Rwanda,Sweet potatoes,96163,48369.075,47793.925
Rwanda,Wheat,19924,18240.65,1683.3499999999985
Rwanda,Yams,154700,39008.465,115691.535
Saudi Arabia,Maize,36432,44669.34,-8237.339999999997
Saudi Arabia,Maize,36432,45388.27,-8956.269999999997
Saudi Arabia,Potatoes,228648,237202.0,-8554.0
Saudi Arabia,Potatoes,228648,233778.465,-5130.4649999999965
Saudi Arabia,Sorghum,14482,14045.505,436.4950000000008
Saudi Arabia,Sorghum,14482,14043.18,438.8199999999997
Saudi Arabia,Wheat,48875,47855.755,1019.2450000000026
Saudi Arabia,Wheat,48875,47826.475,1048.5250000000015
Saudi Arabia,Maize,38514,45794.81,-7280.809999999998
Saudi Arabia,Maize,38514,45282.825,-6768.824999999997
Saudi Arabia,Potatoes,260589,236491.52,24097.48000000001
Saudi Arabia,Potatoes,260589,233742.3,26846.70000000001
Saudi Arabia,Sorghum,21858,14408.86,7449.139999999999
Saudi Arabia,Sorghum,21858,14271.7,7586.299999999999
Saudi Arabia,Wheat,53066,47866.595,5199.404999999999
Saudi Arabia,Wheat,53066,47824.01,5241.989999999998
Saudi Arabia,Maize,37301,45628.225,-8327.224999999999
Saudi Arabia,Maize,37301,45523.08,-8222.080000000002
Saudi Arabia,Potatoes,243565,233145.325,10419.674999999988
Saudi Arabia,Potatoes,243565,232589.07,10975.929999999993
Saudi Arabia,Sorghum,19751,14514.53,5236.469999999999
Saudi Arabia,Sorghum,19751,14488.6,5262.4
Saudi Arabia,Wheat,54175,47871.265,6303.735000000001
Saudi Arabia,Wheat,54175,47895.975,6279.0250000000015
Saudi Arabia,Maize,58203,45523.08,12679.919999999998
Saudi Arabia,Maize,58203,45417.635,12785.364999999998
Saudi Arabia,Potatoes,242031,232129.775,9901.225000000006
Saudi Arabia,Potatoes,242031,232093.61,9937.390000000014
Saudi Arabia,Sorghum,23933,14491.135,9441.865
Saudi Arabia,Sorghum,23933,14482.605,9450.395
Saudi Arabia,Wheat,56172,47880.55,8291.449999999997
Saudi Arabia,Wheat,56172,47878.085,8293.915
Saudi Arabia,Maize,56250,44782.11,11467.89
Saudi Arabia,Maize,56250,45628.225,10621.775000000001
Saudi Arabia,Potatoes,235025,235136.495,-111.49499999999534
Saudi Arabia,Potatoes,235025,233011.65,2013.3500000000058
Saudi Arabia,Sorghum,24271,14480.695,9790.305
Saudi Arabia,Sorghum,24271,14508.755,9762.245
Saudi Arabia,Wheat,56844,47986.605,8857.394999999997
Saudi Arabia,Wheat,56844,47871.265,8972.735
Saudi Arabia,Maize,56427,44893.15,11533.849999999999
Saudi Arabia,Maize,56427,45417.635,11009.364999999998
Saudi Arabia,Potatoes,249332,235381.46,13950.540000000008
Saudi Arabia,Potatoes,249332,232231.935,17100.065000000002
Saudi Arabia,Sorghum,24325,14471.89,9853.11
Saudi Arabia,Sorghum,24325,14482.605,9842.395
Saudi Arabia,Wheat,60877,47909.83,12967.169999999998
Saudi Arabia,Wheat,60877,47878.085,12998.915
Saudi Arabia,Maize,54742,43049.135,11692.864999999998
Saudi Arabia,Maize,54742,42971.44,11770.559999999998
Saudi Arabia,Potatoes,251423,235348.29,16074.709999999992
Saudi Arabia,Potatoes,251423,235071.305,16351.695000000007
Saudi Arabia,Sorghum,26312,14541.8,11770.2
Saudi Arabia,Sorghum,26312,14414.605,11897.395
Saudi Arabia,Wheat,58833,47686.67,11146.330000000002
Saudi Arabia,Wheat,58833,47884.46,10948.54
Saudi Arabia,Maize,53096,48381.77,4714.230000000003
Saudi Arabia,Maize,53096,49640.01,3455.989999999998
Saudi Arabia,Potatoes,260575,237464.0,23111.0
Saudi Arabia,Potatoes,260575,237464.0,23111.0
Saudi Arabia,Sorghum,25974,18161.265,7812.735000000001
Saudi Arabia,Sorghum,25974,19934.055,6039.945
Saudi Arabia,Wheat,61474,46198.985,15275.015
Saudi Arabia,Wheat,61474,45679.915,15794.085
Saudi Arabia,Maize,59958,45874.44,14083.559999999998
Saudi Arabia,Maize,59958,45266.97,14691.029999999999
Saudi Arabia,Potatoes,248330,237766.695,10563.304999999993
Saudi Arabia,Potatoes,248330,235454.425,12875.575000000012
Saudi Arabia,Sorghum,26372,14661.655,11710.345
Saudi Arabia,Sorghum,26372,14450.005,11921.995
Saudi Arabia,Wheat,61429,47819.315,13609.684999999998
Saudi Arabia,Wheat,61429,47764.69,13664.309999999998
Saudi Arabia,Maize,60135,45603.45,14531.550000000003
Saudi Arabia,Maize,60135,43123.57,17011.43
Saudi Arabia,Potatoes,253233,237925.965,15307.035000000003
Saudi Arabia,Potatoes,253233,237925.965,15307.035000000003
Saudi Arabia,Sorghum,26056,16887.465,9168.535
Saudi Arabia,Sorghum,26056,14551.63,11504.37
Saudi Arabia,Wheat,59254,46928.27,12325.730000000003
Saudi Arabia,Wheat,59254,47737.865,11516.135000000002
Saudi Arabia,Maize,61024,49901.975,11122.025000000001
Saudi Arabia,Maize,61024,50341.59,10682.410000000003
Saudi Arabia,Potatoes,256547,237925.965,18621.035000000003
Saudi Arabia,Potatoes,256547,237925.965,18621.035000000003
Saudi Arabia,Sorghum,26199,19831.96,6367.040000000001
Saudi Arabia,Sorghum,26199,20403.755,5795.244999999999
Saudi Arabia,Wheat,64333,45697.54,18635.46
Saudi Arabia,Wheat,64333,45696.365,18636.635000000002
Senegal,Cassava,49963,43199.415,6763.584999999999
Senegal,Maize,7434,12081.73,-4647.73
Senegal,Potatoes,258305,154496.795,103808.20499999999
Senegal,"Rice, paddy",22676,23394.035,-718.0349999999999
Senegal,Sorghum,5854,8353.06,-2499.0599999999995
Senegal,Sweet potatoes,107470,95981.855,11488.145000000004
Senegal,Cassava,67374,42921.11,24452.89
Senegal,Maize,27194,11757.255,15436.745
Senegal,Potatoes,149835,166358.505,-16523.505000000005
Senegal,"Rice, paddy",24758,23090.5,1667.5
Senegal,Sorghum,7754,8025.05,-271.0500000000002
Senegal,Sweet potatoes,250094,93159.07,156934.93
Senegal,Cassava,108083,48014.97,60068.03
Senegal,Maize,27961,11681.86,16279.14
Senegal,Potatoes,136536,150647.75,-14111.75
Senegal,"Rice, paddy",28542,24003.605,4538.395
Senegal,Sorghum,9652,7700.805,1951.1949999999997
Senegal,Sweet potatoes,250081,97305.305,152775.695
Senegal,Cassava,61673,47235.81,14437.190000000002
Senegal,Maize,13919,14129.83,-210.82999999999993
Senegal,Potatoes,200382,148781.875,51600.125
Senegal,"Rice, paddy",22401,23193.37,-792.369999999999
Senegal,Sorghum,7607,8183.395,-576.3950000000004
Senegal,Sweet potatoes,250252,98319.33,151932.66999999998
Senegal,Cassava,50338,45199.38,5138.620000000003
Senegal,Maize,11008,13742.4,-2734.3999999999996
Senegal,Potatoes,200000,149452.39,50547.609999999986
Senegal,"Rice, paddy",24078,22475.175,1602.8250000000007
Senegal,Sorghum,6459,8115.24,-1656.2399999999998
Senegal,Sweet potatoes,253333,95543.82,157789.18
Senegal,Cassava,81345,45071.74,36273.26
Senegal,Maize,18351,15847.405,2503.5949999999993
Senegal,Potatoes,113000,151892.24,-38892.23999999999
Senegal,"Rice, paddy",32572,22602.18,9969.82
Senegal,Sorghum,10089,8111.09,1977.9099999999999
Senegal,Sweet potatoes,250000,95609.4,154390.6
Senegal,Cassava,81909,46511.795,35397.205
Senegal,Maize,16300,17180.56,-880.5600000000013
Senegal,Potatoes,200000,150603.41,49396.59
Senegal,"Rice, paddy",36022,22836.28,13185.720000000001
Senegal,Sorghum,9357,8085.04,1271.96
Senegal,Sweet potatoes,400000,92797.33,307202.67
Senegal,Cassava,71902,44272.41,27629.589999999997
Senegal,Maize,15384,15531.13,-147.1299999999992
Senegal,Potatoes,200000,151325.135,48674.86499999999
Senegal,"Rice, paddy",41033,23819.455,17213.545
Senegal,Sorghum,9331,7875.355,1455.6450000000004
Senegal,Sweet potatoes,333333,93113.355,240219.64500000002
Senegal,Cassava,74922,45191.535,29730.464999999997
Senegal,Maize,11331,16224.08,-4893.08
Senegal,Potatoes,215517,154419.765,61097.234999999986
Senegal,"Rice, paddy",37171,22754.855,14416.145
Senegal,Sorghum,6389,8117.88,-1728.88
Senegal,Sweet potatoes,263979,91923.05,172055.95
Senegal,Cassava,80283,45079.105,35203.895
Senegal,Maize,15465,15790.555,-325.5550000000003
Senegal,Potatoes,267857,155132.225,112724.775
Senegal,"Rice, paddy",39892,22454.99,17437.01
Senegal,Sorghum,9602,8098.24,1503.7600000000002
Senegal,Sweet potatoes,288175,91781.695,196393.305
Senegal,Cassava,69978,48727.345,21250.655
Senegal,Maize,14428,16777.25,-2349.25
Senegal,Potatoes,225885,153403.49,72481.51000000001
Senegal,"Rice, paddy",40181,22650.675,17530.325
Senegal,Sorghum,8458,7789.31,668.6899999999996
Senegal,Sweet potatoes,352871,91074.33,261796.66999999998
Slovenia,Maize,81574,62373.61,19200.39
Slovenia,Potatoes,233322,185276.565,48045.435
Slovenia,Soybeans,24030,22949.37,1080.630000000001
Slovenia,Wheat,48943,43975.865,4967.135000000002
Slovenia,Maize,77750,75900.03,1849.9700000000012
Slovenia,Potatoes,250951,294428.705,-43477.705000000016
Slovenia,Soybeans,28974,26825.86,2148.1399999999994
Slovenia,Wheat,45339,48736.605,-3397.605000000003
Slovenia,Maize,82883,62015.535,20867.464999999997
Slovenia,Potatoes,229486,198601.665,30884.334999999992
Slovenia,Soybeans,19360,26441.61,-7081.610000000001
Slovenia,Wheat,47005,45131.88,1873.1200000000026
Slovenia,Maize,69305,63595.485,5709.514999999999
Slovenia,Potatoes,181312,189770.91,-8458.910000000003
Slovenia,Soybeans,23319,26204.15,-2885.1500000000015
Slovenia,Wheat,41907,43738.79,-1831.7900000000009
Slovenia,Maize,75358,62320.875,13037.125
Slovenia,Potatoes,228469,185505.86,42963.140000000014
Slovenia,Soybeans,27619,22917.38,4701.619999999999
Slovenia,Wheat,41616,43827.795,-2211.7949999999983
Slovenia,Maize,73207,62348.485,10858.515
Slovenia,Potatoes,226607,185093.96,41513.04000000001
Slovenia,Soybeans,27959,23477.695,4481.305
Slovenia,Wheat,45265,44519.325,745.6750000000029
Slovenia,Maize,78371,62477.095,15893.904999999999
Slovenia,Potatoes,247725,183620.435,64104.565
Slovenia,Soybeans,29242,23056.68,6185.32
Slovenia,Wheat,39643,44260.36,-4617.360000000001
Slovenia,Maize,85394,67026.135,18367.865000000005
Slovenia,Potatoes,245353,197361.635,47991.36499999999
Slovenia,Soybeans,26606,25736.35,869.6500000000015
Slovenia,Wheat,48044,43485.005,4558.995000000003
Slovenia,Maize,86856,61850.065,25005.934999999998
Slovenia,Potatoes,264228,180344.205,83883.79500000001
Slovenia,Soybeans,27290,22304.87,4985.130000000001
Slovenia,Wheat,51770,44235.865,7534.135000000002
Slovenia,Maize,70816,61623.785,9192.214999999997
Slovenia,Potatoes,234061,183791.905,50269.095
Slovenia,Soybeans,24500,22657.485,1842.5149999999994
Slovenia,Wheat,54376,44553.81,9822.190000000002
Slovenia,Maize,54145,47723.535,6421.4649999999965
Slovenia,Potatoes,187950,180079.97,7870.029999999999
Slovenia,Soybeans,16655,17473.235,-818.2350000000006
Slovenia,Wheat,43528,35958.095,7569.904999999999
South Africa,Maize,28516,24823.77,3692.2299999999996
South Africa,Maize,28516,23798.395,4717.605
South Africa,Maize,28516,24900.475,3615.5250000000015
South Africa,Maize,28516,23798.395,4717.605
South Africa,Potatoes,324147,309160.49,14986.51000000001
South Africa,Potatoes,324147,312568.08,11578.919999999984
South Africa,Potatoes,324147,313033.89,11113.109999999986
South Africa,Potatoes,324147,312568.08,11578.919999999984
South Africa,"Rice, paddy",23517,22865.615,651.3849999999984
South Africa,"Rice, paddy",23517,22871.31,645.6899999999987
South Africa,"Rice, paddy",23517,22794.175,722.8250000000007
South Africa,"Rice, paddy",23517,22871.31,645.6899999999987
South Africa,Sorghum,34286,25936.775,8349.224999999999
South Africa,Sorghum,34286,23972.575,10313.425
South Africa,Sorghum,34286,24936.47,9349.529999999999
South Africa,Sorghum,34286,23972.575,10313.425
South Africa,Soybeans,17962,16488.9,1473.0999999999985
South Africa,Soybeans,17962,16701.76,1260.2400000000016
South Africa,Soybeans,17962,16559.035,1402.9650000000001
South Africa,Soybeans,17962,16701.76,1260.2400000000016
South Africa,Sweet potatoes,34918,34965.395,-47.3949999999968
South Africa,Sweet potatoes,34918,34824.51,93.48999999999796
South Africa,Sweet potatoes,34918,34949.675,-31.67500000000291
South Africa,Sweet potatoes,34918,34824.51,93.48999999999796
South Africa,Wheat,25906,25588.225,317.77500000000146
South Africa,Wheat,25906,25620.255,285.744999999999
South Africa,Wheat,25906,25410.21,495.7900000000009
South Africa,Wheat,25906,25620.255,285.744999999999
South Africa,Maize,30305,24771.41,5533.59
South Africa,Maize,30305,24598.44,5706.560000000001
South Africa,Maize,30305,25366.885,4938.115000000002
South Africa,Maize,30305,24598.44,5706.560000000001
South Africa,Potatoes,346081,309160.49,36920.51000000001
South Africa,Potatoes,346081,311793.715,34287.284999999974
South Africa,Potatoes,346081,311453.31,34627.69
South Africa,Potatoes,346081,311793.715,34287.284999999974
South Africa,"Rice, paddy",24139,22865.615,1273.3849999999984
South Africa,"Rice, paddy",24139,22873.83,1265.1699999999983
South Africa,"Rice, paddy",24139,22850.5,1288.5
South Africa,"Rice, paddy",24139,22873.83,1265.1699999999983
South Africa,Sorghum,28692,25915.2,2776.7999999999993
South Africa,Sorghum,28692,24256.025,4435.9749999999985
South Africa,Sorghum,28692,24863.65,3828.3499999999985
South Africa,Sorghum,28692,24256.025,4435.9749999999985
South Africa,Soybeans,16296,16490.59,-194.59000000000015
South Africa,Soybeans,16296,16736.83,-440.83000000000175
South Africa,Soybeans,16296,16455.185,-159.1850000000013
South Africa,Soybeans,16296,16736.83,-440.83000000000175
South Africa,Sweet potatoes,34248,34965.395,-717.3949999999968
South Africa,Sweet potatoes,34248,34913.295,-665.2949999999983
South Africa,Sweet potatoes,34248,34995.295,-747.2949999999983
South Africa,Sweet potatoes,34248,34913.295,-665.2949999999983
South Africa,Wheat,20325,25586.78,-5261.779999999999
South Africa,Wheat,20325,25691.0,-5366.0
South Africa,Wheat,20325,25589.4,-5264.4000000000015
South Africa,Wheat,20325,25691.0,-5366.0
South Africa,Maize,36351,24771.41,11579.59
South Africa,Maize,36351,23689.505,12661.494999999999
South Africa,Maize,36351,24711.555,11639.445
South Africa,Maize,36351,23689.505,12661.494999999999
South Africa,Potatoes,333534,309745.295,23788.705000000016
South Africa,Potatoes,333534,311311.9,22222.099999999977
South Africa,Potatoes,333534,312000.275,21533.724999999977
South Africa,Potatoes,333534,311311.9,22222.099999999977
South Africa,"Rice, paddy",24452,22865.615,1586.3849999999984
South Africa,"Rice, paddy",24452,22960.005,1491.994999999999
South Africa,"Rice, paddy",24452,22876.57,1575.4300000000003
South Africa,"Rice, paddy",24452,22960.005,1491.994999999999
South Africa,Sorghum,30058,25915.2,4142.799999999999
South Africa,Sorghum,30058,24183.02,5874.98
South Africa,Sorghum,30058,25592.205,4465.794999999998
South Africa,Sorghum,30058,24183.02,5874.98
South Africa,Soybeans,18167,16490.59,1676.4099999999999
South Africa,Soybeans,18167,16368.845,1798.1550000000007
South Africa,Soybeans,18167,16571.54,1595.4599999999991
South Africa,Soybeans,18167,16368.845,1798.1550000000007
South Africa,Sweet potatoes,33690,34842.66,-1152.6600000000035
South Africa,Sweet potatoes,33690,34896.59,-1206.5899999999965
South Africa,Sweet potatoes,33690,35407.635,-1717.635000000002
South Africa,Sweet potatoes,33690,34896.59,-1206.5899999999965
South Africa,Wheat,23665,25586.78,-1921.7799999999988
South Africa,Wheat,23665,25347.505,-1682.505000000001
South Africa,Wheat,23665,25475.775,-1810.7750000000015
South Africa,Wheat,23665,25347.505,-1682.505000000001
South Africa,Maize,34122,25508.51,8613.490000000002
South Africa,Maize,34122,27600.255,6521.744999999999
South Africa,Maize,34122,26367.775,7754.2249999999985
South Africa,Maize,34122,27600.255,6521.744999999999
South Africa,Potatoes,331650,309116.71,22533.28999999998
South Africa,Potatoes,331650,311336.495,20313.505000000005
South Africa,Potatoes,331650,311521.935,20128.065000000002
South Africa,Potatoes,331650,311336.495,20313.505000000005
South Africa,"Rice, paddy",24755,22865.985,1889.0149999999994
South Africa,"Rice, paddy",24755,23294.75,1460.25
South Africa,"Rice, paddy",24755,22774.415,1980.5849999999991
South Africa,"Rice, paddy",24755,23294.75,1460.25
South Africa,Sorghum,25841,26974.985,-1133.9850000000006
South Africa,Sorghum,25841,29263.515,-3422.5149999999994
South Africa,Sorghum,25841,27295.615,-1454.6150000000016
South Africa,Sorghum,25841,29263.515,-3422.5149999999994
South Africa,Soybeans,17625,16505.565,1119.4350000000013
South Africa,Soybeans,17625,16624.01,1000.9900000000016
South Africa,Soybeans,17625,16424.255,1200.744999999999
South Africa,Soybeans,17625,16624.01,1000.9900000000016
South Africa,Sweet potatoes,31329,35009.485,-3680.4850000000006
South Africa,Sweet potatoes,31329,33739.985,-2410.9850000000006
South Africa,Sweet potatoes,31329,34820.69,-3491.6900000000023
South Africa,Sweet potatoes,31329,33739.985,-2410.9850000000006
South Africa,Wheat,27516,25636.565,1879.4350000000013
South Africa,Wheat,27516,26018.35,1497.6500000000015
South Africa,Wheat,27516,25605.94,1910.0600000000013
South Africa,Wheat,27516,26018.35,1497.6500000000015
South Africa,Maize,27921,24823.77,3097.2299999999996
South Africa,Maize,27921,23656.075,4264.924999999999
South Africa,Maize,27921,25117.595,2803.404999999999
South Africa,Maize,27921,23656.075,4264.924999999999
South Africa,Potatoes,330590,309160.49,21429.51000000001
South Africa,Potatoes,330590,312655.535,17934.465000000026
South Africa,Potatoes,330590,312706.28,17883.719999999972
South Africa,Potatoes,330590,312655.535,17934.465000000026
South Africa,"Rice, paddy",25048,22865.615,2182.3849999999984
South Africa,"Rice, paddy",25048,22874.715,2173.285
South Africa,"Rice, paddy",25048,22791.655,2256.345000000001
South Africa,"Rice, paddy",25048,22874.715,2173.285
South Africa,Sorghum,25507,25936.775,-429.77500000000146
South Africa,Sorghum,25507,23851.425,1655.5750000000007
South Africa,Sorghum,25507,24747.185,759.8149999999987
South Africa,Sorghum,25507,23851.425,1655.5750000000007
South Africa,Soybeans,11202,16488.9,-5286.9000000000015
South Africa,Soybeans,11202,16575.315,-5373.314999999999
South Africa,Soybeans,11202,16626.195,-5424.195
South Africa,Soybeans,11202,16575.315,-5373.314999999999
South Africa,Sweet potatoes,32644,34965.395,-2321.394999999997
South Africa,Sweet potatoes,32644,34854.43,-2210.4300000000003
South Africa,Sweet potatoes,32644,34899.845,-2255.845000000001
South Africa,Sweet potatoes,32644,34854.43,-2210.4300000000003
South Africa,Wheat,30142,25588.225,4553.7750000000015
South Africa,Wheat,30142,25338.575,4803.424999999999
South Africa,Wheat,30142,25526.085,4615.915000000001
South Africa,Wheat,30142,25338.575,4803.424999999999
South Africa,Maize,45373,25508.51,19864.49
South Africa,Maize,45373,23816.535,21556.465
South Africa,Maize,45373,25125.395,20247.605
South Africa,Maize,45373,23816.535,21556.465
South Africa,Potatoes,340000,309067.41,30932.590000000026
South Africa,Potatoes,340000,312568.08,27431.919999999984
South Africa,Potatoes,340000,312174.345,27825.655000000028
South Africa,Potatoes,340000,312568.08,27431.919999999984
South Africa,"Rice, paddy",25334,22865.985,2468.0149999999994
South Africa,"Rice, paddy",25334,22871.31,2462.6899999999987
South Africa,"Rice, paddy",25334,22749.69,2584.3100000000013
South Africa,"Rice, paddy",25334,22871.31,2462.6899999999987
South Africa,Sorghum,29378,26955.6,2422.4000000000015
South Africa,Sorghum,29378,23972.575,5405.424999999999
South Africa,Sorghum,29378,24673.555,4704.445
South Africa,Sorghum,29378,23972.575,5405.424999999999
South Africa,Soybeans,17050,16505.565,544.4350000000013
South Africa,Soybeans,17050,16707.145,342.85499999999956
South Africa,Soybeans,17050,16581.14,468.8600000000006
South Africa,Soybeans,17050,16707.145,342.85499999999956
South Africa,Sweet potatoes,31960,35018.665,-3058.665000000001
South Africa,Sweet potatoes,31960,34824.51,-2864.510000000002
South Africa,Sweet potatoes,31960,34916.13,-2956.1299999999974
South Africa,Sweet potatoes,31960,34824.51,-2864.510000000002
South Africa,Wheat,28476,25636.565,2839.4350000000013
South Africa,Wheat,28476,25620.255,2855.744999999999
South Africa,Wheat,28476,25532.155,2943.845000000001
South Africa,Wheat,28476,25620.255,2855.744999999999
South Africa,Maize,49640,25552.96,24087.04
South Africa,Maize,49640,24901.07,24738.93
South Africa,Maize,49640,25241.525,24398.475
South Africa,Maize,49640,24901.07,24738.93
South Africa,Potatoes,339378,310573.645,28804.35499999998
South Africa,Potatoes,339378,311793.715,27584.284999999974
South Africa,Potatoes,339378,311453.31,27924.690000000002
South Africa,Potatoes,339378,311793.715,27584.284999999974
South Africa,"Rice, paddy",25612,22865.985,2746.0149999999994
South Africa,"Rice, paddy",25612,22873.83,2738.1699999999983
South Africa,"Rice, paddy",25612,22819.72,2792.279999999999
South Africa,"Rice, paddy",25612,22873.83,2738.1699999999983
South Africa,Sorghum,32339,27037.99,5301.009999999998
South Africa,Sorghum,32339,24371.635,7967.365000000002
South Africa,Sorghum,32339,25589.19,6749.810000000001
South Africa,Sorghum,32339,24371.635,7967.365000000002
South Africa,Soybeans,21703,16436.22,5266.779999999999
South Africa,Soybeans,21703,16736.83,4966.169999999998
South Africa,Soybeans,21703,16493.09,5209.91
South Africa,Soybeans,21703,16736.83,4966.169999999998
South Africa,Sweet potatoes,30010,35098.32,-5088.32
South Africa,Sweet potatoes,30010,35681.88,-5671.879999999997
South Africa,Sweet potatoes,30010,34981.46,-4971.459999999999
South Africa,Sweet potatoes,30010,35681.88,-5671.879999999997
South Africa,Wheat,30475,25726.915,4748.084999999999
South Africa,Wheat,30475,25692.445,4782.555
South Africa,Wheat,30475,25564.935,4910.064999999999
South Africa,Wheat,30475,25692.445,4782.555
South Africa,Maize,46736,23813.985,22922.015
South Africa,Maize,46736,23639.29,23096.71
South Africa,Maize,46736,24903.305,21832.695
South Africa,Maize,46736,23639.29,23096.71
South Africa,Potatoes,342609,297782.1,44826.90000000002
South Africa,Potatoes,342609,312272.13,30336.869999999995
South Africa,Potatoes,342609,312374.745,30234.255000000005
South Africa,Potatoes,342609,312272.13,30336.869999999995
South Africa,"Rice, paddy",25885,22915.225,2969.7750000000015
South Africa,"Rice, paddy",25885,22851.94,3033.0600000000013
South Africa,"Rice, paddy",25885,22817.6,3067.4000000000015
South Africa,"Rice, paddy",25885,22851.94,3033.0600000000013
South Africa,Sorghum,22671,22856.525,-185.52500000000146
South Africa,Sorghum,22671,24242.325,-1571.3250000000007
South Africa,Sorghum,22671,24978.45,-2307.4500000000007
South Africa,Sorghum,22671,24242.325,-1571.3250000000007
South Africa,Soybeans,18173,15762.5,2410.5
South Africa,Soybeans,18173,16490.735,1682.2649999999994
South Africa,Soybeans,18173,16470.695,1702.3050000000003
South Africa,Soybeans,18173,16490.735,1682.2649999999994
South Africa,Sweet potatoes,30877,36706.505,-5829.504999999997
South Africa,Sweet potatoes,30877,34896.59,-4019.5899999999965
South Africa,Sweet potatoes,30877,34975.57,-4098.57
South Africa,Sweet potatoes,30877,34896.59,-4019.5899999999965
South Africa,Wheat,25623,25551.8,71.20000000000073
South Africa,Wheat,25623,25385.0,238.0
South Africa,Wheat,25623,25410.21,212.79000000000087
South Africa,Wheat,25623,25385.0,238.0
South Africa,Maize,43671,25552.96,18118.04
South Africa,Maize,43671,24598.44,19072.56
South Africa,Maize,43671,25366.885,18304.115
South Africa,Maize,43671,24598.44,19072.56
South Africa,Potatoes,349826,310573.645,39252.35499999998
South Africa,Potatoes,349826,311793.715,38032.284999999974
South Africa,Potatoes,349826,311453.31,38372.69
South Africa,Potatoes,349826,311793.715,38032.284999999974
South Africa,"Rice, paddy",26151,22865.985,3285.0149999999994
South Africa,"Rice, paddy",26151,22873.83,3277.1699999999983
South Africa,"Rice, paddy",26151,22850.5,3300.5
South Africa,"Rice, paddy",26151,22873.83,3277.1699999999983
South Africa,Sorghum,22399,27037.99,-4638.990000000002
South Africa,Sorghum,22399,24256.025,-1857.0250000000015
South Africa,Sorghum,22399,24863.65,-2464.6500000000015
South Africa,Sorghum,22399,24256.025,-1857.0250000000015
South Africa,Soybeans,16986,16431.35,554.6500000000015
South Africa,Soybeans,16986,16736.83,249.16999999999825
South Africa,Soybeans,16986,16455.185,530.8149999999987
South Africa,Soybeans,16986,16736.83,249.16999999999825
South Africa,Sweet potatoes,30706,35098.32,-4392.32
South Africa,Sweet potatoes,30706,34913.295,-4207.294999999998
South Africa,Sweet potatoes,30706,34995.295,-4289.294999999998
South Africa,Sweet potatoes,30706,34913.295,-4207.294999999998
South Africa,Wheat,33157,25726.915,7430.084999999999
South Africa,Wheat,33157,25691.0,7466.0
South Africa,Wheat,33157,25589.4,7567.5999999999985
South Africa,Wheat,33157,25691.0,7466.0
South Africa,Maize,44905,24531.63,20373.37
South Africa,Maize,44905,23683.675,21221.325
South Africa,Maize,44905,24819.07,20085.93
South Africa,Maize,44905,23683.675,21221.325
South Africa,Potatoes,351066,308745.58,42320.419999999984
South Africa,Potatoes,351066,312698.475,38367.52500000002
South Africa,Potatoes,351066,312753.85,38312.15000000002
South Africa,Potatoes,351066,312698.475,38367.52500000002
South Africa,"Rice, paddy",27273,22867.18,4405.82
South Africa,"Rice, paddy",27273,22878.105,4394.895
South Africa,"Rice, paddy",27273,22793.715,4479.285
South Africa,"Rice, paddy",27273,22878.105,4394.895
South Africa,Sorghum,27806,24586.97,3219.029999999999
South Africa,Sorghum,27806,23812.655,3993.345000000001
South Africa,Sorghum,27806,24819.345,2986.654999999999
South Africa,Sorghum,27806,23812.655,3993.345000000001
South Africa,Soybeans,13771,16536.345,-2765.345000000001
South Africa,Soybeans,13771,16571.935,-2800.9350000000013
South Africa,Soybeans,13771,16564.82,-2793.8199999999997
South Africa,Soybeans,13771,16571.935,-2800.9350000000013
South Africa,Sweet potatoes,30138,35038.535,-4900.5350000000035
South Africa,Sweet potatoes,30138,34854.43,-4716.43
South Africa,Sweet potatoes,30138,34899.985,-4761.985000000001
South Africa,Sweet potatoes,30138,34854.43,-4716.43
South Africa,Wheat,37476,25554.53,11921.470000000001
South Africa,Wheat,37476,25342.705,12133.294999999998
South Africa,Wheat,37476,25447.005,12028.994999999999
South Africa,Wheat,37476,25342.705,12133.294999999998
South Africa,Maize,42466,24340.57,18125.43
South Africa,Maize,42466,28096.66,14369.34
South Africa,Maize,42466,26228.315,16237.685000000001
South Africa,Maize,42466,28096.66,14369.34
South Africa,Potatoes,353546,303525.705,50020.294999999984
South Africa,Potatoes,353546,306336.55,47209.45000000001
South Africa,Potatoes,353546,311311.17,42234.830000000016
South Africa,Potatoes,353546,306336.55,47209.45000000001
South Africa,"Rice, paddy",26087,22847.16,3239.84
South Africa,"Rice, paddy",26087,23298.975,2788.0250000000015
South Africa,"Rice, paddy",26087,24015.935,2071.0649999999987
South Africa,"Rice, paddy",26087,23298.975,2788.0250000000015
South Africa,Sorghum,23507,24290.625,-783.625
South Africa,Sorghum,23507,29794.88,-6287.880000000001
South Africa,Sorghum,23507,27041.11,-3534.1100000000006
South Africa,Sorghum,23507,29794.88,-6287.880000000001
South Africa,Soybeans,15189,16368.155,-1179.1550000000007
South Africa,Soybeans,15189,16766.05,-1577.0499999999993
South Africa,Soybeans,15189,16939.11,-1750.1100000000006
South Africa,Soybeans,15189,16766.05,-1577.0499999999993
South Africa,Sweet potatoes,29812,34977.725,-5165.7249999999985
South Africa,Sweet potatoes,29812,34941.72,-5129.720000000001
South Africa,Sweet potatoes,29812,34863.23,-5051.230000000003
South Africa,Sweet potatoes,29812,34941.72,-5129.720000000001
South Africa,Wheat,36993,25661.11,11331.89
South Africa,Wheat,36993,26068.815,10924.185000000001
South Africa,Wheat,36993,25616.645,11376.355
South Africa,Wheat,36993,26068.815,10924.185000000001
Spain,Maize,95142,95099.575,42.42500000000291
Spain,Maize,95142,93765.285,1376.7149999999965
Spain,Maize,95142,94706.56,435.4400000000023
Spain,Potatoes,279460,257739.645,21720.35500000001
Spain,Potatoes,279460,252780.09,26679.910000000003
Spain,Potatoes,279460,259127.44,20332.559999999998
Spain,"Rice, paddy",72172,73350.26,-1178.2599999999948
Spain,"Rice, paddy",72172,72060.835,111.1649999999936
Spain,"Rice, paddy",72172,72796.985,-624.9850000000006
Spain,Sorghum,37970,43028.575,-5058.574999999997
Spain,Sorghum,37970,44083.665,-6113.665000000001
Spain,Sorghum,37970,42533.43,-4563.43
Spain,Soybeans,26667,25720.385,946.6150000000016
Spain,Soybeans,26667,25314.825,1352.1749999999993
Spain,Soybeans,26667,25566.52,1100.4799999999996
Spain,Sweet potatoes,171349,189327.545,-17978.545000000013
Spain,Sweet potatoes,171349,190480.88,-19131.880000000005
Spain,Sweet potatoes,171349,189529.115,-18180.11499999999
Spain,Wheat,28347,24686.54,3660.459999999999
Spain,Wheat,28347,24618.275,3728.7249999999985
Spain,Wheat,28347,24496.7,3850.2999999999993
Spain,Maize,100691,95023.99,5667.009999999995
Spain,Maize,100691,94149.065,6541.934999999998
Spain,Maize,100691,95112.1,5578.899999999994
Spain,Potatoes,271599,257372.45,14226.549999999988
Spain,Potatoes,271599,253982.965,17616.035000000003
Spain,Potatoes,271599,258715.68,12883.320000000007
Spain,"Rice, paddy",72015,73514.17,-1499.1699999999983
Spain,"Rice, paddy",72015,71726.355,288.6450000000041
Spain,"Rice, paddy",72015,73761.47,-1746.4700000000012
Spain,Sorghum,34355,43138.14,-8783.14
Spain,Sorghum,34355,44936.325,-10581.324999999997
Spain,Sorghum,34355,42728.755,-8373.754999999997
Spain,Soybeans,26622,25750.095,871.9049999999988
Spain,Soybeans,26622,25355.535,1266.4650000000001
Spain,Soybeans,26622,25688.69,933.3100000000013
Spain,Sweet potatoes,165915,189385.33,-23470.329999999987
Spain,Sweet potatoes,165915,189726.985,-23811.984999999986
Spain,Sweet potatoes,165915,189614.47,-23699.47
Spain,Wheat,32628,24726.9,7901.0999999999985
Spain,Wheat,32628,25253.085,7374.915000000001
Spain,Wheat,32628,24604.695,8023.305
Spain,Maize,96099,92970.79,3128.2100000000064
Spain,Maize,96099,94258.065,1840.9349999999977
Spain,Maize,96099,93914.3,2184.699999999997
Spain,Potatoes,269844,257037.285,12806.714999999997
Spain,Potatoes,269844,254523.87,15320.130000000005
Spain,Potatoes,269844,257462.53,12381.470000000001
Spain,"Rice, paddy",69166,72842.175,-3676.175000000003
Spain,"Rice, paddy",69166,71743.215,-2577.2149999999965
Spain,"Rice, paddy",69166,73147.16,-3981.1600000000035
Spain,Sorghum,33972,43299.385,-9327.385000000002
Spain,Sorghum,33972,44647.4,-10675.400000000001
Spain,Sorghum,33972,43123.795,-9151.794999999998
Spain,Soybeans,24907,25310.37,-403.369999999999
Spain,Soybeans,24907,25514.715,-607.7150000000001
Spain,Soybeans,24907,25552.705,-645.7050000000017
Spain,Sweet potatoes,161439,188985.315,-27546.315000000002
Spain,Sweet potatoes,161439,190077.385,-28638.38500000001
Spain,Sweet potatoes,161439,188985.315,-27546.315000000002
Spain,Wheat,17707,25285.12,-7578.119999999999
Spain,Wheat,17707,25032.395,-7325.395
Spain,Wheat,17707,25082.68,-7375.68
Spain,Maize,97437,92080.14,5356.860000000001
Spain,Maize,97437,93038.135,4398.865000000005
Spain,Maize,97437,74553.685,22883.315000000002
Spain,Potatoes,288421,258744.31,29676.690000000002
Spain,Potatoes,288421,255797.845,32623.155
Spain,Potatoes,288421,258455.915,29965.084999999992
Spain,"Rice, paddy",67992,60574.16,7417.8399999999965
Spain,"Rice, paddy",67992,72060.51,-4068.5099999999948
Spain,"Rice, paddy",67992,52932.51,15059.489999999998
Spain,Sorghum,37858,41451.115,-3593.114999999998
Spain,Sorghum,37858,44381.725,-6523.7249999999985
Spain,Sorghum,37858,31789.265,6068.735000000001
Spain,Soybeans,24111,25124.985,-1013.9850000000006
Spain,Soybeans,24111,25215.715,-1104.7150000000001
Spain,Soybeans,24111,23478.56,632.4399999999987
Spain,Sweet potatoes,168349,189854.49,-21505.48999999999
Spain,Sweet potatoes,168349,190480.88,-22131.880000000005
Spain,Sweet potatoes,168349,190244.41,-21895.410000000003
Spain,Wheat,28755,26296.585,2458.415000000001
Spain,Wheat,28755,24252.49,4502.509999999998
Spain,Wheat,28755,26130.785,2624.215
Spain,Maize,100027,95042.255,4984.744999999995
Spain,Maize,100027,88615.54,11411.460000000006
Spain,Maize,100027,94919.395,5107.604999999996
Spain,Potatoes,289238,258691.66,30546.339999999997
Spain,Potatoes,289238,253873.24,35364.76000000001
Spain,Potatoes,289238,258743.235,30494.765000000014
Spain,"Rice, paddy",71228,73655.975,-2427.975000000006
Spain,"Rice, paddy",71228,71785.38,-557.3800000000047
Spain,"Rice, paddy",71228,73673.145,-2445.145000000004
Spain,Sorghum,36620,42620.89,-6000.889999999999
Spain,Sorghum,36620,46020.63,-9400.629999999997
Spain,Sorghum,36620,42788.28,-6168.279999999999
Spain,Soybeans,26744,26115.62,628.380000000001
Spain,Soybeans,26744,25420.895,1323.1049999999996
Spain,Soybeans,26744,25899.015,844.9850000000006
Spain,Sweet potatoes,168802,189785.825,-20983.82500000001
Spain,Sweet potatoes,168802,189862.435,-21060.434999999998
Spain,Sweet potatoes,168802,189610.625,-20808.625
Spain,Wheat,35692,24197.595,11494.404999999999
Spain,Wheat,35692,25379.665,10312.335
Spain,Wheat,35692,24603.18,11088.82
Spain,Maize,99061,93368.915,5692.085000000006
Spain,Maize,99061,90801.595,8259.404999999999
Spain,Maize,99061,95111.575,3949.425000000003
Spain,Potatoes,262166,257462.53,4703.470000000001
Spain,Potatoes,262166,252414.05,9751.950000000012
Spain,Potatoes,262166,258480.395,3685.6050000000105
Spain,"Rice, paddy",69220,73087.61,-3867.6100000000006
Spain,"Rice, paddy",69220,72010.29,-2790.2899999999936
Spain,"Rice, paddy",69220,73358.4,-4138.399999999994
Spain,Sorghum,32797,43147.605,-10350.605000000003
Spain,Sorghum,32797,45783.115,-12986.114999999998
Spain,Sorghum,32797,42859.135,-10062.135000000002
Spain,Soybeans,29801,25487.35,4313.6500000000015
Spain,Soybeans,29801,25407.35,4393.6500000000015
Spain,Soybeans,29801,25776.435,4024.5649999999987
Spain,Sweet potatoes,171052,188985.315,-17933.315000000002
Spain,Sweet potatoes,171052,189862.435,-18810.434999999998
Spain,Sweet potatoes,171052,189785.825,-18733.82500000001
Spain,Wheat,32483,25233.89,7249.110000000001
Spain,Wheat,32483,25320.84,7162.16
Spain,Wheat,32483,24655.72,7827.279999999999
Spain,Maize,100749,94914.48,5834.520000000004
Spain,Maize,100749,93486.58,7262.419999999998
Spain,Maize,100749,93863.1,6885.899999999994
Spain,Potatoes,318545,257937.275,60607.725000000006
Spain,Potatoes,318545,255261.03,63283.97
Spain,Potatoes,318545,258298.835,60246.16500000001
Spain,"Rice, paddy",76593,73377.45,3215.550000000003
Spain,"Rice, paddy",76593,73162.425,3430.574999999997
Spain,"Rice, paddy",76593,72466.28,4126.720000000001
Spain,Sorghum,43472,43074.265,397.7350000000006
Spain,Sorghum,43472,43123.11,348.8899999999994
Spain,Sorghum,43472,42803.955,668.0449999999983
Spain,Soybeans,22189,22615.185,-426.1850000000013
Spain,Soybeans,22189,22412.015,-223.01499999999942
Spain,Soybeans,22189,22695.63,-506.630000000001
Spain,Sweet potatoes,172128,189426.04,-17298.040000000008
Spain,Sweet potatoes,172128,190197.27,-18069.26999999999
Spain,Sweet potatoes,172128,188779.115,-16651.11499999999
Spain,Wheat,27103,27410.665,-307.6650000000009
Spain,Wheat,27103,25633.48,1469.5200000000004
Spain,Wheat,27103,25960.745,1142.255000000001
Spain,Maize,105553,91569.81,13983.190000000002
Spain,Maize,105553,92415.06,13137.940000000002
Spain,Maize,105553,93138.295,12414.705000000002
Spain,Potatoes,293910,258163.505,35746.494999999995
Spain,Potatoes,293910,255159.135,38750.86499999999
Spain,Potatoes,293910,257891.155,36018.845
Spain,"Rice, paddy",75936,72752.315,3183.6849999999977
Spain,"Rice, paddy",75936,72079.45,3856.550000000003
Spain,"Rice, paddy",75936,72657.435,3278.5650000000023
Spain,Sorghum,51206,43547.045,7658.955000000002
Spain,Sorghum,51206,45608.53,5597.470000000001
Spain,Sorghum,51206,43207.13,7998.870000000003
Spain,Soybeans,23655,25584.605,-1929.6049999999996
Spain,Soybeans,23655,25287.99,-1632.9900000000016
Spain,Soybeans,23655,25608.665,-1953.6650000000009
Spain,Sweet potatoes,187394,188985.315,-1591.3150000000023
Spain,Sweet potatoes,187394,189862.435,-2468.4349999999977
Spain,Sweet potatoes,187394,188985.315,-1591.3150000000023
Spain,Wheat,30498,25071.945,5426.055
Spain,Wheat,30498,25251.835,5246.165000000001
Spain,Wheat,30498,25331.145,5166.855
Spain,Maize,113738,75325.195,38412.80499999999
Spain,Maize,113738,92630.03,21107.97
Spain,Maize,113738,74645.69,39092.31
Spain,Potatoes,307406,258982.745,48423.255000000005
Spain,Potatoes,307406,253870.635,53535.36499999999
Spain,Potatoes,307406,258693.915,48712.08499999999
Spain,"Rice, paddy",75800,53450.59,22349.410000000003
Spain,"Rice, paddy",75800,71863.365,3936.6349999999948
Spain,"Rice, paddy",75800,52923.975,22876.025
Spain,Sorghum,43201,34269.775,8931.224999999999
Spain,Sorghum,43201,44181.415,-980.4150000000009
Spain,Sorghum,43201,31702.775,11498.224999999999
Spain,Soybeans,24893,23787.45,1105.5499999999993
Spain,Soybeans,24893,25236.58,-343.58000000000175
Spain,Soybeans,24893,23585.64,1307.3600000000006
Spain,Sweet potatoes,179410,186934.84,-7524.8399999999965
Spain,Sweet potatoes,179410,187218.145,-7808.1449999999895
Spain,Sweet potatoes,179410,187008.78,-7598.779999999999
Spain,Wheat,34475,26284.425,8190.575000000001
Spain,Wheat,34475,24607.6,9867.400000000001
Spain,Wheat,34475,26296.355,8178.645
Spain,Maize,109164,94705.025,14458.975000000006
Spain,Maize,109164,94225.83,14938.169999999998
Spain,Maize,109164,94014.895,15149.104999999996
Spain,Potatoes,304387,258996.99,45390.01000000001
Spain,Potatoes,304387,254374.815,50012.185
Spain,Potatoes,304387,258071.495,46315.505000000005
Spain,"Rice, paddy",79739,72795.45,6943.550000000003
Spain,"Rice, paddy",79739,72043.645,7695.354999999996
Spain,"Rice, paddy",79739,70935.81,8803.190000000002
Spain,Sorghum,35584,42556.665,-6972.665000000001
Spain,Sorghum,35584,43668.74,-8084.739999999998
Spain,Sorghum,35584,42871.68,-7287.68
Spain,Soybeans,27713,25565.4,2147.5999999999985
Spain,Soybeans,27713,25572.23,2140.7700000000004
Spain,Soybeans,27713,25065.525,2647.4749999999985
Spain,Sweet potatoes,164267,189532.96,-25265.959999999992
Spain,Sweet potatoes,164267,190746.23,-26479.23000000001
Spain,Sweet potatoes,164267,188796.7,-24529.70000000001
Spain,Wheat,23718,24567.765,-849.7649999999994
Spain,Wheat,23718,24760.095,-1042.0950000000012
Spain,Wheat,23718,23761.925,-43.92499999999927
Spain,Maize,110445,93954.885,16490.115000000005
Spain,Maize,110445,93219.405,17225.595
Spain,Maize,110445,94992.06,15452.940000000002
Spain,Potatoes,309367,258161.725,51205.274999999994
Spain,Potatoes,309367,253025.045,56341.95499999999
Spain,Potatoes,309367,259852.13,49514.869999999995
Spain,"Rice, paddy",77902,73140.015,4761.985000000001
Spain,"Rice, paddy",77902,72120.255,5781.744999999995
Spain,"Rice, paddy",77902,73187.26,4714.740000000005
Spain,Sorghum,50111,43059.445,7051.555
Spain,Sorghum,50111,44025.905,6085.095000000001
Spain,Sorghum,50111,42837.225,7273.7750000000015
Spain,Soybeans,28000,25560.11,2439.8899999999994
Spain,Soybeans,28000,25224.675,2775.3250000000007
Spain,Soybeans,28000,25704.835,2295.165000000001
Spain,Sweet potatoes,161919,185490.075,-23571.07500000001
Spain,Sweet potatoes,161919,187218.145,-25299.14499999999
Spain,Sweet potatoes,161919,186495.52,-24576.51999999999
Spain,Wheat,36447,25196.085,11250.915
Spain,Wheat,36447,24992.205,11454.794999999998
Spain,Wheat,36447,24991.83,11455.169999999998
Sri Lanka,Cassava,85284,85566.6,-282.6000000000058
Sri Lanka,Maize,11282,11669.51,-387.5100000000002
Sri Lanka,Plantains and others,118000,124883.25,-6883.25
Sri Lanka,Potatoes,134206,138267.615,-4061.6149999999907
Sri Lanka,"Rice, paddy",34889,34454.045,434.95500000000175
Sri Lanka,Sorghum,6818,7849.03,-1031.0299999999997
Sri Lanka,Soybeans,9206,9411.39,-205.38999999999942
Sri Lanka,Sweet potatoes,61636,61288.355,347.6449999999968
Sri Lanka,Cassava,95411,85799.365,9611.634999999995
Sri Lanka,Maize,15023,11422.735,3600.2649999999994
Sri Lanka,Plantains and others,107185,125958.805,-18773.804999999993
Sri Lanka,Potatoes,148033,137260.045,10772.954999999987
Sri Lanka,"Rice, paddy",36516,34425.175,2090.824999999997
Sri Lanka,Sorghum,7714,7839.16,-125.15999999999985
Sri Lanka,Soybeans,14538,9501.85,5036.15
Sri Lanka,Sweet potatoes,61869,62783.21,-914.2099999999991
Sri Lanka,Cassava,95186,85822.485,9363.515
Sri Lanka,Maize,14713,11595.395,3117.6049999999996
Sri Lanka,Plantains and others,106604,125953.735,-19349.735
Sri Lanka,Potatoes,141622,137392.59,4229.4100000000035
Sri Lanka,"Rice, paddy",35465,34107.225,1357.7750000000015
Sri Lanka,Sorghum,9583,7993.01,1589.9899999999998
Sri Lanka,Soybeans,16201,9452.255,6748.745000000001
Sri Lanka,Sweet potatoes,62205,61894.195,310.8050000000003
Sri Lanka,Cassava,95959,85943.795,10015.205000000002
Sri Lanka,Maize,14853,11339.025,3513.9750000000004
Sri Lanka,Plantains and others,103250,129248.645,-25998.645000000004
Sri Lanka,Potatoes,148094,136754.11,11339.890000000014
Sri Lanka,"Rice, paddy",36705,34146.245,2558.7549999999974
Sri Lanka,Sorghum,8500,7667.685,832.3149999999996
Sri Lanka,Soybeans,16873,9527.16,7345.84
Sri Lanka,Sweet potatoes,62586,64617.01,-2031.010000000002
Sri Lanka,Cassava,97487,86163.675,11323.324999999997
Sri Lanka,Maize,16508,11966.32,4541.68
Sri Lanka,Plantains and others,104962,128209.52,-23247.520000000004
Sri Lanka,Potatoes,145197,130948.415,14248.585000000006
Sri Lanka,"Rice, paddy",38337,31842.37,6494.630000000001
Sri Lanka,Sorghum,10000,7579.33,2420.67
Sri Lanka,Soybeans,16783,9049.35,7733.65
Sri Lanka,Sweet potatoes,75283,63739.065,11543.934999999998
Sri Lanka,Cassava,100556,85873.095,14682.904999999999
Sri Lanka,Maize,26337,12169.81,14167.19
Sri Lanka,Plantains and others,111141,117127.24,-5986.240000000005
Sri Lanka,Potatoes,145282,129800.665,15481.335000000006
Sri Lanka,"Rice, paddy",36800,30469.9,6330.0999999999985
Sri Lanka,Sorghum,12353,7671.775,4681.225
Sri Lanka,Soybeans,24048,8600.47,15447.53
Sri Lanka,Sweet potatoes,81252,63497.345,17754.655
Sri Lanka,Cassava,116401,86058.98,30342.020000000004
Sri Lanka,Maize,25515,12256.055,13258.945
Sri Lanka,Plantains and others,106511,114637.925,-8126.925000000003
Sri Lanka,Potatoes,149034,129969.365,19064.634999999995
Sri Lanka,"Rice, paddy",38748,32349.725,6398.2750000000015
Sri Lanka,Sorghum,12857,7762.32,5094.68
Sri Lanka,Soybeans,22831,8629.205,14201.795
Sri Lanka,Sweet potatoes,78783,61786.585,16996.415
Sri Lanka,Cassava,120631,86073.655,34557.345
Sri Lanka,Maize,28061,12210.45,15850.55
Sri Lanka,Plantains and others,109294,125765.285,-16471.285000000003
Sri Lanka,Potatoes,135234,131482.395,3751.6050000000105
Sri Lanka,"Rice, paddy",40558,32147.84,8410.16
Sri Lanka,Sorghum,12500,7853.37,4646.63
Sri Lanka,Soybeans,16711,9043.43,7667.57
Sri Lanka,Sweet potatoes,79014,60656.425,18357.574999999997
Sri Lanka,Cassava,120967,86058.98,34908.020000000004
Sri Lanka,Maize,27262,11972.52,15289.48
Sri Lanka,Plantains and others,112892,123700.225,-10808.225000000006
Sri Lanka,Potatoes,132500,130852.62,1647.3800000000047
Sri Lanka,"Rice, paddy",35699,31787.25,3911.75
Sri Lanka,Sorghum,12857,7744.61,5112.39
Sri Lanka,Soybeans,15673,8903.5,6769.5
Sri Lanka,Sweet potatoes,81641,61760.815,19880.184999999998
Sri Lanka,Cassava,121660,85989.655,35670.345
Sri Lanka,Maize,34187,12426.385,21760.614999999998
Sri Lanka,Plantains and others,120475,116445.63,4029.3699999999953
Sri Lanka,Potatoes,155269,129894.555,25374.445000000007
Sri Lanka,"Rice, paddy",36057,30312.135,5744.865000000002
Sri Lanka,Sorghum,12857,7916.705,4940.295
Sri Lanka,Soybeans,10987,8655.405,2331.5949999999993
Sri Lanka,Sweet potatoes,78499,60635.945,17863.055
Sri Lanka,Cassava,126527,85986.53,40540.47
Sri Lanka,Maize,30868,12406.3,18461.7
Sri Lanka,Plantains and others,114222,118335.365,-4113.365000000005
Sri Lanka,Potatoes,153210,129763.73,23446.270000000004
Sri Lanka,"Rice, paddy",38897,31809.76,7087.240000000002
Sri Lanka,Sorghum,14227,7902.88,6324.12
Sri Lanka,Soybeans,16955,8729.55,8225.45
Sri Lanka,Sweet potatoes,93002,60450.545,32551.455
Sudan,Maize,16634,14381.0,2253.0
Sudan,Maize,16634,15449.57,1184.4300000000003
Sudan,Potatoes,166663,136420.515,30242.484999999986
Sudan,Potatoes,166663,136026.64,30636.359999999986
Sudan,"Rice, paddy",31746,33095.625,-1349.625
Sudan,"Rice, paddy",31746,32061.62,-315.619999999999
Sudan,Sorghum,5481,10727.38,-5246.379999999999
Sudan,Sorghum,5481,10836.985,-5355.985000000001
Sudan,Sweet potatoes,214286,68381.245,145904.755
Sudan,Sweet potatoes,214286,65086.215,149199.785
Sudan,Wheat,17297,15815.77,1481.2299999999996
Sudan,Wheat,17297,16533.605,763.3950000000004
Sudan,Yams,19737,101018.045,-81281.045
Sudan,Yams,19737,103357.465,-83620.465
Sudan,Maize,15997,14428.125,1568.875
Sudan,Maize,15997,15449.57,547.4300000000003
Sudan,Potatoes,166669,137179.695,29489.304999999993
Sudan,Potatoes,166669,136026.64,30642.359999999986
Sudan,"Rice, paddy",33060,32769.605,290.3949999999968
Sudan,"Rice, paddy",33060,32061.62,998.380000000001
Sudan,Sorghum,6390,10909.24,-4519.24
Sudan,Sorghum,6390,10836.985,-4446.985000000001
Sudan,Sweet potatoes,213626,65784.72,147841.28
Sudan,Sweet potatoes,213626,65086.215,148539.785
Sudan,Wheat,19534,15757.02,3776.9799999999996
Sudan,Wheat,19534,16533.605,3000.3950000000004
Sudan,Yams,21053,100735.525,-79682.525
Sudan,Yams,21053,103357.465,-82304.465
Suriname,Cassava,187244,173857.39,13386.609999999986
Suriname,Maize,19677,15551.77,4125.23
Suriname,Plantains and others,237531,228127.99,9403.01000000001
Suriname,"Rice, paddy",39227,33961.34,5265.6600000000035
Suriname,Soybeans,9051,9230.02,-179.02000000000044
Suriname,Sweet potatoes,142308,97269.125,45038.875
Suriname,Cassava,204878,170622.62,34255.380000000005
Suriname,Maize,28077,15728.17,12348.83
Suriname,Plantains and others,306667,226710.035,79956.965
Suriname,"Rice, paddy",35596,33022.395,2573.605000000003
Suriname,Soybeans,10000,9104.22,895.7800000000007
Suriname,Sweet potatoes,126875,96553.115,30321.884999999995
Suriname,Cassava,197619,165005.405,32613.595
Suriname,Maize,18421,15683.37,2737.629999999999
Suriname,Plantains and others,285275,226579.37,58695.630000000005
Suriname,"Rice, paddy",35984,32877.44,3106.5599999999977
Suriname,Soybeans,10000,9224.625,775.375
Suriname,Sweet potatoes,148367,96524.6,51842.399999999994
Suriname,Cassava,200000,173411.675,26588.32500000001
Suriname,Maize,23000,15573.875,7426.125
Suriname,Plantains and others,200476,228789.835,-28313.834999999992
Suriname,"Rice, paddy",41296,32584.88,8711.119999999999
Suriname,Soybeans,10000,9008.89,991.1100000000006
Suriname,Sweet potatoes,191628,96046.155,95581.845
Suriname,Cassava,254710,173014.62,81695.38
Suriname,Maize,27222,15321.71,11900.29
Suriname,Plantains and others,254652,228184.385,26467.61499999999
Suriname,"Rice, paddy",42534,34123.865,8410.135000000002
Suriname,Soybeans,10000,10536.605,-536.6049999999996
Suriname,Sweet potatoes,161556,95856.475,65699.525
Suriname,Cassava,251652,173014.62,78637.38
Suriname,Maize,22500,15643.17,6856.83
Suriname,Plantains and others,282651,228508.97,54142.03
Suriname,"Rice, paddy",41892,34069.26,7822.739999999998
Suriname,Soybeans,8571,10461.925,-1890.9249999999993
Suriname,Sweet potatoes,191220,95481.77,95738.23
Suriname,Cassava,276831,172280.685,104550.315
Suriname,Maize,24000,15364.2,8635.8
Suriname,Plantains and others,341816,228253.87,113562.13
Suriname,"Rice, paddy",42092,33976.665,8115.334999999999
Suriname,Soybeans,13750,10260.815,3489.1849999999995
Suriname,Sweet potatoes,140000,95308.705,44691.295
Suriname,Cassava,252560,164888.095,87671.905
Suriname,Maize,23333,15702.525,7630.475
Suriname,Plantains and others,280227,226579.37,53647.630000000005
Suriname,"Rice, paddy",42329,33063.625,9265.375
Suriname,Soybeans,14000,9216.355,4783.645
Suriname,Sweet potatoes,190417,96524.6,93892.4
Suriname,Cassava,228356,172989.83,55366.17000000001
Suriname,Maize,22857,16077.325,6779.674999999999
Suriname,Plantains and others,312350,228253.87,84096.13
Suriname,"Rice, paddy",41331,32435.89,8895.11
Suriname,Soybeans,8462,8863.45,-401.4500000000007
Suriname,Sweet potatoes,179630,96996.73,82633.27
Suriname,Cassava,241965,173475.29,68489.70999999999
Suriname,Maize,26364,18462.82,7901.18
Suriname,Plantains and others,309336,232796.735,76539.26500000001
Suriname,"Rice, paddy",43622,37934.47,5687.529999999999
Suriname,Soybeans,10000,8182.08,1817.92
Suriname,Sweet potatoes,185926,122515.18,63410.82000000001
Suriname,Cassava,298608,175479.48,123128.51999999999
Suriname,Maize,24737,18216.625,6520.375
Suriname,Plantains and others,307428,233617.48,73810.51999999999
Suriname,"Rice, paddy",44965,37435.025,7529.9749999999985
Suriname,Soybeans,10000,8580.01,1419.9899999999998
Suriname,Sweet potatoes,169487,125239.605,44247.395000000004
Sweden,Potatoes,287905,304533.315,-16628.315000000002
Sweden,Wheat,61487,58514.615,2972.385000000002
Sweden,Potatoes,309147,314302.54,-5155.539999999979
Sweden,Wheat,59798,59034.51,763.489999999998
Sweden,Potatoes,311070,299971.325,11098.674999999988
Sweden,Wheat,63334,57664.66,5669.3399999999965
Sweden,Potatoes,276011,304788.605,-28777.60499999998
Sweden,Wheat,54627,59481.865,-4854.864999999998
Sweden,Potatoes,276629,304623.545,-27994.544999999984
Sweden,Wheat,62571,58892.365,3678.635000000002
Sweden,Potatoes,317175,306202.44,10972.559999999998
Sweden,Wheat,61087,60467.31,619.6900000000023
Sweden,Potatoes,318212,297933.145,20278.85499999998
Sweden,Wheat,60776,57214.555,3561.4449999999997
Sweden,Potatoes,301218,311735.91,-10517.909999999974
Sweden,Wheat,53966,56623.34,-2657.3399999999965
Sweden,Potatoes,319681,296802.29,22878.71000000002
Sweden,Wheat,53786,59141.1,-5355.0999999999985
Sweden,Potatoes,325809,295284.665,30524.33500000002
Sweden,Wheat,62379,58738.445,3640.5550000000003
Sweden,Potatoes,337563,303766.16,33796.840000000026
Sweden,Wheat,57792,58763.99,-971.989999999998
Switzerland,Maize,92168,91196.37,971.6300000000047
Switzerland,Potatoes,390936,387984.955,2951.0449999999837
Switzerland,Soybeans,30243,33965.65,-3722.6500000000015
Switzerland,Wheat,56340,57989.52,-1649.5199999999968
Switzerland,Maize,96142,77009.7,19132.300000000003
Switzerland,Potatoes,394976,267795.57,127180.43
Switzerland,Soybeans,28446,32284.91,-3838.91
Switzerland,Wheat,61177,56923.255,4253.745000000003
Switzerland,Maize,96497,76908.035,19588.964999999997
Switzerland,Potatoes,387450,275332.0,112118.0
Switzerland,Soybeans,26350,32185.98,-5835.98
Switzerland,Wheat,57316,57444.42,-128.41999999999825
Switzerland,Maize,84488,77753.775,6734.225000000006
Switzerland,Potatoes,326986,275901.1,51084.90000000002
Switzerland,Soybeans,26667,33353.78,-6686.779999999999
Switzerland,Wheat,58130,56871.42,1258.5800000000017
Switzerland,Maize,101695,92068.575,9626.425000000003
Switzerland,Potatoes,417029,412836.73,4192.270000000019
Switzerland,Soybeans,26052,30303.005,-4251.005000000001
Switzerland,Wheat,59803,60664.065,-861.0650000000023
Switzerland,Maize,97027,91464.11,5562.889999999999
Switzerland,Potatoes,427835,416788.745,11046.255000000005
Switzerland,Soybeans,29087,29511.14,-424.1399999999994
Switzerland,Wheat,60014,60361.195,-347.1949999999997
Switzerland,Maize,104132,91738.925,12393.074999999997
Switzerland,Potatoes,465002,413674.875,51327.125
Switzerland,Soybeans,27076,28269.34,-1193.3400000000001
Switzerland,Wheat,60214,60474.15,-260.15000000000146
Switzerland,Maize,84922,90539.44,-5617.440000000002
Switzerland,Potatoes,386978,430605.82,-43627.82000000001
Switzerland,Soybeans,28298,28434.075,-136.07500000000073
Switzerland,Wheat,57490,62819.745,-5329.745000000003
Switzerland,Maize,114447,91939.475,22507.524999999994
Switzerland,Potatoes,457778,402189.42,55588.580000000016
Switzerland,Soybeans,29386,30180.97,-794.9700000000012
Switzerland,Wheat,62952,60669.605,2282.394999999997
Switzerland,Maize,108279,91464.755,16814.244999999995
Switzerland,Potatoes,411034,417883.505,-6849.505000000005
Switzerland,Soybeans,28111,28655.2,-544.2000000000007
Switzerland,Wheat,57763,60619.67,-2856.6699999999983
Switzerland,Maize,100837,91464.755,9372.244999999995
Switzerland,Potatoes,325935,417883.505,-91948.505
Switzerland,Soybeans,25252,28655.2,-3403.2000000000007
Switzerland,Wheat,53834,60619.67,-6785.669999999998
Tajikistan,Maize,35117,28146.82,6970.18
Tajikistan,Potatoes,158022,133912.12,24109.880000000005
Tajikistan,"Rice, paddy",28523,28356.215,166.78499999999985
Tajikistan,Sorghum,12353,14005.175,-1652.1749999999993
Tajikistan,Soybeans,230,472.43,-242.43
Tajikistan,Wheat,17898,14215.425,3682.5750000000007
Tajikistan,Maize,46811,27027.63,19783.37
Tajikistan,Potatoes,183006,146870.205,36135.79500000001
Tajikistan,"Rice, paddy",36408,28445.09,7962.91
Tajikistan,Sorghum,17786,14310.98,3475.0200000000004
Tajikistan,Soybeans,100,598.0,-498.0
Tajikistan,Wheat,19897,14596.21,5300.790000000001
Tajikistan,Maize,40471,26805.805,13665.195
Tajikistan,Potatoes,196227,146351.055,49875.94500000001
Tajikistan,"Rice, paddy",32844,28042.51,4801.490000000002
Tajikistan,Sorghum,12140,14948.97,-2808.9699999999993
Tajikistan,Wheat,19603,14405.105,5197.895
Tajikistan,Maize,37740,27329.95,10410.05
Tajikistan,Potatoes,198508,147706.35,50801.649999999994
Tajikistan,"Rice, paddy",31415,28539.13,2875.869999999999
Tajikistan,Sorghum,14240,14432.025,-192.02499999999964
Tajikistan,Soybeans,500,591.175,-91.17499999999995
Tajikistan,Wheat,19967,14657.055,5309.945
Tajikistan,Maize,40109,26994.61,13114.39
Tajikistan,Potatoes,218368,147204.49,71163.51000000001
Tajikistan,"Rice, paddy",30707,28257.045,2449.9550000000017
Tajikistan,Sorghum,16316,14290.06,2025.9400000000005
Tajikistan,Soybeans,824,496.51,327.49
Tajikistan,Wheat,23500,14556.66,8943.34
Tajikistan,Maize,93985,27597.61,66387.39
Tajikistan,Potatoes,237053,143658.9,93394.1
Tajikistan,"Rice, paddy",52616,27532.32,25083.68
Tajikistan,Sorghum,10687,16071.925,-5384.924999999999
Tajikistan,Soybeans,112,498.085,-386.085
Tajikistan,Wheat,19866,14397.125,5468.875
Tajikistan,Maize,98893,27430.2,71462.8
Tajikistan,Potatoes,231535,145831.615,85703.38500000001
Tajikistan,"Rice, paddy",43558,27763.09,15794.91
Tajikistan,Sorghum,8889,15935.27,-7046.27
Tajikistan,Soybeans,2459,497.2,1961.8
Tajikistan,Wheat,30343,14482.345,15860.655
Tajikistan,Maize,120521,27842.085,92678.91500000001
Tajikistan,Potatoes,239308,145836.14,93471.85999999999
Tajikistan,"Rice, paddy",51740,28591.07,23148.93
Tajikistan,Sorghum,17840,13923.71,3916.290000000001
Tajikistan,Soybeans,2156,591.175,1564.825
Tajikistan,Wheat,30159,14565.995,15593.005
Tajikistan,Maize,121228,27522.635,93705.365
Tajikistan,Potatoes,235049,145791.245,89257.755
Tajikistan,"Rice, paddy",58186,27786.03,30399.97
Tajikistan,Sorghum,7981,15949.88,-7968.879999999999
Tajikistan,Soybeans,2688,497.2,2190.8
Tajikistan,Wheat,23359,14437.265,8921.735
Tajikistan,Maize,125670,27860.395,97809.605
Tajikistan,Potatoes,237444,147643.555,89800.445
Tajikistan,"Rice, paddy",62517,26651.425,35865.575
Tajikistan,Sorghum,29444,15564.755,13879.245
Tajikistan,Soybeans,4000,489.625,3510.375
Tajikistan,Wheat,26758,15130.85,11627.15
Tajikistan,Maize,124827,29039.71,95787.29000000001
Tajikistan,Potatoes,251396,144241.695,107154.305
Tajikistan,"Rice, paddy",66592,29259.32,37332.68
Tajikistan,Sorghum,34000,14138.875,19861.125
Tajikistan,Soybeans,3273,815.71,2457.29
Tajikistan,Wheat,29735,15020.39,14714.61
Thailand,Cassava,170694,163787.055,6906.945000000007
Thailand,Maize,37145,33513.37,3631.6299999999974
Thailand,Potatoes,120717,143010.97,-22293.97
Thailand,"Rice, paddy",29338,30598.055,-1260.0550000000003
Thailand,Sorghum,18430,16291.07,2138.9300000000003
Thailand,Soybeans,14863,13537.68,1325.3199999999997
Thailand,Wheat,7148,10808.59,-3660.59
Thailand,Cassava,202778,161982.145,40795.85500000001
Thailand,Maize,38587,31717.175,6869.825000000001
Thailand,Potatoes,143224,139932.9,3291.100000000006
Thailand,"Rice, paddy",28895,30603.805,-1708.8050000000003
Thailand,Sorghum,16770,17505.825,-735.8250000000007
Thailand,Soybeans,14905,17099.395,-2194.3950000000004
Thailand,Wheat,7642,12131.215,-4489.215
Thailand,Cassava,171804,163787.055,8016.945000000007
Thailand,Maize,38161,33218.9,4942.0999999999985
Thailand,Potatoes,151076,142907.575,8168.424999999988
Thailand,"Rice, paddy",29974,30604.895,-630.8950000000004
Thailand,Sorghum,18904,16293.665,2610.334999999999
Thailand,Soybeans,15838,13543.77,2294.2299999999996
Thailand,Wheat,7816,10865.765,-3049.7649999999994
Thailand,Cassava,210910,163787.055,47122.94500000001
Thailand,Maize,39356,33513.37,5842.629999999997
Thailand,Potatoes,152815,142907.575,9907.424999999988
Thailand,"Rice, paddy",29503,30598.055,-1095.0550000000003
Thailand,Sorghum,16446,16293.665,152.33499999999913
Thailand,Soybeans,15787,13543.77,2243.2299999999996
Thailand,Wheat,7963,10808.59,-2845.59
Thailand,Cassava,229223,163864.31,65358.69
Thailand,Maize,39295,32728.15,6566.8499999999985
Thailand,Potatoes,157503,138402.355,19100.64499999999
Thailand,"Rice, paddy",30441,30616.515,-175.51499999999942
Thailand,Sorghum,17545,17186.315,358.6850000000013
Thailand,Soybeans,16114,13697.635,2416.365
Thailand,Wheat,8108,12636.84,-4528.84
Thailand,Cassava,212548,162691.775,49856.225000000006
Thailand,Maize,40748,32601.765,8146.235000000001
Thailand,Potatoes,150459,141137.31,9321.690000000002
Thailand,"Rice, paddy",29974,30595.33,-621.3300000000017
Thailand,Sorghum,16776,17393.9,-617.9000000000015
Thailand,Soybeans,16180,13607.595,2572.4050000000007
Thailand,Wheat,8256,12718.095,-4462.094999999999
Thailand,Cassava,226781,163864.31,62916.69
Thailand,Maize,41780,32728.15,9051.849999999999
Thailand,Potatoes,165948,138402.355,27545.64499999999
Thailand,"Rice, paddy",29079,30616.515,-1537.5149999999994
Thailand,Sorghum,18930,17186.315,1743.6850000000013
Thailand,Soybeans,16694,13697.635,2996.365
Thailand,Wheat,8473,12636.84,-4163.84
Thailand,Cassava,185730,163745.61,21984.390000000014
Thailand,Maize,41799,32454.52,9344.48
Thailand,Potatoes,142016,139638.44,2377.5599999999977
Thailand,"Rice, paddy",29921,30603.805,-682.8050000000003
Thailand,Sorghum,19175,17028.41,2146.59
Thailand,Soybeans,17695,13577.55,4117.450000000001
Thailand,Wheat,8756,12586.485,-3830.4850000000006
Thailand,Cassava,192995,160329.035,32665.964999999997
Thailand,Maize,43297,31342.37,11954.630000000001
Thailand,Potatoes,146421,142585.74,3835.2600000000093
Thailand,"Rice, paddy",31867,30570.525,1296.4749999999985
Thailand,Sorghum,18436,17549.675,886.3250000000007
Thailand,Soybeans,10841,17038.1,-6197.0999999999985
Thailand,Wheat,9085,12171.73,-3086.7299999999996
Thailand,Cassava,219133,163745.61,55387.390000000014
Thailand,Maize,43225,32454.52,10770.48
Thailand,Potatoes,153378,139638.44,13739.559999999998
Thailand,"Rice, paddy",31865,30603.805,1261.1949999999997
Thailand,Sorghum,18814,17028.41,1785.5900000000001
Thailand,Soybeans,12897,13577.55,-680.5499999999993
Thailand,Wheat,8696,12586.485,-3890.4850000000006
Thailand,Cassava,218232,148589.585,69642.41500000001
Thailand,Maize,42242,23539.94,18702.06
Thailand,Potatoes,150014,139783.76,10230.23999999999
Thailand,"Rice, paddy",31463,25049.44,6413.560000000001
Thailand,Sorghum,19061,16167.545,2893.455
Thailand,Soybeans,17308,13401.855,3906.1450000000004
Thailand,Wheat,12500,12804.3,-304.2999999999993
Tunisia,Potatoes,140399,149920.06,-9521.059999999998
Tunisia,Sorghum,4404,4985.46,-581.46
Tunisia,Wheat,14144,15465.375,-1321.375
Tunisia,Potatoes,154959,150934.16,4024.8399999999965
Tunisia,Sorghum,4504,5920.79,-1416.79
Tunisia,Wheat,16634,15559.48,1074.5200000000004
Tunisia,Potatoes,123604,150941.445,-27337.445000000007
Tunisia,Sorghum,4551,6631.27,-2080.2700000000004
Tunisia,Wheat,16918,15492.685,1425.3150000000005
Tunisia,Potatoes,146586,149692.265,-3106.265000000014
Tunisia,Sorghum,4599,5196.205,-597.2049999999999
Tunisia,Wheat,14941,14398.635,542.3649999999998
Tunisia,Potatoes,145418,148895.47,-3477.470000000001
Tunisia,Sorghum,4646,5355.855,-709.8549999999996
Tunisia,Wheat,18762,14394.655,4367.344999999999
Tunisia,Potatoes,149194,150044.05,-850.0499999999884
Tunisia,Sorghum,4691,5551.215,-860.2150000000001
Tunisia,Wheat,17174,12600.975,4573.025
Tunisia,Potatoes,144321,150489.725,-6168.725000000006
Tunisia,Sorghum,4733,5957.59,-1224.5900000000001
Tunisia,Wheat,21038,12468.455,8569.545
Tunisia,Potatoes,155462,151200.145,4261.8550000000105
Tunisia,Sorghum,4773,5549.465,-776.4650000000001
Tunisia,Wheat,18923,12373.68,6549.32
Tunisia,Potatoes,148760,150264.985,-1504.984999999986
Tunisia,Sorghum,4810,6139.615,-1329.6149999999998
Tunisia,Wheat,20791,12683.565,8107.4349999999995
Tunisia,Potatoes,150215,153280.495,-3065.4949999999953
Tunisia,Sorghum,5106,5418.575,-312.5749999999998
Tunisia,Wheat,20203,12415.985,7787.014999999999
Tunisia,Potatoes,160417,153358.55,7058.450000000012
Tunisia,Sorghum,5106,5483.465,-377.46500000000015
Tunisia,Wheat,14614,12646.605,1967.3950000000004
Turkey,Maize,42163,40604.43,1558.5699999999997
Turkey,Maize,42163,42392.57,-229.5699999999997
Turkey,Maize,42163,41467.03,695.9700000000012
Turkey,Maize,42163,41021.585,1141.4150000000009
Turkey,Maize,42163,41146.835,1016.1650000000009
Turkey,Potatoes,262966,258925.87,4040.1300000000047
Turkey,Potatoes,262966,254151.105,8814.89499999999
Turkey,Potatoes,262966,254452.775,8513.225000000006
Turkey,Potatoes,262966,255126.33,7839.670000000013
Turkey,Potatoes,262966,256413.61,6552.390000000014
Turkey,"Rice, paddy",60192,58775.66,1416.3399999999965
Turkey,"Rice, paddy",60192,59015.54,1176.4599999999991
Turkey,"Rice, paddy",60192,59903.6,288.40000000000146
Turkey,"Rice, paddy",60192,58478.74,1713.260000000002
Turkey,"Rice, paddy",60192,57839.985,2352.0149999999994
Turkey,Soybeans,29412,31531.88,-2119.880000000001
Turkey,Soybeans,29412,28828.095,583.9049999999988
Turkey,Soybeans,29412,29971.8,-559.7999999999993
Turkey,Soybeans,29412,31259.605,-1847.6049999999996
Turkey,Soybeans,29412,31296.505,-1884.505000000001
Turkey,Wheat,21006,21515.03,-509.02999999999884
Turkey,Wheat,21006,20605.06,400.9399999999987
Turkey,Wheat,21006,20784.825,221.17499999999927
Turkey,Wheat,21006,21334.4,-328.40000000000146
Turkey,Wheat,21006,21609.775,-603.7750000000015
Turkey,Maize,55076,40992.445,14083.555
Turkey,Maize,55076,42561.46,12514.54
Turkey,Maize,55076,41745.13,13330.870000000003
Turkey,Maize,55076,41226.795,13849.205000000002
Turkey,Maize,55076,41653.83,13422.169999999998
Turkey,Potatoes,268306,258719.43,9586.570000000007
Turkey,Potatoes,268306,254238.45,14067.549999999988
Turkey,Potatoes,268306,254452.775,13853.225000000006
Turkey,Potatoes,268306,255175.05,13130.950000000012
Turkey,Potatoes,268306,256797.5,11508.5
Turkey,"Rice, paddy",70010,58830.615,11179.385000000002
Turkey,"Rice, paddy",70010,59271.455,10738.544999999998
Turkey,"Rice, paddy",70010,59890.475,10119.525000000001
Turkey,"Rice, paddy",70010,58772.055,11237.945
Turkey,"Rice, paddy",70010,59015.48,10994.519999999997
Turkey,Sorghum,23333,11956.405,11376.595
Turkey,Sorghum,23333,25026.655,-1693.6549999999988
Turkey,Sorghum,23333,24778.35,-1445.3499999999985
Turkey,Sorghum,23333,26463.71,-3130.709999999999
Turkey,Sorghum,23333,23759.79,-426.7900000000009
Turkey,Soybeans,35714,31541.345,4172.654999999999
Turkey,Soybeans,35714,28957.45,6756.549999999999
Turkey,Soybeans,35714,29905.62,5808.380000000001
Turkey,Soybeans,35714,31176.27,4537.73
Turkey,Soybeans,35714,31258.355,4455.645
Turkey,Wheat,22658,21557.97,1100.0299999999988
Turkey,Wheat,22658,21232.115,1425.8849999999984
Turkey,Wheat,22658,21519.49,1138.5099999999984
Turkey,Wheat,22658,22100.86,557.1399999999994
Turkey,Wheat,22658,21868.37,789.630000000001
Turkey,Maize,70000,41382.57,28617.43
Turkey,Maize,70000,41301.025,28698.975
Turkey,Maize,70000,41217.695,28782.305
Turkey,Maize,70000,41534.68,28465.32
Turkey,Maize,70000,43931.95,26068.050000000003
Turkey,Potatoes,266540,262050.175,4489.825000000012
Turkey,Potatoes,266540,256949.835,9590.165000000008
Turkey,Potatoes,266540,257638.62,8901.380000000005
Turkey,Potatoes,266540,258258.315,8281.684999999998
Turkey,Potatoes,266540,260496.78,6043.220000000001
Turkey,"Rice, paddy",70664,49156.05,21507.949999999997
Turkey,"Rice, paddy",70664,59884.84,10779.160000000003
Turkey,"Rice, paddy",70664,60222.62,10441.379999999997
Turkey,"Rice, paddy",70664,59366.7,11297.300000000003
Turkey,"Rice, paddy",70664,52971.03,17692.97
Turkey,Sorghum,23256,12170.07,11085.93
Turkey,Sorghum,23256,26177.15,-2921.1500000000015
Turkey,Sorghum,23256,25924.495,-2668.494999999999
Turkey,Sorghum,23256,28037.285,-4781.285
Turkey,Sorghum,23256,32443.51,-9187.509999999998
Turkey,Soybeans,33721,30433.465,3287.535
Turkey,Soybeans,33721,27026.39,6694.610000000001
Turkey,Soybeans,33721,27705.63,6015.369999999999
Turkey,Soybeans,33721,29852.95,3868.0499999999993
Turkey,Soybeans,33721,29858.29,3862.709999999999
Turkey,Wheat,23309,21902.295,1406.7050000000017
Turkey,Wheat,23309,22659.175,649.8250000000007
Turkey,Wheat,23309,22509.1,799.9000000000015
Turkey,Wheat,23309,23510.51,-201.5099999999984
Turkey,Wheat,23309,23356.035,-47.034999999999854
Turkey,Maize,72139,39915.62,32223.379999999997
Turkey,Maize,72139,40889.42,31249.58
Turkey,Maize,72139,40118.985,32020.015
Turkey,Maize,72139,40028.145,32110.855000000003
Turkey,Maize,72139,40165.015,31973.985
Turkey,Potatoes,276077,255783.33,20293.670000000013
Turkey,Potatoes,276077,251843.825,24233.17499999999
Turkey,Potatoes,276077,251646.02,24430.98000000001
Turkey,Potatoes,276077,251822.565,24254.434999999998
Turkey,Potatoes,276077,253453.23,22623.76999999999
Turkey,"Rice, paddy",70273,58775.66,11497.339999999997
Turkey,"Rice, paddy",70273,59487.165,10785.835
Turkey,"Rice, paddy",70273,60076.06,10196.940000000002
Turkey,"Rice, paddy",70273,59988.07,10284.93
Turkey,"Rice, paddy",70273,59097.865,11175.135000000002
Turkey,Sorghum,26023,11802.315,14220.685
Turkey,Sorghum,26023,22348.305,3674.6949999999997
Turkey,Sorghum,26023,22418.155,3604.845000000001
Turkey,Sorghum,26023,24112.75,1910.25
Turkey,Sorghum,26023,29632.93,-3609.9300000000003
Turkey,Soybeans,39688,31815.755,7872.244999999999
Turkey,Soybeans,39688,29543.965,10144.035
Turkey,Soybeans,39688,29834.05,9853.95
Turkey,Soybeans,39688,30948.89,8739.11
Turkey,Soybeans,39688,31001.0,8687.0
Turkey,Wheat,23595,21178.92,2416.0800000000017
Turkey,Wheat,23595,20634.715,2960.285
Turkey,Wheat,23595,20679.615,2915.3849999999984
Turkey,Wheat,23595,20743.675,2851.3250000000007
Turkey,Wheat,23595,20850.57,2744.4300000000003
Turkey,Maize,68381,41993.58,26387.42
Turkey,Maize,68381,41300.39,27080.61
Turkey,Maize,68381,41495.97,26885.03
Turkey,Maize,68381,41680.785,26700.214999999997
Turkey,Maize,68381,42122.78,26258.22
Turkey,Potatoes,276422,257351.335,19070.665000000008
Turkey,Potatoes,276422,257921.535,18500.464999999997
Turkey,Potatoes,276422,257784.845,18637.155
Turkey,Potatoes,276422,259229.36,17192.640000000014
Turkey,Potatoes,276422,260851.16,15570.839999999997
Turkey,"Rice, paddy",69084,49182.4,19901.6
Turkey,"Rice, paddy",69084,59685.715,9398.285000000003
Turkey,"Rice, paddy",69084,59590.89,9493.11
Turkey,"Rice, paddy",69084,58178.125,10905.875
Turkey,"Rice, paddy",69084,49568.49,19515.510000000002
Turkey,Sorghum,32222,12249.905,19972.095
Turkey,Sorghum,32222,25988.46,6233.540000000001
Turkey,Sorghum,32222,25594.545,6627.455000000002
Turkey,Sorghum,32222,29364.08,2857.9199999999983
Turkey,Sorghum,32222,20033.225,12188.775000000001
Turkey,Soybeans,35350,30531.35,4818.6500000000015
Turkey,Soybeans,35350,27263.91,8086.09
Turkey,Soybeans,35350,28059.585,7290.415000000001
Turkey,Soybeans,35350,29959.725,5390.2750000000015
Turkey,Soybeans,35350,30530.035,4819.965
Turkey,Wheat,21675,21842.8,-167.79999999999927
Turkey,Wheat,21675,24448.78,-2773.779999999999
Turkey,Wheat,21675,24069.3,-2394.2999999999993
Turkey,Wheat,21675,24089.71,-2414.709999999999
Turkey,Wheat,21675,21948.61,-273.6100000000006
Turkey,Maize,71988,41868.1,30119.9
Turkey,Maize,71988,41476.95,30511.050000000003
Turkey,Maize,71988,41424.085,30563.915
Turkey,Maize,71988,41621.065,30366.934999999998
Turkey,Maize,71988,42012.37,29975.629999999997
Turkey,Potatoes,282947,261378.065,21568.934999999998
Turkey,Potatoes,282947,258398.505,24548.494999999995
Turkey,Potatoes,282947,258415.82,24531.179999999993
Turkey,Potatoes,282947,259933.54,23013.459999999992
Turkey,Potatoes,282947,260636.655,22310.345
Turkey,"Rice, paddy",75716,51836.65,23879.35
Turkey,"Rice, paddy",75716,59884.84,15831.160000000003
Turkey,"Rice, paddy",75716,60181.395,15534.605000000003
Turkey,"Rice, paddy",75716,58570.955,17145.045
Turkey,"Rice, paddy",75716,52139.33,23576.67
Turkey,Sorghum,30811,11512.785,19298.215
Turkey,Sorghum,30811,26218.74,4592.259999999998
Turkey,Sorghum,30811,25606.93,5204.07
Turkey,Sorghum,30811,28579.94,2231.0600000000013
Turkey,Sorghum,30811,24500.335,6310.665000000001
Turkey,Soybeans,36490,30619.41,5870.59
Turkey,Soybeans,36490,27346.53,9143.470000000001
Turkey,Soybeans,36490,28315.93,8174.07
Turkey,Soybeans,36490,30200.885,6289.115000000002
Turkey,Soybeans,36490,30395.14,6094.860000000001
Turkey,Wheat,23451,21785.945,1665.0550000000003
Turkey,Wheat,23451,21501.105,1949.8950000000004
Turkey,Wheat,23451,21312.54,2138.459999999999
Turkey,Wheat,23451,22366.71,1084.2900000000009
Turkey,Wheat,23451,22064.92,1386.0800000000017
Turkey,Maize,71878,41868.1,30009.9
Turkey,Maize,71878,41584.135,30293.864999999998
Turkey,Maize,71878,41424.085,30453.915
Turkey,Maize,71878,41613.355,30264.644999999997
Turkey,Maize,71878,41996.055,29881.945
Turkey,Potatoes,305986,261378.065,44607.935
Turkey,Potatoes,305986,258889.165,47096.83499999999
Turkey,Potatoes,305986,258156.33,47829.67000000001
Turkey,Potatoes,305986,259933.54,46052.45999999999
Turkey,Potatoes,305986,260636.655,45349.345
Turkey,"Rice, paddy",77765,51836.65,25928.35
Turkey,"Rice, paddy",77765,60011.79,17753.21
Turkey,"Rice, paddy",77765,60137.455,17627.545
Turkey,"Rice, paddy",77765,58570.955,19194.045
Turkey,"Rice, paddy",77765,52139.33,25625.67
Turkey,Sorghum,51316,11512.785,39803.215
Turkey,Sorghum,51316,26293.855,25022.145
Turkey,Sorghum,51316,25669.645,25646.355
Turkey,Sorghum,51316,28579.94,22736.06
Turkey,Sorghum,51316,24797.665,26518.335
Turkey,Soybeans,36570,30619.41,5950.59
Turkey,Soybeans,36570,27581.38,8988.619999999999
Turkey,Soybeans,36570,28436.105,8133.895
Turkey,Soybeans,36570,30200.885,6369.115000000002
Turkey,Soybeans,36570,30395.14,6174.860000000001
Turkey,Wheat,25667,21765.235,3901.7649999999994
Turkey,Wheat,25667,21490.28,4176.720000000001
Turkey,Wheat,25667,21312.54,4354.459999999999
Turkey,Wheat,25667,22381.05,3285.9500000000007
Turkey,Wheat,25667,22065.875,3601.125
Turkey,Maize,72614,39829.545,32784.455
Turkey,Maize,72614,41695.5,30918.5
Turkey,Maize,72614,41794.65,30819.35
Turkey,Maize,72614,41886.27,30727.730000000003
Turkey,Maize,72614,41562.645,31051.355000000003
Turkey,Potatoes,323303,252562.555,70740.445
Turkey,Potatoes,323303,258513.23,64789.76999999999
Turkey,Potatoes,323303,258601.83,64701.17000000001
Turkey,Potatoes,323303,265877.365,57425.63500000001
Turkey,Potatoes,323303,262370.275,60932.72499999998
Turkey,"Rice, paddy",86899,51919.41,34979.59
Turkey,"Rice, paddy",86899,60136.055,26762.945
Turkey,"Rice, paddy",86899,59934.915,26964.085
Turkey,"Rice, paddy",86899,58631.2,28267.800000000003
Turkey,"Rice, paddy",86899,51768.355,35130.645
Turkey,Sorghum,70968,10794.585,60173.415
Turkey,Sorghum,70968,25346.62,45621.380000000005
Turkey,Sorghum,70968,26106.145,44861.854999999996
Turkey,Sorghum,70968,28217.285,42750.715
Turkey,Sorghum,70968,13124.41,57843.59
Turkey,Soybeans,36869,28881.95,7987.049999999999
Turkey,Soybeans,36869,27677.9,9191.099999999999
Turkey,Soybeans,36869,27730.64,9138.36
Turkey,Soybeans,36869,29428.86,7440.139999999999
Turkey,Soybeans,36869,30550.045,6318.955000000002
Turkey,Wheat,24400,23654.465,745.5349999999999
Turkey,Wheat,24400,20877.195,3522.8050000000003
Turkey,Wheat,24400,21245.79,3154.209999999999
Turkey,Wheat,24400,22273.785,2126.215
Turkey,Wheat,24400,21940.24,2459.7599999999984
Turkey,Maize,71707,41514.34,30192.660000000003
Turkey,Maize,71707,42058.57,29648.43
Turkey,Maize,71707,41584.135,30122.864999999998
Turkey,Maize,71707,41766.36,29940.64
Turkey,Maize,71707,42347.105,29359.894999999997
Turkey,Potatoes,324041,262116.94,61924.06
Turkey,Potatoes,324041,256384.13,67656.87
Turkey,Potatoes,324041,258213.415,65827.58499999999
Turkey,Potatoes,324041,258556.77,65484.23000000001
Turkey,Potatoes,324041,261210.33,62830.67000000001
Turkey,"Rice, paddy",90559,49156.05,41402.95
Turkey,"Rice, paddy",90559,59305.115,31253.885000000002
Turkey,"Rice, paddy",90559,59960.21,30598.79
Turkey,"Rice, paddy",90559,60089.79,30469.21
Turkey,"Rice, paddy",90559,56467.325,34091.675
Turkey,Sorghum,69231,12368.03,56862.97
Turkey,Sorghum,69231,25642.81,43588.19
Turkey,Sorghum,69231,26188.13,43042.869999999995
Turkey,Sorghum,69231,25702.15,43528.85
Turkey,Sorghum,69231,31683.01,37547.990000000005
Turkey,Soybeans,38704,30433.465,8270.535
Turkey,Soybeans,38704,26265.505,12438.494999999999
Turkey,Soybeans,38704,27248.885,11455.115000000002
Turkey,Soybeans,38704,28117.375,10586.625
Turkey,Soybeans,38704,29277.77,9426.23
Turkey,Wheat,27038,21959.115,5078.884999999998
Turkey,Wheat,27038,22341.55,4696.450000000001
Turkey,Wheat,27038,22611.305,4426.695
Turkey,Wheat,27038,22398.45,4639.549999999999
Turkey,Wheat,27038,23005.045,4032.9550000000017
Turkey,Maize,73884,41868.1,32015.9
Turkey,Maize,73884,41477.39,32406.61
Turkey,Maize,73884,41334.13,32549.870000000003
Turkey,Maize,73884,41601.175,32282.824999999997
Turkey,Maize,73884,41815.13,32068.870000000003
Turkey,Potatoes,280384,259537.225,20846.774999999994
Turkey,Potatoes,280384,256694.175,23689.82500000001
Turkey,Potatoes,280384,257269.185,23114.815000000002
Turkey,Potatoes,280384,258786.905,21597.095
Turkey,Potatoes,280384,260636.655,19747.345
Turkey,"Rice, paddy",73539,49211.65,24327.35
Turkey,"Rice, paddy",73539,59732.93,13806.07
Turkey,"Rice, paddy",73539,60020.755,13518.245000000003
Turkey,"Rice, paddy",73539,58570.955,14968.044999999998
Turkey,"Rice, paddy",73539,49591.735,23947.265
Turkey,Sorghum,76000,11521.685,64478.315
Turkey,Sorghum,76000,26117.335,49882.665
Turkey,Sorghum,76000,25520.83,50479.17
Turkey,Sorghum,76000,28466.24,47533.759999999995
Turkey,Sorghum,76000,22216.62,53783.380000000005
Turkey,Soybeans,36394,30545.72,5848.279999999999
Turkey,Soybeans,36394,27193.05,9200.95
Turkey,Soybeans,36394,28089.84,8304.16
Turkey,Soybeans,36394,29996.62,6397.380000000001
Turkey,Soybeans,36394,30480.98,5913.02
Turkey,Wheat,26723,21784.605,4938.395
Turkey,Wheat,26723,23702.35,3020.6500000000015
Turkey,Wheat,26723,23482.03,3240.970000000001
Turkey,Wheat,26723,23609.465,3113.535
Turkey,Wheat,26723,21977.275,4745.7249999999985
Turkey,Maize,89499,42067.99,47431.01
Turkey,Maize,89499,41695.5,47803.5
Turkey,Maize,89499,41724.27,47774.73
Turkey,Maize,89499,41951.935,47547.065
Turkey,Maize,89499,41562.645,47936.355
Turkey,Potatoes,315329,259984.525,55344.475000000006
Turkey,Potatoes,315329,258513.23,56815.76999999999
Turkey,Potatoes,315329,258644.235,56684.765000000014
Turkey,Potatoes,315329,266037.865,49291.13500000001
Turkey,Potatoes,315329,262370.275,52958.72499999998
Turkey,"Rice, paddy",81380,49290.99,32089.010000000002
Turkey,"Rice, paddy",81380,60136.055,21243.945
Turkey,"Rice, paddy",81380,59663.815,21716.184999999998
Turkey,"Rice, paddy",81380,58423.07,22956.93
Turkey,"Rice, paddy",81380,49060.85,32319.15
Turkey,Sorghum,26544,11211.37,15332.63
Turkey,Sorghum,26544,25296.09,1247.9099999999999
Turkey,Sorghum,26544,27039.105,-495.10499999999956
Turkey,Sorghum,26544,27924.81,-1380.8100000000013
Turkey,Sorghum,26544,13119.28,13424.72
Turkey,Soybeans,41609,30635.02,10973.98
Turkey,Soybeans,41609,28117.375,13491.625
Turkey,Soybeans,41609,28457.525,13151.474999999999
Turkey,Soybeans,41609,29533.08,12075.919999999998
Turkey,Soybeans,41609,30550.325,11058.675
Turkey,Wheat,28451,21670.305,6780.695
Turkey,Wheat,28451,22308.81,6142.189999999999
Turkey,Wheat,28451,23109.495,5341.505000000001
Turkey,Wheat,28451,23060.83,5390.169999999998
Turkey,Wheat,28451,21862.625,6588.375
Uganda,Cassava,135000,122549.155,12450.845000000001
Uganda,Maize,18003,17018.43,984.5699999999997
Uganda,Plantains and others,60000,59571.095,428.90499999999884
Uganda,Potatoes,70000,67170.4,2829.600000000006
Uganda,"Rice, paddy",15000,14809.265,190.73500000000058
Uganda,Sorghum,14982,13492.905,1489.0949999999993
Uganda,Soybeans,10993,11642.14,-649.1399999999994
Uganda,Sweet potatoes,44007,40948.825,3058.175000000003
Uganda,Wheat,17500,17490.285,9.715000000000146
Uganda,Cassava,135135,122549.155,12585.845000000001
Uganda,Maize,14400,16579.78,-2179.779999999999
Uganda,Plantains and others,58000,59752.395,-1752.3949999999968
Uganda,Potatoes,69036,66757.29,2278.7100000000064
Uganda,"Rice, paddy",13011,14781.2,-1770.2000000000007
Uganda,Sorghum,14000,12419.945,1580.0550000000003
Uganda,Soybeans,10972,11623.785,-651.7849999999999
Uganda,Sweet potatoes,44020,40250.05,3769.949999999997
Uganda,Wheat,16667,17346.545,-679.5449999999983
Uganda,Cassava,144083,122344.915,21738.085000000006
Uganda,Maize,15859,16579.78,-720.7799999999988
Uganda,Plantains and others,54000,59752.395,-5752.394999999997
Uganda,Potatoes,68023,61410.85,6612.1500000000015
Uganda,"Rice, paddy",15000,14723.56,276.4400000000005
Uganda,Sorghum,15272,12413.36,2858.6399999999994
Uganda,Soybeans,10972,11396.45,-424.4500000000007
Uganda,Sweet potatoes,44136,40250.05,3885.949999999997
Uganda,Wheat,16667,17345.405,-678.4049999999988
Uganda,Cassava,129974,122549.155,7424.845000000001
Uganda,Maize,15361,17018.43,-1657.4300000000003
Uganda,Plantains and others,53989,59571.095,-5582.095000000001
Uganda,Potatoes,69778,67170.4,2607.600000000006
Uganda,"Rice, paddy",13628,14783.62,-1155.6200000000008
Uganda,Sorghum,14286,13492.905,793.0949999999993
Uganda,Soybeans,12069,11651.835,417.1650000000009
Uganda,Sweet potatoes,45000,40948.825,4051.175000000003
Uganda,Wheat,18000,17490.285,509.71500000000015
Uganda,Cassava,128834,123316.795,5517.205000000002
Uganda,Maize,14950,17378.535,-2428.535
Uganda,Plantains and others,55012,59217.965,-4205.9649999999965
Uganda,Potatoes,69892,70848.155,-956.1549999999988
Uganda,"Rice, paddy",13613,14850.49,-1237.4899999999998
Uganda,Sorghum,14573,14017.34,555.6599999999999
Uganda,Soybeans,11973,11707.855,265.14500000000044
Uganda,Sweet potatoes,45912,43000.69,2911.3099999999977
Uganda,Wheat,17273,17511.16,-238.15999999999985
Uganda,Cassava,72252,123316.795,-51064.795
Uganda,Maize,22005,17378.535,4626.465
Uganda,Plantains and others,46017,59217.965,-13200.964999999997
Uganda,Potatoes,47419,70848.155,-23429.155
Uganda,"Rice, paddy",13895,14850.49,-955.4899999999998
Uganda,Sorghum,10663,14017.34,-3354.34
Uganda,Soybeans,7097,11707.855,-4610.855
Uganda,Sweet potatoes,42014,43000.69,-986.6900000000023
Uganda,Wheat,17273,17511.16,-238.15999999999985
Uganda,Cassava,71829,122344.915,-50515.91499999999
Uganda,Maize,24996,16579.78,8416.220000000001
Uganda,Plantains and others,48004,59752.395,-11748.394999999997
Uganda,Potatoes,46286,63713.7,-17427.699999999997
Uganda,"Rice, paddy",23926,14802.5,9123.5
Uganda,Sorghum,11009,12413.36,-1404.3600000000006
Uganda,Soybeans,6000,11541.525,-5541.525
Uganda,Sweet potatoes,41965,40250.05,1714.949999999997
Uganda,Wheat,16667,17345.405,-678.4049999999988
Uganda,Cassava,61120,122344.915,-61224.91499999999
Uganda,Maize,22999,16579.78,6419.220000000001
Uganda,Plantains and others,48000,59752.395,-11752.394999999997
Uganda,Potatoes,47714,63713.7,-15999.699999999997
Uganda,"Rice, paddy",25070,14763.695,10306.305
Uganda,Sorghum,11008,12419.945,-1411.9449999999997
Uganda,Soybeans,6000,11600.09,-5600.09
Uganda,Sweet potatoes,44955,40250.05,4704.949999999997
Uganda,Wheat,16667,17345.405,-678.4049999999988
Uganda,Cassava,48728,122753.395,-74025.395
Uganda,Maize,23999,17200.965,6798.035
Uganda,Plantains and others,48000,59484.32,-11484.32
Uganda,Potatoes,49920,67364.83,-17444.83
Uganda,"Rice, paddy",25889,14775.8,11113.2
Uganda,Sorghum,12005,13671.745,-1666.7450000000008
Uganda,Soybeans,7000,11653.265,-4653.264999999999
Uganda,Sweet potatoes,40000,41622.805,-1622.8050000000003
Uganda,Wheat,17692,17487.665,204.33499999999913
Uganda,Cassava,32973,122549.155,-89576.155
Uganda,Maize,24996,16579.78,8416.220000000001
Uganda,Plantains and others,45999,59752.395,-13753.394999999997
Uganda,Potatoes,49440,66757.29,-17317.289999999994
Uganda,"Rice, paddy",23043,14781.2,8261.8
Uganda,Sorghum,9008,12419.945,-3411.9449999999997
Uganda,Soybeans,5001,11623.785,-6622.785
Uganda,Sweet potatoes,40978,40250.05,727.9499999999971
Uganda,Wheat,14286,17346.545,-3060.5449999999983
Uganda,Cassava,35006,122344.915,-87338.915
Uganda,Maize,24949,16579.78,8369.220000000001
Uganda,Plantains and others,45000,59752.395,-14752.394999999997
Uganda,Potatoes,45013,63713.7,-18700.699999999997
Uganda,"Rice, paddy",23011,14778.815,8232.185
Uganda,Sorghum,8016,12419.945,-4403.945
Uganda,Soybeans,5000,11600.09,-6600.09
Uganda,Sweet potatoes,40059,40250.05,-191.0500000000029
Uganda,Wheat,14286,17345.405,-3059.404999999999
Ukraine,Maize,35167,32519.025,2647.9749999999985
Ukraine,Potatoes,104374,129017.68,-24643.679999999993
Ukraine,"Rice, paddy",39894,34469.74,5424.260000000002
Ukraine,Sorghum,13276,12561.2,714.7999999999993
Ukraine,Soybeans,12699,11746.51,952.4899999999998
Ukraine,Wheat,30455,24008.31,6446.689999999999
Ukraine,Maize,38558,33830.53,4727.470000000001
Ukraine,Potatoes,133386,130602.73,2783.270000000004
Ukraine,"Rice, paddy",37746,33175.0,4571.0
Ukraine,Sorghum,18258,13753.025,4504.975
Ukraine,Soybeans,14175,11914.98,2260.0200000000004
Ukraine,Wheat,31661,27150.615,4510.384999999998
Ukraine,Maize,43185,32229.62,10955.380000000001
Ukraine,Potatoes,128388,108229.16,20158.839999999997
Ukraine,"Rice, paddy",43458,35365.46,8092.540000000001
Ukraine,Sorghum,26816,10791.305,16024.695
Ukraine,Soybeans,14527,10807.92,3719.08
Ukraine,Wheat,28457,27027.865,1429.1349999999984
Ukraine,Maize,37352,28505.02,8846.98
Ukraine,Potatoes,133199,108532.645,24666.354999999996
Ukraine,"Rice, paddy",46065,33395.775,12669.224999999999
Ukraine,Sorghum,18587,9171.72,9415.28
Ukraine,Soybeans,12445,10795.16,1649.8400000000001
Ukraine,Wheat,25308,24322.01,985.9900000000016
Ukraine,Maize,39001,28824.86,10176.14
Ukraine,Potatoes,131439,104283.42,27155.58
Ukraine,"Rice, paddy",51185,33972.21,17212.79
Ukraine,Sorghum,15067,10860.365,4206.635
Ukraine,Soybeans,12392,11531.495,860.5049999999992
Ukraine,Wheat,23420,23132.61,287.3899999999994
Ukraine,Maize,46911,28819.49,18091.51
Ukraine,Potatoes,138728,105154.94,33573.06
Ukraine,"Rice, paddy",50859,34771.545,16087.455000000002
Ukraine,Sorghum,20660,10919.62,9740.38
Ukraine,Soybeans,15111,10933.655,4177.344999999999
Ukraine,Wheat,36698,26346.34,10351.66
Ukraine,Maize,50195,29091.38,21103.62
Ukraine,Potatoes,139298,106959.01,32338.990000000005
Ukraine,"Rice, paddy",58327,33617.93,24709.07
Ukraine,Sorghum,21276,9829.745,11446.255
Ukraine,Soybeans,16763,10859.71,5903.290000000001
Ukraine,Wheat,30930,23120.945,7809.055
Ukraine,Maize,45147,28390.81,16756.19
Ukraine,Potatoes,132481,113246.55,19234.449999999997
Ukraine,"Rice, paddy",50512,33657.08,16854.92
Ukraine,Sorghum,21394,11054.015,10339.985
Ukraine,Soybeans,16207,10049.135,6157.865
Ukraine,Wheat,26816,27147.62,-331.619999999999
Ukraine,Maize,64446,28719.145,35726.854999999996
Ukraine,Potatoes,168039,117129.475,50909.524999999994
Ukraine,"Rice, paddy",57399,35415.43,21983.57
Ukraine,Sorghum,26372,13488.865,12883.135
Ukraine,Soybeans,20394,9904.955,10489.045
Ukraine,Wheat,33533,27824.92,5708.080000000002
Ukraine,Maize,47946,28766.305,19179.695
Ukraine,Potatoes,161001,117212.695,43788.30499999999
Ukraine,"Rice, paddy",61938,35353.28,26584.72
Ukraine,Sorghum,15230,13455.825,1774.1749999999993
Ukraine,Soybeans,17065,10119.185,6945.8150000000005
Ukraine,Wheat,27999,27824.92,174.08000000000175
Ukraine,Maize,64119,30151.71,33967.29
Ukraine,Potatoes,159664,115877.57,43786.42999999999
Ukraine,"Rice, paddy",59938,36697.755,23240.245000000003
Ukraine,Sorghum,27409,15022.745,12386.255
Ukraine,Soybeans,20535,11296.73,9238.27
Ukraine,Wheat,33931,26523.865,7407.134999999998
United Kingdom,Potatoes,440886,413845.365,27040.63500000001
United Kingdom,Potatoes,440886,412910.485,27975.515000000014
United Kingdom,Potatoes,440886,412910.485,27975.515000000014
United Kingdom,Potatoes,440886,413891.24,26994.76000000001
United Kingdom,Potatoes,440886,413559.71,27326.28999999998
United Kingdom,Wheat,80028,70644.51,9383.490000000005
United Kingdom,Wheat,80028,70857.075,9170.925000000003
United Kingdom,Wheat,80028,70857.075,9170.925000000003
United Kingdom,Wheat,80028,70792.97,9235.029999999999
United Kingdom,Wheat,80028,71016.475,9011.524999999994
United Kingdom,Potatoes,424781,413859.515,10921.484999999986
United Kingdom,Potatoes,424781,413080.595,11700.405000000028
United Kingdom,Potatoes,424781,413080.595,11700.405000000028
United Kingdom,Potatoes,424781,413937.5,10843.5
United Kingdom,Potatoes,424781,413365.57,11415.429999999993
United Kingdom,Wheat,77754,70688.885,7065.115000000005
United Kingdom,Wheat,77754,70843.59,6910.4100000000035
United Kingdom,Wheat,77754,70843.59,6910.4100000000035
United Kingdom,Wheat,77754,70828.82,6925.179999999993
United Kingdom,Wheat,77754,71071.105,6682.895000000004
United Kingdom,Potatoes,435153,413859.515,21293.484999999986
United Kingdom,Potatoes,435153,413656.19,21496.809999999998
United Kingdom,Potatoes,435153,413656.19,21496.809999999998
United Kingdom,Potatoes,435153,413921.445,21231.554999999993
United Kingdom,Potatoes,435153,414828.075,20324.92499999999
United Kingdom,Wheat,79609,70758.045,8850.955000000002
United Kingdom,Wheat,79609,70797.35,8811.649999999994
United Kingdom,Wheat,79609,70797.35,8811.649999999994
United Kingdom,Wheat,79609,70798.695,8810.304999999993
United Kingdom,Wheat,79609,71107.13,8501.869999999995
United Kingdom,Potatoes,415887,396483.35,19403.650000000023
United Kingdom,Potatoes,415887,396728.245,19158.755000000005
United Kingdom,Potatoes,415887,396728.245,19158.755000000005
United Kingdom,Potatoes,415887,396327.26,19559.73999999999
United Kingdom,Potatoes,415887,397203.875,18683.125
United Kingdom,Wheat,80361,70315.375,10045.625
United Kingdom,Wheat,80361,70450.225,9910.774999999994
United Kingdom,Wheat,80361,70450.225,9910.774999999994
United Kingdom,Wheat,80361,70318.475,10042.524999999994
United Kingdom,Wheat,80361,69994.4,10366.600000000006
United Kingdom,Potatoes,401926,396804.63,5121.369999999995
United Kingdom,Potatoes,401926,395976.36,5949.640000000014
United Kingdom,Potatoes,401926,395976.36,5949.640000000014
United Kingdom,Potatoes,401926,396238.78,5687.219999999972
United Kingdom,Potatoes,401926,397043.89,4882.109999999986
United Kingdom,Wheat,72244,70315.375,1928.625
United Kingdom,Wheat,72244,70462.8,1781.199999999997
United Kingdom,Wheat,72244,70462.8,1781.199999999997
United Kingdom,Wheat,72244,70318.475,1925.5249999999942
United Kingdom,Wheat,72244,70382.105,1861.895000000004
United Kingdom,Potatoes,416597,396654.02,19942.97999999998
United Kingdom,Potatoes,416597,396686.0,19911.0
United Kingdom,Potatoes,416597,396686.0,19911.0
United Kingdom,Potatoes,416597,396314.285,20282.715000000026
United Kingdom,Potatoes,416597,396172.92,20424.080000000016
United Kingdom,Wheat,82814,70196.235,12617.765
United Kingdom,Wheat,82814,70398.58,12415.419999999998
United Kingdom,Wheat,82814,70398.58,12415.419999999998
United Kingdom,Wheat,82814,70213.905,12600.095000000001
United Kingdom,Wheat,82814,70462.8,12351.199999999997
United Kingdom,Potatoes,444167,396786.095,47380.90500000003
United Kingdom,Potatoes,444167,396725.41,47441.590000000026
United Kingdom,Potatoes,444167,396725.41,47441.590000000026
United Kingdom,Potatoes,444167,396372.4,47794.59999999998
United Kingdom,Potatoes,444167,396322.295,47844.705000000016
United Kingdom,Wheat,79284,70350.105,8933.895000000004
United Kingdom,Wheat,79284,70528.39,8755.61
United Kingdom,Wheat,79284,70528.39,8755.61
United Kingdom,Wheat,79284,70376.82,8907.179999999993
United Kingdom,Wheat,79284,70465.64,8818.36
United Kingdom,Potatoes,438841,395569.775,43271.22499999998
United Kingdom,Potatoes,438841,395551.255,43289.744999999995
United Kingdom,Potatoes,438841,395551.255,43289.744999999995
United Kingdom,Potatoes,438841,393804.84,45036.159999999974
United Kingdom,Potatoes,438841,395853.93,42987.07000000001
United Kingdom,Wheat,76746,70598.44,6147.559999999998
United Kingdom,Wheat,76746,70742.76,6003.240000000005
United Kingdom,Wheat,76746,70742.76,6003.240000000005
United Kingdom,Wheat,76746,70265.995,6480.005000000005
United Kingdom,Wheat,76746,70809.16,5936.8399999999965
United Kingdom,Potatoes,432192,396071.88,36120.119999999995
United Kingdom,Potatoes,432192,396540.475,35651.52500000002
United Kingdom,Potatoes,432192,396540.475,35651.52500000002
United Kingdom,Potatoes,432192,395601.27,36590.72999999998
United Kingdom,Potatoes,432192,395759.845,36432.15500000003
United Kingdom,Wheat,77471,70867.595,6603.404999999999
United Kingdom,Wheat,77471,70900.29,6570.710000000006
United Kingdom,Wheat,77471,70900.29,6570.710000000006
United Kingdom,Wheat,77471,70733.285,6737.7149999999965
United Kingdom,Wheat,77471,70253.1,7217.899999999994
United Kingdom,Potatoes,305570,398529.605,-92959.60499999998
United Kingdom,Potatoes,305570,399059.975,-93489.97499999998
United Kingdom,Potatoes,305570,399059.975,-93489.97499999998
United Kingdom,Potatoes,305570,398685.53,-93115.53000000003
United Kingdom,Potatoes,305570,399150.995,-93580.995
United Kingdom,Wheat,66571,70806.08,-4235.080000000002
United Kingdom,Wheat,66571,70848.7,-4277.699999999997
United Kingdom,Wheat,66571,70848.7,-4277.699999999997
United Kingdom,Wheat,66571,70157.82,-3586.820000000007
United Kingdom,Wheat,66571,70705.47,-4134.470000000001
United Kingdom,Potatoes,408993,398538.86,10454.140000000014
United Kingdom,Potatoes,408993,399059.975,9933.025000000023
United Kingdom,Potatoes,408993,399059.975,9933.025000000023
United Kingdom,Potatoes,408993,398557.38,10435.619999999995
United Kingdom,Potatoes,408993,399225.165,9767.835000000021
United Kingdom,Wheat,73838,70717.62,3120.3800000000047
United Kingdom,Wheat,73838,70928.755,2909.2449999999953
United Kingdom,Wheat,73838,70928.755,2909.2449999999953
United Kingdom,Wheat,73838,70573.3,3264.699999999997
United Kingdom,Wheat,73838,70844.67,2993.3300000000017
Uruguay,Maize,33552,33962.075,-410.0749999999971
Uruguay,Potatoes,129399,139866.015,-10467.015000000014
Uruguay,"Rice, paddy",58632,64293.01,-5661.010000000002
Uruguay,Sorghum,32075,28470.09,3604.91
Uruguay,Soybeans,24567,17901.64,6665.360000000001
Uruguay,Sweet potatoes,100000,98663.98,1336.020000000004
Uruguay,Wheat,15011,20023.185,-5012.185000000001
Uruguay,Maize,49640,35158.405,14481.595000000001
Uruguay,Potatoes,159905,149774.925,10130.075000000012
Uruguay,"Rice, paddy",67712,64671.905,3040.095000000001
Uruguay,Sorghum,38760,30656.92,8103.080000000002
Uruguay,Soybeans,15263,18149.165,-2886.165000000001
Uruguay,Sweet potatoes,90909,102012.56,-11103.559999999998
Uruguay,Wheat,29704,19873.71,9830.29
Uruguay,Maize,41419,34680.71,6738.290000000001
Uruguay,Potatoes,189330,149306.895,40023.10500000001
Uruguay,"Rice, paddy",66005,64564.745,1440.2549999999974
Uruguay,Sorghum,44579,27851.09,16727.91
Uruguay,Soybeans,18381,18181.315,199.6850000000013
Uruguay,Sweet potatoes,94286,102090.235,-7804.235000000001
Uruguay,Wheat,29583,20036.305,9546.695
Uruguay,Maize,41837,34737.075,7099.925000000003
Uruguay,Potatoes,172693,148295.19,24397.809999999998
Uruguay,"Rice, paddy",72893,64564.745,8328.254999999997
Uruguay,Sorghum,38797,27811.525,10985.474999999999
Uruguay,Soybeans,21899,18220.83,3678.1699999999983
Uruguay,Sweet potatoes,91892,102090.235,-10198.235
Uruguay,Wheat,31603,19841.41,11761.59
Uruguay,Maize,57541,39751.085,17789.915
Uruguay,Potatoes,149353,157775.295,-8422.295000000013
Uruguay,"Rice, paddy",78796,62061.84,16734.160000000003
Uruguay,Sorghum,38000,33087.58,4912.419999999998
Uruguay,Soybeans,22233,18919.635,3313.3650000000016
Uruguay,Sweet potatoes,93333,100552.855,-7219.854999999996
Uruguay,Wheat,28420,21710.145,6709.855
Uruguay,Maize,41526,38363.33,3162.6699999999983
Uruguay,Potatoes,169299,156132.355,13166.64499999999
Uruguay,"Rice, paddy",78989,64821.385,14167.614999999998
Uruguay,Sorghum,40106,32877.55,7228.449999999997
Uruguay,Soybeans,16733,19252.74,-2519.7400000000016
Uruguay,Sweet potatoes,93421,102315.075,-8894.074999999997
Uruguay,Wheat,28560,20632.675,7927.325000000001
Uruguay,Maize,30834,37622.84,-6788.8399999999965
Uruguay,Potatoes,161006,150779.235,10226.765000000014
Uruguay,"Rice, paddy",80100,63659.7,16440.300000000003
Uruguay,Sorghum,47606,28976.595,18629.405
Uruguay,Soybeans,17802,17072.005,729.994999999999
Uruguay,Sweet potatoes,94737,101090.805,-6353.804999999993
Uruguay,Wheat,33583,21265.805,12317.195
Uruguay,Maize,55115,37439.77,17675.230000000003
Uruguay,Potatoes,200915,148215.92,52699.07999999999
Uruguay,"Rice, paddy",70954,62734.805,8219.195
Uruguay,Sorghum,39093,29798.115,9294.884999999998
Uruguay,Soybeans,21124,18193.19,2930.8100000000013
Uruguay,Sweet potatoes,94156,99673.38,-5517.380000000005
Uruguay,Wheat,32196,21390.32,10805.68
Uruguay,Maize,35377,36636.1,-1259.0999999999985
Uruguay,Potatoes,177610,149241.8,28368.20000000001
Uruguay,"Rice, paddy",83827,62600.405,21226.595
Uruguay,Sorghum,39299,29512.825,9786.175
Uruguay,Soybeans,17875,16796.45,1078.5499999999993
Uruguay,Sweet potatoes,94872,99347.975,-4475.975000000006
Uruguay,Wheat,33979,21665.86,12313.14
Uruguay,Maize,42615,34955.185,7659.815000000002
Uruguay,Potatoes,219891,203656.94,16234.059999999998
Uruguay,"Rice, paddy",78513,63093.175,15419.824999999997
Uruguay,Sorghum,42273,32131.465,10141.535
Uruguay,Soybeans,23902,19245.745,4656.255000000001
Uruguay,Sweet potatoes,94375,101235.29,-6860.289999999994
Uruguay,Wheat,21822,24940.255,-3118.255000000001
Uruguay,Maize,56309,38116.55,18192.449999999997
Uruguay,Potatoes,224434,264776.205,-40342.205000000016
Uruguay,"Rice, paddy",78812,60688.165,18123.835
Uruguay,Sorghum,42653,32681.665,9971.335
Uruguay,Soybeans,26333,18969.405,7363.595000000001
Uruguay,Sweet potatoes,93902,96558.295,-2656.2949999999983
Uruguay,Wheat,33177,22365.435,10811.564999999999
Zambia,Cassava,55538,65854.58,-10316.580000000002
Zambia,Maize,14097,13637.195,459.8050000000003
Zambia,Potatoes,115006,109552.635,5453.365000000005
Zambia,"Rice, paddy",12857,10147.83,2709.17
Zambia,Sorghum,7637,6875.91,761.0900000000001
Zambia,Soybeans,11250,8841.425,2408.5750000000007
Zambia,Sweet potatoes,19969,18308.2,1660.7999999999993
Zambia,Wheat,62500,56561.075,5938.925000000003
Zambia,Cassava,58000,63415.55,-5415.550000000003
Zambia,Maize,19239,14828.295,4410.705
Zambia,Potatoes,127573,105095.56,22477.440000000002
Zambia,"Rice, paddy",13751,12077.675,1673.3250000000007
Zambia,Sorghum,5797,7622.475,-1825.4750000000004
Zambia,Soybeans,12973,10680.16,2292.84
Zambia,Sweet potatoes,38881,12179.225,26701.775
Zambia,Wheat,61181,64586.46,-3405.459999999999
Zambia,Cassava,58667,66500.43,-7833.429999999993
Zambia,Maize,18594,12411.095,6182.905000000001
Zambia,Potatoes,144245,112095.045,32149.955
Zambia,"Rice, paddy",12864,9896.27,2967.7299999999996
Zambia,Sorghum,8588,6835.105,1752.8950000000004
Zambia,Soybeans,16371,8980.22,7390.780000000001
Zambia,Sweet potatoes,29828,23860.885,5967.115000000002
Zambia,Wheat,62104,54951.685,7152.315000000002
Zambia,Cassava,57917,64038.255,-6121.254999999997
Zambia,Maize,18992,16805.88,2186.119999999999
Zambia,Potatoes,140000,105272.55,34727.45
Zambia,"Rice, paddy",9726,12350.375,-2624.375
Zambia,Sorghum,6013,7614.495,-1601.495
Zambia,Soybeans,13708,9876.935,3831.0650000000005
Zambia,Sweet potatoes,31527,12725.605,18801.395
Zambia,Wheat,54946,61280.27,-6334.269999999997
Zambia,Cassava,57917,63515.665,-5598.665000000001
Zambia,Maize,23342,14869.055,8472.945
Zambia,Potatoes,131818,105178.265,26639.735
Zambia,"Rice, paddy",15126,12077.675,3048.3250000000007
Zambia,Sorghum,6589,7666.335,-1077.335
Zambia,Soybeans,16013,10375.63,5637.370000000001
Zambia,Sweet potatoes,27702,12187.38,15514.62
Zambia,Wheat,61511,64767.095,-3256.095000000001
Zambia,Cassava,57834,64779.28,-6945.279999999999
Zambia,Maize,22442,15628.275,6813.725
Zambia,Potatoes,101051,105286.81,-4235.809999999998
Zambia,"Rice, paddy",13833,11569.945,2263.0550000000003
Zambia,Sorghum,2976,7573.255,-4597.255
Zambia,Soybeans,18642,14942.495,3699.504999999999
Zambia,Sweet potatoes,35714,12387.965,23326.035
Zambia,Wheat,99387,63514.545,35872.455
Zambia,Cassava,58043,62598.18,-4555.18
Zambia,Maize,20692,15434.11,5257.889999999999
Zambia,Potatoes,172628,104553.995,68074.005
Zambia,"Rice, paddy",16390,11858.38,4531.620000000001
Zambia,Sorghum,6777,7626.645,-849.6450000000004
Zambia,Soybeans,18893,12034.355,6858.645
Zambia,Sweet potatoes,33057,12323.02,20733.98
Zambia,Wheat,56991,62949.75,-5958.75
Zambia,Cassava,57968,65691.76,-7723.759999999995
Zambia,Maize,25871,13813.075,12057.925
Zambia,Potatoes,162228,109199.99,53028.009999999995
Zambia,"Rice, paddy",16778,10338.45,6439.549999999999
Zambia,Sorghum,9593,7105.35,2487.6499999999996
Zambia,Soybeans,18409,8840.53,9568.47
Zambia,Sweet potatoes,36651,16164.63,20486.370000000003
Zambia,Wheat,63118,57789.135,5328.864999999998
Zambia,Cassava,57754,63515.665,-5761.665000000001
Zambia,Maize,27414,14400.19,13013.81
Zambia,Potatoes,156005,106023.15,49981.850000000006
Zambia,"Rice, paddy",17974,12084.265,5889.735000000001
Zambia,Sorghum,8223,7607.465,615.5349999999999
Zambia,Soybeans,19427,10258.88,9168.12
Zambia,Sweet potatoes,33930,12225.25,21704.75
Zambia,Wheat,63068,64924.905,-1856.9049999999988
Zambia,Cassava,58188,63415.55,-5227.550000000003
Zambia,Maize,26545,14828.295,11716.705
Zambia,Potatoes,155862,105178.265,50683.735
Zambia,"Rice, paddy",17255,12077.675,5177.325000000001
Zambia,Sorghum,9787,7634.955,2152.045
Zambia,Soybeans,23941,10654.485,13286.515
Zambia,Sweet potatoes,39181,12181.54,26999.46
Zambia,Wheat,68135,64586.46,3548.540000000001
Zambia,Cassava,58248,69816.62,-11568.619999999995
Zambia,Maize,25382,18153.22,7228.779999999999
Zambia,Potatoes,158337,117984.54,40352.46000000001
Zambia,"Rice, paddy",11617,11322.07,294.9300000000003
Zambia,Sorghum,6478,8130.645,-1652.6450000000004
Zambia,Soybeans,20909,16144.35,4764.65
Zambia,Sweet potatoes,38873,17559.555,21313.445
Zambia,Wheat,65435,60919.49,4515.510000000002
Zimbabwe,Cassava,42679,44616.29,-1937.2900000000009
Zimbabwe,Maize,4554,13518.615,-8964.615
Zimbabwe,Potatoes,159091,162875.96,-3784.959999999992
Zimbabwe,"Rice, paddy",22618,21850.365,767.6349999999984
Zimbabwe,Sorghum,2652,5322.065,-2670.0649999999996
Zimbabwe,Soybeans,16466,20472.745,-4006.744999999999
Zimbabwe,Sweet potatoes,21250,25242.525,-3992.5250000000015
Zimbabwe,Wheat,50000,53583.17,-3583.1699999999983
Zimbabwe,Cassava,43678,45152.42,-1474.4199999999983
Zimbabwe,Maize,12965,14091.715,-1126.7150000000001
Zimbabwe,Potatoes,161413,166479.125,-5066.125
Zimbabwe,"Rice, paddy",23149,21225.315,1923.6850000000013
Zimbabwe,Sorghum,6193,5303.645,889.3549999999996
Zimbabwe,Soybeans,17314,21413.645,-4099.645
Zimbabwe,Sweet potatoes,21376,33436.465,-12060.464999999997
Zimbabwe,Wheat,35000,51014.24,-16014.239999999998
Zimbabwe,Cassava,43541,44820.915,-1279.9150000000009
Zimbabwe,Maize,6195,10065.52,-3870.5200000000004
Zimbabwe,Potatoes,162464,162603.0,-139.0
Zimbabwe,"Rice, paddy",23165,21634.375,1530.625
Zimbabwe,Sorghum,2726,4776.495,-2050.495
Zimbabwe,Soybeans,13549,18782.05,-5233.049999999999
Zimbabwe,Sweet potatoes,21472,23579.135,-2107.1349999999984
Zimbabwe,Wheat,35000,50283.61,-15283.61
Zimbabwe,Cassava,43714,44655.38,-941.3799999999974
Zimbabwe,Maize,9772,13043.695,-3271.6949999999997
Zimbabwe,Potatoes,163494,162228.445,1265.554999999993
Zimbabwe,"Rice, paddy",24000,21851.02,2148.9799999999996
Zimbabwe,Sorghum,4091,5065.245,-974.2449999999999
Zimbabwe,Soybeans,14908,20725.28,-5817.279999999999
Zimbabwe,Sweet potatoes,21569,29602.95,-8033.950000000001
Zimbabwe,Wheat,36000,52226.15,-16226.150000000001
Zimbabwe,Cassava,43146,44075.345,-929.3450000000012
Zimbabwe,Maize,8651,13082.575,-4431.575000000001
Zimbabwe,Potatoes,164490,162211.38,2278.6199999999953
Zimbabwe,"Rice, paddy",23058,21845.85,1212.1500000000015
Zimbabwe,Sorghum,3332,5056.85,-1724.8500000000004
Zimbabwe,Soybeans,17566,20653.33,-3087.3300000000017
Zimbabwe,Sweet potatoes,21951,29477.24,-7526.240000000002
Zimbabwe,Wheat,29998,52190.6,-22192.6
Zimbabwe,Cassava,44259,44655.38,-396.3799999999974
Zimbabwe,Maize,2867,13248.58,-10381.58
Zimbabwe,Potatoes,165333,162228.445,3104.554999999993
Zimbabwe,"Rice, paddy",22951,22332.07,618.9300000000003
Zimbabwe,Sorghum,2577,5065.245,-2488.245
Zimbabwe,Soybeans,16129,20737.875,-4608.875
Zimbabwe,Sweet potatoes,21798,29998.59,-8200.59
Zimbabwe,Wheat,30097,52305.475,-22208.475
Zimbabwe,Cassava,44708,44803.47,-95.47000000000116
Zimbabwe,Maize,4642,13003.9,-8361.9
Zimbabwe,Potatoes,166136,163313.445,2822.554999999993
Zimbabwe,"Rice, paddy",22857,22344.87,512.130000000001
Zimbabwe,Sorghum,3230,4955.28,-1725.2799999999997
Zimbabwe,Soybeans,15000,21093.565,-6093.564999999999
Zimbabwe,Sweet potatoes,21854,33008.98,-11154.980000000003
Zimbabwe,Wheat,30000,52306.11,-22306.11
Zimbabwe,Cassava,45152,44838.89,313.1100000000006
Zimbabwe,Maize,8751,13399.505,-4648.504999999999
Zimbabwe,Potatoes,166825,163440.84,3384.1600000000035
Zimbabwe,"Rice, paddy",22775,22240.685,534.3149999999987
Zimbabwe,Sorghum,2702,5059.85,-2357.8500000000004
Zimbabwe,Soybeans,13557,20092.365,-6535.365000000002
Zimbabwe,Sweet potatoes,21905,22541.17,-636.1699999999983
Zimbabwe,Wheat,27681,52721.325,-25040.324999999997
Zimbabwe,Cassava,45589,44115.345,1473.6549999999988
Zimbabwe,Maize,6568,13094.09,-6526.09
Zimbabwe,Potatoes,167336,162024.76,5311.239999999991
Zimbabwe,"Rice, paddy",22704,22492.325,211.67499999999927
Zimbabwe,Sorghum,2267,5088.865,-2821.865
Zimbabwe,Soybeans,12054,20625.125,-8571.125
Zimbabwe,Sweet potatoes,21953,27929.525,-5976.5250000000015
Zimbabwe,Wheat,26274,52169.65,-25895.65
Zimbabwe,Cassava,47010,44803.47,2206.529999999999
Zimbabwe,Maize,7912,13004.07,-5092.07
Zimbabwe,Potatoes,171875,163313.445,8561.554999999993
Zimbabwe,"Rice, paddy",22581,22344.87,236.13000000000102
Zimbabwe,Sorghum,2046,4955.28,-2909.2799999999997
Zimbabwe,Soybeans,15300,21093.565,-5793.564999999999
Zimbabwe,Sweet potatoes,22222,33008.98,-10786.980000000003
Zimbabwe,Wheat,24420,52306.11,-27886.11
Zimbabwe,Cassava,46000,47631.7,-1631.699999999997
Zimbabwe,Maize,7449,14771.055,-7322.055
Zimbabwe,Potatoes,165714,162816.585,2897.415000000008
Zimbabwe,"Rice, paddy",22581,21520.32,1060.6800000000003
Zimbabwe,Sorghum,3066,5427.83,-2361.83
Zimbabwe,Soybeans,13142,20986.02,-7844.02
Zimbabwe,Sweet potatoes,22222,35615.8,-13393.800000000003
Zimbabwe,Wheat,22888,50573.655,-27685.655
